{
    "description": [
        {
            "excerpt": "Introduction to Computational Thinking and Data Science\n \n",
            "confidence": [
                [
                    0.9697970787032831
                ]
            ],
            "technique": "Supervised classification",
            "originalHeader": "INF549"
        },
        {
            "excerpt": "Introduction to Computational Thinking and Data Science",
            "confidence": [
                1.0
            ],
            "technique": "GitHub API"
        }
    ],
    "longTitle": {
        "excerpt": "INF549",
        "confidence": [
            1.0
        ],
        "technique": "Regular expression"
    },
    "codeRepository": {
        "excerpt": "https://github.com/KnowledgeCaptureAndDiscovery/INF549",
        "confidence": [
            1.0
        ],
        "technique": "GitHub API"
    },
    "owner": {
        "excerpt": "KnowledgeCaptureAndDiscovery",
        "confidence": [
            1.0
        ],
        "technique": "GitHub API"
    },
    "ownerType": {
        "excerpt": "Organization",
        "confidence": [
            1.0
        ],
        "technique": "GitHub API"
    },
    "dateCreated": {
        "excerpt": "2017-09-27T00:12:21Z",
        "confidence": [
            1.0
        ],
        "technique": "GitHub API"
    },
    "dateModified": {
        "excerpt": "2019-02-12T21:14:21Z",
        "confidence": [
            1.0
        ],
        "technique": "GitHub API"
    },
    "name": {
        "excerpt": "INF549",
        "confidence": [
            1.0
        ],
        "technique": "GitHub API"
    },
    "fullName": {
        "excerpt": "KnowledgeCaptureAndDiscovery/INF549",
        "confidence": [
            1.0
        ],
        "technique": "GitHub API"
    },
    "issueTracker": {
        "excerpt": "https://api.github.com/repos/KnowledgeCaptureAndDiscovery/INF549/issues",
        "confidence": [
            1.0
        ],
        "technique": "GitHub API"
    },
    "forksUrl": {
        "excerpt": "https://api.github.com/repos/KnowledgeCaptureAndDiscovery/INF549/forks",
        "confidence": [
            1.0
        ],
        "technique": "GitHub API"
    },
    "downloadUrl": {
        "excerpt": "https://github.com/KnowledgeCaptureAndDiscovery/INF549/releases",
        "confidence": [
            1.0
        ],
        "technique": "GitHub API"
    },
    "stargazersCount": {
        "excerpt": {
            "count": 3,
            "date": "Wed, 18 May 2022 21:10:18 GMT"
        },
        "confidence": [
            1.0
        ],
        "technique": "GitHub API"
    },
    "forksCount": {
        "excerpt": {
            "count": 70,
            "date": "Wed, 18 May 2022 21:10:18 GMT"
        },
        "confidence": [
            1.0
        ],
        "technique": "GitHub API"
    },
    "languages": {
        "excerpt": [
            "Jupyter Notebook"
        ],
        "confidence": [
            1.0
        ],
        "technique": "GitHub API"
    },
    "readmeUrl": {
        "excerpt": "https://raw.githubusercontent.com/KnowledgeCaptureAndDiscovery/INF549/master/README.md",
        "confidence": [
            1.0
        ],
        "technique": "GitHub API"
    },
    "hasExecutableNotebook": {
        "excerpt": [
            "https://raw.githubusercontent.com/KnowledgeCaptureAndDiscovery/INF549/master/Assignment_Visualization/15_Visualizing%20Data%20Using%20Parallel%20Coordinates.ipynb",
            "https://raw.githubusercontent.com/KnowledgeCaptureAndDiscovery/INF549/master/Assignment_Visualization/17_Visualizing%20Data%20with%20a%20Choropleth%20Map.ipynb",
            "https://raw.githubusercontent.com/KnowledgeCaptureAndDiscovery/INF549/master/Assignment_Visualization/16_Visualizing%20Data%20with%20a%20Scatterplot%20Matrix.ipynb",
            "https://raw.githubusercontent.com/KnowledgeCaptureAndDiscovery/INF549/master/Assignment5_ParallelProcessing/9_Parallel%20Processing%20of%20Data%20Using%20MapReduce.ipynb",
            "https://raw.githubusercontent.com/KnowledgeCaptureAndDiscovery/INF549/master/Assignment5_ParallelProcessing/10_Processing%20Datasets%20Independently.ipynb",
            "https://raw.githubusercontent.com/KnowledgeCaptureAndDiscovery/INF549/master/Assignment5_ParallelProcessing/8_Parallel%20Processing%20of%20Data.ipynb",
            "https://raw.githubusercontent.com/KnowledgeCaptureAndDiscovery/INF549/master/Assignment3_MachineLearning/6_Naive%20Bayes%20Classifiers.ipynb",
            "https://raw.githubusercontent.com/KnowledgeCaptureAndDiscovery/INF549/master/Assignment3_MachineLearning/7_Text%20Classification.ipynb",
            "https://raw.githubusercontent.com/KnowledgeCaptureAndDiscovery/INF549/master/Assignment3_MachineLearning/5_Decision%20Tree%20Classifiers.ipynb",
            "https://raw.githubusercontent.com/KnowledgeCaptureAndDiscovery/INF549/master/Assignment2_CaesarCypher_SimpleMath%26Statistics/Learning%20to%20Use%20Notebooks.ipynb",
            "https://raw.githubusercontent.com/KnowledgeCaptureAndDiscovery/INF549/master/Assignment2_CaesarCypher_SimpleMath%26Statistics/4_Reading%20Files%20as%20an%20Input.ipynb",
            "https://raw.githubusercontent.com/KnowledgeCaptureAndDiscovery/INF549/master/Assignment2_CaesarCypher_SimpleMath%26Statistics/2_Summarizing%20Data.ipynb",
            "https://raw.githubusercontent.com/KnowledgeCaptureAndDiscovery/INF549/master/Assignment2_CaesarCypher_SimpleMath%26Statistics/1_Running%20Functions.ipynb",
            "https://raw.githubusercontent.com/KnowledgeCaptureAndDiscovery/INF549/master/Assignment2_CaesarCypher_SimpleMath%26Statistics/3_Visualizing%20Data.ipynb",
            "https://raw.githubusercontent.com/KnowledgeCaptureAndDiscovery/INF549/master/Assignment6_ImageProcessing_SocialNetworkAnalysis/11_Processing%20Images.ipynb",
            "https://raw.githubusercontent.com/KnowledgeCaptureAndDiscovery/INF549/master/Assignment6_ImageProcessing_SocialNetworkAnalysis/14_Analyzing%20Networks.ipynb",
            "https://raw.githubusercontent.com/KnowledgeCaptureAndDiscovery/INF549/master/Assignment6_ImageProcessing_SocialNetworkAnalysis/13_Comparing%20Image%20Processing%20Algorithms.ipynb",
            "https://raw.githubusercontent.com/KnowledgeCaptureAndDiscovery/INF549/master/Assignment6_ImageProcessing_SocialNetworkAnalysis/12_Detecting%20Edges%20in%20an%20Image.ipynb",
            "https://raw.githubusercontent.com/KnowledgeCaptureAndDiscovery/INF549/master/Assignment6_ImageProcessing_SocialNetworkAnalysis/Edge%20Detection.ipynb"
        ],
        "confidence": [
            1.0
        ],
        "technique": "File Exploration",
        "format": "jupyter notebook"
    }
}