{
    "description": [
        {
            "excerpt": "Ontology based APIs",
            "confidence": [
                1.0
            ],
            "technique": "GitHub API"
        }
    ],
    "installation": [
        {
            "excerpt": "1. Clone the repository `git clone https://github.com/KnowledgeCaptureAndDiscovery/OBA.git`\n2. Install it using `mvn package`\n3. The binary is available in the `target` directory\n \n",
            "confidence": [
                [
                    0.9932180579461524
                ]
            ],
            "technique": "Supervised classification",
            "originalHeader": "Building binary",
            "parentHeader": [
                "Ontology-Based APIs (OBA) <a href=\"https://travis-ci.org/KnowledgeCaptureAndDiscovery/OBA\"><img alt=\"Build Status\" src=\"https://travis-ci.org/KnowledgeCaptureAndDiscovery/OBA.svg?branch=master\" /></a>",
                "Quickstart"
            ]
        }
    ],
    "longTitle": {
        "excerpt": "Ontology-Based APIs (OBA) ",
        "confidence": [
            1.0
        ],
        "technique": "Regular expression"
    },
    "identifier": [
        {
            "excerpt": "https://zenodo.org/badge/latestdoi/184804693",
            "confidence": [
                1.0
            ],
            "technique": "Regular expression"
        }
    ],
    "image": [
        {
            "excerpt": "https://raw.githubusercontent.com/KnowledgeCaptureAndDiscovery/OBA/master/docs/figures/oba.svg",
            "confidence": [
                1.0
            ],
            "technique": "Regular expression"
        }
    ],
    "documentation": [
        {
            "excerpt": "https://github.com/KnowledgeCaptureAndDiscovery/OBA/wiki",
            "confidence": [
                1.0
            ],
            "technique": "Regular expression",
            "type": "wiki"
        },
        {
            "excerpt": "https://oba.readthedocs.io/",
            "confidence": [
                1.0
            ],
            "technique": "Regular expression",
            "type": "readthedocs"
        }
    ],
    "download": [
        {
            "originalHeader": "Downloading binary",
            "excerpt": "1. Go the [latest release](https://github.com/KnowledgeCaptureAndDiscovery/OBA/releases/latest)\n2. Download the file with extension .jar\n",
            "parentHeader": [
                "Ontology-Based APIs (OBA) <a href=\"https://travis-ci.org/KnowledgeCaptureAndDiscovery/OBA\"><img alt=\"Build Status\" src=\"https://travis-ci.org/KnowledgeCaptureAndDiscovery/OBA.svg?branch=master\" /></a>",
                "Quickstart"
            ],
            "confidence": [
                1.0
            ],
            "technique": "Header extraction"
        }
    ],
    "run": [
        {
            "originalHeader": "Running",
            "excerpt": "1. Create the OBA config file (config.yaml) from one of the [sample configuration files in the examples folder](examples/modelcatalog/config.yaml)\n2. Use the configuration to run OBA with the following command:\n\n```bash\n$ java -jar oba-*-jar-with-dependencies.jar -c config.yaml\n```\n\nCongratulations! You have generated an Open Api Specification.\n\nFor instructions on using OBA to create your API server, go to the [documentation](https://oba.readthedocs.io/en/latest/)\n",
            "parentHeader": [
                "Ontology-Based APIs (OBA) <a href=\"https://travis-ci.org/KnowledgeCaptureAndDiscovery/OBA\"><img alt=\"Build Status\" src=\"https://travis-ci.org/KnowledgeCaptureAndDiscovery/OBA.svg?branch=master\" /></a>"
            ],
            "confidence": [
                1.0
            ],
            "technique": "Header extraction"
        }
    ],
    "codeRepository": {
        "excerpt": "https://github.com/KnowledgeCaptureAndDiscovery/OBA",
        "confidence": [
            1.0
        ],
        "technique": "GitHub API"
    },
    "owner": {
        "excerpt": "KnowledgeCaptureAndDiscovery",
        "confidence": [
            1.0
        ],
        "technique": "GitHub API"
    },
    "ownerType": {
        "excerpt": "Organization",
        "confidence": [
            1.0
        ],
        "technique": "GitHub API"
    },
    "dateCreated": {
        "excerpt": "2019-05-03T18:46:32Z",
        "confidence": [
            1.0
        ],
        "technique": "GitHub API"
    },
    "dateModified": {
        "excerpt": "2022-04-06T18:09:49Z",
        "confidence": [
            1.0
        ],
        "technique": "GitHub API"
    },
    "license": {
        "excerpt": {
            "name": "Apache License 2.0",
            "url": "https://api.github.com/licenses/apache-2.0"
        },
        "confidence": [
            1.0
        ],
        "technique": "GitHub API"
    },
    "name": {
        "excerpt": "OBA",
        "confidence": [
            1.0
        ],
        "technique": "GitHub API"
    },
    "fullName": {
        "excerpt": "KnowledgeCaptureAndDiscovery/OBA",
        "confidence": [
            1.0
        ],
        "technique": "GitHub API"
    },
    "issueTracker": {
        "excerpt": "https://api.github.com/repos/KnowledgeCaptureAndDiscovery/OBA/issues",
        "confidence": [
            1.0
        ],
        "technique": "GitHub API"
    },
    "forksUrl": {
        "excerpt": "https://api.github.com/repos/KnowledgeCaptureAndDiscovery/OBA/forks",
        "confidence": [
            1.0
        ],
        "technique": "GitHub API"
    },
    "downloadUrl": {
        "excerpt": "https://github.com/KnowledgeCaptureAndDiscovery/OBA/releases",
        "confidence": [
            1.0
        ],
        "technique": "GitHub API"
    },
    "stargazersCount": {
        "excerpt": {
            "count": 20,
            "date": "Wed, 18 May 2022 21:14:39 GMT"
        },
        "confidence": [
            1.0
        ],
        "technique": "GitHub API"
    },
    "forksCount": {
        "excerpt": {
            "count": 7,
            "date": "Wed, 18 May 2022 21:14:39 GMT"
        },
        "confidence": [
            1.0
        ],
        "technique": "GitHub API"
    },
    "languages": {
        "excerpt": [
            "HTML",
            "Java",
            "Mustache",
            "Python",
            "Shell"
        ],
        "confidence": [
            1.0
        ],
        "technique": "GitHub API"
    },
    "licenseText": {
        "excerpt": "b'                                 Apache License\\n                           Version 2.0, January 2004\\n                        http://www.apache.org/licenses/\\n\\n   TERMS AND CONDITIONS FOR USE, REPRODUCTION, AND DISTRIBUTION\\n\\n   1. Definitions.\\n\\n      \"License\" shall mean the terms and conditions for use, reproduction,\\n      and distribution as defined by Sections 1 through 9 of this document.\\n\\n      \"Licensor\" shall mean the copyright owner or entity authorized by\\n      the copyright owner that is granting the License.\\n\\n      \"Legal Entity\" shall mean the union of the acting entity and all\\n      other entities that control, are controlled by, or are under common\\n      control with that entity. For the purposes of this definition,\\n      \"control\" means (i) the power, direct or indirect, to cause the\\n      direction or management of such entity, whether by contract or\\n      otherwise, or (ii) ownership of fifty percent (50%) or more of the\\n      outstanding shares, or (iii) beneficial ownership of such entity.\\n\\n      \"You\" (or \"Your\") shall mean an individual or Legal Entity\\n      exercising permissions granted by this License.\\n\\n      \"Source\" form shall mean the preferred form for making modifications,\\n      including but not limited to software source code, documentation\\n      source, and configuration files.\\n\\n      \"Object\" form shall mean any form resulting from mechanical\\n      transformation or translation of a Source form, including but\\n      not limited to compiled object code, generated documentation,\\n      and conversions to other media types.\\n\\n      \"Work\" shall mean the work of authorship, whether in Source or\\n      Object form, made available under the License, as indicated by a\\n      copyright notice that is included in or attached to the work\\n      (an example is provided in the Appendix below).\\n\\n      \"Derivative Works\" shall mean any work, whether in Source or Object\\n      form, that is based on (or derived from) the Work and for which the\\n      editorial revisions, annotations, elaborations, or other modifications\\n      represent, as a whole, an original work of authorship. For the purposes\\n      of this License, Derivative Works shall not include works that remain\\n      separable from, or merely link (or bind by name) to the interfaces of,\\n      the Work and Derivative Works thereof.\\n\\n      \"Contribution\" shall mean any work of authorship, including\\n      the original version of the Work and any modifications or additions\\n      to that Work or Derivative Works thereof, that is intentionally\\n      submitted to Licensor for inclusion in the Work by the copyright owner\\n      or by an individual or Legal Entity authorized to submit on behalf of\\n      the copyright owner. For the purposes of this definition, \"submitted\"\\n      means any form of electronic, verbal, or written communication sent\\n      to the Licensor or its representatives, including but not limited to\\n      communication on electronic mailing lists, source code control systems,\\n      and issue tracking systems that are managed by, or on behalf of, the\\n      Licensor for the purpose of discussing and improving the Work, but\\n      excluding communication that is conspicuously marked or otherwise\\n      designated in writing by the copyright owner as \"Not a Contribution.\"\\n\\n      \"Contributor\" shall mean Licensor and any individual or Legal Entity\\n      on behalf of whom a Contribution has been received by Licensor and\\n      subsequently incorporated within the Work.\\n\\n   2. Grant of Copyright License. Subject to the terms and conditions of\\n      this License, each Contributor hereby grants to You a perpetual,\\n      worldwide, non-exclusive, no-charge, royalty-free, irrevocable\\n      copyright license to reproduce, prepare Derivative Works of,\\n      publicly display, publicly perform, sublicense, and distribute the\\n      Work and such Derivative Works in Source or Object form.\\n\\n   3. Grant of Patent License. Subject to the terms and conditions of\\n      this License, each Contributor hereby grants to You a perpetual,\\n      worldwide, non-exclusive, no-charge, royalty-free, irrevocable\\n      (except as stated in this section) patent license to make, have made,\\n      use, offer to sell, sell, import, and otherwise transfer the Work,\\n      where such license applies only to those patent claims licensable\\n      by such Contributor that are necessarily infringed by their\\n      Contribution(s) alone or by combination of their Contribution(s)\\n      with the Work to which such Contribution(s) was submitted. If You\\n      institute patent litigation against any entity (including a\\n      cross-claim or counterclaim in a lawsuit) alleging that the Work\\n      or a Contribution incorporated within the Work constitutes direct\\n      or contributory patent infringement, then any patent licenses\\n      granted to You under this License for that Work shall terminate\\n      as of the date such litigation is filed.\\n\\n   4. Redistribution. You may reproduce and distribute copies of the\\n      Work or Derivative Works thereof in any medium, with or without\\n      modifications, and in Source or Object form, provided that You\\n      meet the following conditions:\\n\\n      (a) You must give any other recipients of the Work or\\n          Derivative Works a copy of this License; and\\n\\n      (b) You must cause any modified files to carry prominent notices\\n          stating that You changed the files; and\\n\\n      (c) You must retain, in the Source form of any Derivative Works\\n          that You distribute, all copyright, patent, trademark, and\\n          attribution notices from the Source form of the Work,\\n          excluding those notices that do not pertain to any part of\\n          the Derivative Works; and\\n\\n      (d) If the Work includes a \"NOTICE\" text file as part of its\\n          distribution, then any Derivative Works that You distribute must\\n          include a readable copy of the attribution notices contained\\n          within such NOTICE file, excluding those notices that do not\\n          pertain to any part of the Derivative Works, in at least one\\n          of the following places: within a NOTICE text file distributed\\n          as part of the Derivative Works; within the Source form or\\n          documentation, if provided along with the Derivative Works; or,\\n          within a display generated by the Derivative Works, if and\\n          wherever such third-party notices normally appear. The contents\\n          of the NOTICE file are for informational purposes only and\\n          do not modify the License. You may add Your own attribution\\n          notices within Derivative Works that You distribute, alongside\\n          or as an addendum to the NOTICE text from the Work, provided\\n          that such additional attribution notices cannot be construed\\n          as modifying the License.\\n\\n      You may add Your own copyright statement to Your modifications and\\n      may provide additional or different license terms and conditions\\n      for use, reproduction, or distribution of Your modifications, or\\n      for any such Derivative Works as a whole, provided Your use,\\n      reproduction, and distribution of the Work otherwise complies with\\n      the conditions stated in this License.\\n\\n   5. Submission of Contributions. Unless You explicitly state otherwise,\\n      any Contribution intentionally submitted for inclusion in the Work\\n      by You to the Licensor shall be under the terms and conditions of\\n      this License, without any additional terms or conditions.\\n      Notwithstanding the above, nothing herein shall supersede or modify\\n      the terms of any separate license agreement you may have executed\\n      with Licensor regarding such Contributions.\\n\\n   6. Trademarks. This License does not grant permission to use the trade\\n      names, trademarks, service marks, or product names of the Licensor,\\n      except as required for reasonable and customary use in describing the\\n      origin of the Work and reproducing the content of the NOTICE file.\\n\\n   7. Disclaimer of Warranty. Unless required by applicable law or\\n      agreed to in writing, Licensor provides the Work (and each\\n      Contributor provides its Contributions) on an \"AS IS\" BASIS,\\n      WITHOUT WARRANTIES OR CONDITIONS OF ANY KIND, either express or\\n      implied, including, without limitation, any warranties or conditions\\n      of TITLE, NON-INFRINGEMENT, MERCHANTABILITY, or FITNESS FOR A\\n      PARTICULAR PURPOSE. You are solely responsible for determining the\\n      appropriateness of using or redistributing the Work and assume any\\n      risks associated with Your exercise of permissions under this License.\\n\\n   8. Limitation of Liability. In no event and under no legal theory,\\n      whether in tort (including negligence), contract, or otherwise,\\n      unless required by applicable law (such as deliberate and grossly\\n      negligent acts) or agreed to in writing, shall any Contributor be\\n      liable to You for damages, including any direct, indirect, special,\\n      incidental, or consequential damages of any character arising as a\\n      result of this License or out of the use or inability to use the\\n      Work (including but not limited to damages for loss of goodwill,\\n      work stoppage, computer failure or malfunction, or any and all\\n      other commercial damages or losses), even if such Contributor\\n      has been advised of the possibility of such damages.\\n\\n   9. Accepting Warranty or Additional Liability. While redistributing\\n      the Work or Derivative Works thereof, You may choose to offer,\\n      and charge a fee for, acceptance of support, warranty, indemnity,\\n      or other liability obligations and/or rights consistent with this\\n      License. However, in accepting such obligations, You may act only\\n      on Your own behalf and on Your sole responsibility, not on behalf\\n      of any other Contributor, and only if You agree to indemnify,\\n      defend, and hold each Contributor harmless for any liability\\n      incurred by, or claims asserted against, such Contributor by reason\\n      of your accepting any such warranty or additional liability.\\n\\n   END OF TERMS AND CONDITIONS\\n\\n   APPENDIX: How to apply the Apache License to your work.\\n\\n      To apply the Apache License to your work, attach the following\\n      boilerplate notice, with the fields enclosed by brackets \"[]\"\\n      replaced with your own identifying information. (Don\\'t include\\n      the brackets!)  The text should be enclosed in the appropriate\\n      comment syntax for the file format. We also recommend that a\\n      file or class name and description of purpose be included on the\\n      same \"printed page\" as the copyright notice for easier\\n      identification within third-party archives.\\n\\n   Copyright [yyyy] [name of copyright owner]\\n\\n   Licensed under the Apache License, Version 2.0 (the \"License\");\\n   you may not use this file except in compliance with the License.\\n   You may obtain a copy of the License at\\n\\n       http://www.apache.org/licenses/LICENSE-2.0\\n\\n   Unless required by applicable law or agreed to in writing, software\\n   distributed under the License is distributed on an \"AS IS\" BASIS,\\n   WITHOUT WARRANTIES OR CONDITIONS OF ANY KIND, either express or implied.\\n   See the License for the specific language governing permissions and\\n   limitations under the License.\\n'",
        "confidence": [
            1.0
        ],
        "technique": "File Exploration"
    },
    "readmeUrl": {
        "excerpt": "https://raw.githubusercontent.com/KnowledgeCaptureAndDiscovery/OBA/master/README.md",
        "confidence": [
            1.0
        ],
        "technique": "GitHub API"
    },
    "hasDocumentation": {
        "excerpt": [
            "https://github.com/KnowledgeCaptureAndDiscovery/OBA/tree/master/docs"
        ],
        "confidence": [
            1.0
        ],
        "technique": "File Exploration"
    },
    "hasScriptFile": {
        "excerpt": [
            "https://raw.githubusercontent.com/KnowledgeCaptureAndDiscovery/OBA/master/.ci/business.sh",
            "https://raw.githubusercontent.com/KnowledgeCaptureAndDiscovery/OBA/master/.ci/dbpedia_music.sh",
            "https://raw.githubusercontent.com/KnowledgeCaptureAndDiscovery/OBA/master/src/main/resources/servers/python/generate-server.sh"
        ],
        "confidence": [
            1.0
        ],
        "technique": "File Exploration"
    },
    "ontologies": {
        "excerpt": [
            {
                "uri": "https://businessontology.com/ontology#",
                "file_url": "https://raw.githubusercontent.com/KnowledgeCaptureAndDiscovery/OBA/master/examples/business/ontology_hash.xml"
            },
            {
                "uri": "https://businessontology.com/ontology",
                "file_url": "https://raw.githubusercontent.com/KnowledgeCaptureAndDiscovery/OBA/master/examples/business/ontology.xml"
            },
            {
                "uri": "https://businessontology.com/ontology/",
                "file_url": "https://raw.githubusercontent.com/KnowledgeCaptureAndDiscovery/OBA/master/examples/business/ontology_slash.xml"
            },
            {
                "uri": "https://w3id.org/okn/o/sd",
                "file_url": "https://raw.githubusercontent.com/KnowledgeCaptureAndDiscovery/OBA/master/examples/testConfig/sd-reduced.ttl"
            },
            {
                "uri": "http://vocab.ciudadesabiertas.es/def/comercio/tejido-comercial",
                "file_url": "https://raw.githubusercontent.com/KnowledgeCaptureAndDiscovery/OBA/master/examples/testConfig/ontology.ttl"
            },
            {
                "uri": "https://w3id.org/example",
                "file_url": "https://raw.githubusercontent.com/KnowledgeCaptureAndDiscovery/OBA/master/examples/restrictions/example.owl"
            },
            {
                "uri": "https://w3id.org/okn/o/sd",
                "file_url": "https://raw.githubusercontent.com/KnowledgeCaptureAndDiscovery/OBA/master/examples/software/sd-reduced.ttl"
            },
            {
                "uri": "https://w3id.org/okn/o/sd",
                "file_url": "https://raw.githubusercontent.com/KnowledgeCaptureAndDiscovery/OBA/master/examples/example%20with%20spaces/sd-reduced.ttl"
            },
            {
                "uri": "https://w3id.org/okn/o/sdm",
                "file_url": "https://raw.githubusercontent.com/KnowledgeCaptureAndDiscovery/OBA/master/examples/example%20with%20spaces/sdm-reduced.ttl"
            },
            {
                "uri": "http://www.opmw.org/ontology/",
                "file_url": "https://raw.githubusercontent.com/KnowledgeCaptureAndDiscovery/OBA/master/examples/opmw/opmw.owl"
            },
            {
                "uri": "https://w3id.org/okn/o/sd",
                "file_url": "https://raw.githubusercontent.com/KnowledgeCaptureAndDiscovery/OBA/master/examples/modelcatalog/sd-reduced.ttl"
            },
            {
                "uri": "https://w3id.org/okn/o/sdm",
                "file_url": "https://raw.githubusercontent.com/KnowledgeCaptureAndDiscovery/OBA/master/examples/modelcatalog/sdm-reduced.ttl"
            },
            {
                "uri": "http://purl.org/net/VideoGameOntology",
                "file_url": "https://raw.githubusercontent.com/KnowledgeCaptureAndDiscovery/OBA/master/examples/games/vgo.owl"
            },
            {
                "uri": "http://dbpedia.org/ontology/",
                "file_url": "https://raw.githubusercontent.com/KnowledgeCaptureAndDiscovery/OBA/master/examples/dbpedia/ontology.xml"
            },
            {
                "uri": "https://w3id.org/okn/o/sdm",
                "file_url": "https://raw.githubusercontent.com/KnowledgeCaptureAndDiscovery/OBA/master/src/test/resources/modelCat.ttl"
            },
            {
                "uri": "https://example.org/missing-import",
                "file_url": "https://raw.githubusercontent.com/KnowledgeCaptureAndDiscovery/OBA/master/src/test/resources/only_classes/o.ttl"
            },
            {
                "uri": "https://businessontology.com/ontology",
                "file_url": "https://raw.githubusercontent.com/KnowledgeCaptureAndDiscovery/OBA/master/src/test/resources/complex_expr/ontology.owl"
            },
            {
                "uri": "https://example.org/missing-import",
                "file_url": "https://raw.githubusercontent.com/KnowledgeCaptureAndDiscovery/OBA/master/src/test/resources/missing_import/missing_import.ttl"
            }
        ],
        "confidence": [
            1.0
        ],
        "technique": "File Exploration"
    },
    "releases": {
        "excerpt": [
            {
                "tagName": "3.6.0",
                "name": "OBA 3.6.0: Fixes in complex expressions",
                "authorName": "dgarijo",
                "authorType": "User",
                "body": "This version of OBA addresses:\r\n- Erratic behavior when running OBA in complex expressions\r\n- Fix schemas not appearing when complex expressions are in place.\r\n- If classes are filtered but appear in the class restrictions, the corresponding schemas will be added",
                "tarballUrl": "https://api.github.com/repos/KnowledgeCaptureAndDiscovery/OBA/tarball/3.6.0",
                "zipballUrl": "https://api.github.com/repos/KnowledgeCaptureAndDiscovery/OBA/zipball/3.6.0",
                "htmlUrl": "https://github.com/KnowledgeCaptureAndDiscovery/OBA/releases/tag/3.6.0",
                "url": "https://api.github.com/repos/KnowledgeCaptureAndDiscovery/OBA/releases/38254589",
                "dateCreated": "2021-02-18T20:21:58Z",
                "datePublished": "2021-02-18T20:43:35Z"
            },
            {
                "tagName": "3.5.1",
                "name": "Release 3.5.1",
                "authorName": "mosoriob",
                "authorType": "User",
                "body": "- fix: remove '_' from the class_name  [`#135`](https://github.com/KnowledgeCaptureAndDiscovery/OBA/pull/135)\r\n- fix: remove '_' from the class_name  (#135) [`#134`](https://github.com/KnowledgeCaptureAndDiscovery/OBA/issues/134)\r\n- added business ontolgy example [`d7292ec`](https://github.com/KnowledgeCaptureAndDiscovery/OBA/commit/d7292ec185fe0f91d8544dfb359fb8d3464bfdf3)\r\n- add changelog and remove github workflows [`5f1cee7`](https://github.com/KnowledgeCaptureAndDiscovery/OBA/commit/5f1cee75ba48f46c2e2c9af12177d53997a875dd)",
                "tarballUrl": "https://api.github.com/repos/KnowledgeCaptureAndDiscovery/OBA/tarball/3.5.1",
                "zipballUrl": "https://api.github.com/repos/KnowledgeCaptureAndDiscovery/OBA/zipball/3.5.1",
                "htmlUrl": "https://github.com/KnowledgeCaptureAndDiscovery/OBA/releases/tag/3.5.1",
                "url": "https://api.github.com/repos/KnowledgeCaptureAndDiscovery/OBA/releases/32469928",
                "dateCreated": "2020-10-12T20:08:00Z",
                "datePublished": "2020-10-12T20:08:07Z"
            },
            {
                "tagName": "3.5.0",
                "name": "3.5.0",
                "authorName": "mosoriob",
                "authorType": "User",
                "body": "\r\n[Full Changelog](https://github.com/KnowledgeCaptureAndDiscovery/OBA/compare/3.4.0...3.5.0)\r\n\r\n**Merged pull requests:**\r\n\r\n- Improve deploy server and test dbpedia music [\\#131](https://github.com/KnowledgeCaptureAndDiscovery/OBA/pull/131) ([mosoriob](https://github.com/mosoriob))\r\n- Create maven-publish.yml [\\#130](https://github.com/KnowledgeCaptureAndDiscovery/OBA/pull/130) ([mosoriob](https://github.com/mosoriob))\r\n",
                "tarballUrl": "https://api.github.com/repos/KnowledgeCaptureAndDiscovery/OBA/tarball/3.5.0",
                "zipballUrl": "https://api.github.com/repos/KnowledgeCaptureAndDiscovery/OBA/zipball/3.5.0",
                "htmlUrl": "https://github.com/KnowledgeCaptureAndDiscovery/OBA/releases/tag/3.5.0",
                "url": "https://api.github.com/repos/KnowledgeCaptureAndDiscovery/OBA/releases/31780524",
                "dateCreated": "2020-09-24T19:03:54Z",
                "datePublished": "2020-09-24T19:09:46Z"
            },
            {
                "tagName": "3.4.0",
                "authorName": "mosoriob",
                "authorType": "User",
                "tarballUrl": "https://api.github.com/repos/KnowledgeCaptureAndDiscovery/OBA/tarball/3.4.0",
                "zipballUrl": "https://api.github.com/repos/KnowledgeCaptureAndDiscovery/OBA/zipball/3.4.0",
                "htmlUrl": "https://github.com/KnowledgeCaptureAndDiscovery/OBA/releases/tag/3.4.0",
                "url": "https://api.github.com/repos/KnowledgeCaptureAndDiscovery/OBA/releases/28644587",
                "dateCreated": "2020-07-16T17:56:23Z",
                "datePublished": "2020-07-16T18:00:03Z"
            },
            {
                "tagName": "3.3.0",
                "name": "Release 3.3.0",
                "authorName": "mosoriob",
                "authorType": "User",
                "body": "* fix: add classes context file  (#116) (3dabeba)\n* Merge branch 'master' of github.com:KnowledgeCaptureAndDiscovery/OBA (ba95d18)\n* fix: generate simple examples (3211290)\n* Update config.yaml (92f62c8)\n* Merge pull request #113 from paoespinozarias/master (4ba052a)\n* Support for functional properties (cafd43d)\n* fix: add cache system (1a5541f)\n* fix: updating model catalog example (91c01dd)\n* fix: use post to login (#112) (301461d)",
                "tarballUrl": "https://api.github.com/repos/KnowledgeCaptureAndDiscovery/OBA/tarball/3.3.0",
                "zipballUrl": "https://api.github.com/repos/KnowledgeCaptureAndDiscovery/OBA/zipball/3.3.0",
                "htmlUrl": "https://github.com/KnowledgeCaptureAndDiscovery/OBA/releases/tag/3.3.0",
                "url": "https://api.github.com/repos/KnowledgeCaptureAndDiscovery/OBA/releases/28176247",
                "dateCreated": "2020-07-02T20:52:41Z",
                "datePublished": "2020-07-02T20:52:47Z"
            },
            {
                "tagName": "3.2.1",
                "name": "Release 3.2.1",
                "authorName": "mosoriob",
                "authorType": "User",
                "body": "* update obasparql==3.3.1 (22cf7cb)\r\n* fix: improve generation of test\r\n* fix: remove unused dependency (9732b21)\r\n* feat(docs): add testing (b64a821)",
                "tarballUrl": "https://api.github.com/repos/KnowledgeCaptureAndDiscovery/OBA/tarball/3.2.1",
                "zipballUrl": "https://api.github.com/repos/KnowledgeCaptureAndDiscovery/OBA/zipball/3.2.1",
                "htmlUrl": "https://github.com/KnowledgeCaptureAndDiscovery/OBA/releases/tag/3.2.1",
                "url": "https://api.github.com/repos/KnowledgeCaptureAndDiscovery/OBA/releases/26881585",
                "dateCreated": "2020-05-26T03:06:22Z",
                "datePublished": "2020-05-26T03:06:28Z"
            },
            {
                "tagName": "3.2.0",
                "name": "Release 3.2.0",
                "authorName": "dgarijo",
                "authorType": "User",
                "body": "This release of OBA includes:\r\n* Additional example configuration ontologies\r\n* Updated documentation in the OAS\r\n* Content negotiation in the ontology",
                "tarballUrl": "https://api.github.com/repos/KnowledgeCaptureAndDiscovery/OBA/tarball/3.2.0",
                "zipballUrl": "https://api.github.com/repos/KnowledgeCaptureAndDiscovery/OBA/zipball/3.2.0",
                "htmlUrl": "https://github.com/KnowledgeCaptureAndDiscovery/OBA/releases/tag/3.2.0",
                "url": "https://api.github.com/repos/KnowledgeCaptureAndDiscovery/OBA/releases/26787630",
                "dateCreated": "2020-05-19T02:31:07Z",
                "datePublished": "2020-05-22T06:35:23Z"
            },
            {
                "tagName": "3.1.0",
                "name": "Release 3.1.0",
                "authorName": "mosoriob",
                "authorType": "User",
                "body": "* fix: delete trash files (5332522)\n* fix: handling empty dbpedia class (c976dd3)\n* fix:  Trailing slash in configuration #84 (416c618)\n* fix: use fork SPARQLWrapper (a782bf8)\n* fix: wings example - missing version (9e21543)\n* fix: model catalog example (a204ecf)",
                "tarballUrl": "https://api.github.com/repos/KnowledgeCaptureAndDiscovery/OBA/tarball/3.1.0",
                "zipballUrl": "https://api.github.com/repos/KnowledgeCaptureAndDiscovery/OBA/zipball/3.1.0",
                "htmlUrl": "https://github.com/KnowledgeCaptureAndDiscovery/OBA/releases/tag/3.1.0",
                "url": "https://api.github.com/repos/KnowledgeCaptureAndDiscovery/OBA/releases/25941713",
                "dateCreated": "2020-04-27T22:48:07Z",
                "datePublished": "2020-04-27T22:48:16Z"
            },
            {
                "tagName": "3.0.0",
                "name": "Release 3.0.0",
                "authorName": "mosoriob",
                "authorType": "User",
                "body": "* Merge branch 'master' of github.com:KnowledgeCaptureAndDiscovery/OBA (a763f43)\n* fix: improve python formatter (d151663)\n* add wings example: (#81) (0522c26)\n* Merge branch 'master' of github.com:KnowledgeCaptureAndDiscovery/OBA (520b062)\n* fix: enable pagination (210cd7a)\n* Update README.md (b8eab01)\n* fix: cleaning static files (a44f735)",
                "tarballUrl": "https://api.github.com/repos/KnowledgeCaptureAndDiscovery/OBA/tarball/3.0.0",
                "zipballUrl": "https://api.github.com/repos/KnowledgeCaptureAndDiscovery/OBA/zipball/3.0.0",
                "htmlUrl": "https://github.com/KnowledgeCaptureAndDiscovery/OBA/releases/tag/3.0.0",
                "url": "https://api.github.com/repos/KnowledgeCaptureAndDiscovery/OBA/releases/25864689",
                "dateCreated": "2020-04-24T19:40:47Z",
                "datePublished": "2020-04-24T19:40:53Z"
            },
            {
                "tagName": "2.5.0",
                "name": "Release 2.5.0",
                "authorName": "mosoriob",
                "authorType": "User",
                "body": "* add: pagination (#77) (e3894a8)\r\n* fix: improve custom query docs (6a55f6b)\r\n* fix: improve json (5c0aa02)",
                "tarballUrl": "https://api.github.com/repos/KnowledgeCaptureAndDiscovery/OBA/tarball/2.5.0",
                "zipballUrl": "https://api.github.com/repos/KnowledgeCaptureAndDiscovery/OBA/zipball/2.5.0",
                "htmlUrl": "https://github.com/KnowledgeCaptureAndDiscovery/OBA/releases/tag/2.5.0",
                "url": "https://api.github.com/repos/KnowledgeCaptureAndDiscovery/OBA/releases/25790648",
                "dateCreated": "2020-04-23T00:43:28Z",
                "datePublished": "2020-04-23T00:43:34Z"
            },
            {
                "tagName": "2.4.0",
                "name": "Release 2.4.0",
                "authorName": "mosoriob",
                "authorType": "User",
                "body": "* Release 2.4.0 (8b03649)\n* Merge branch 'model_catalog_v1.5.0' (a2f06e2)\n* fix: add docs about filtering (c74546a)\n* Fix: multiple changes (#74) (6fe6357)\n* add: owl2jsonld jar (55b3b46)\n* fix: test resources (c9b63be)\n* fix: test resources (c019b54)\n* fix: testresources (e00d8ee)\n* feat(context):  generate the context file automatically (f4a6b3f)\n* fix: delete unnecesary gitignore (606ef73)\n* fix: Error post (d26c212)\n* Update: config.yaml (2fcb88d)\n* fix: update queries (6656de6)\n* Fix: recursive save (cb0a4c4)\n* fix: example model catalog (3d9ca39)\n* safe point (b6e4b46)\n* fix: allow dont use username (8548e56)\n* fix: some logging issues (27e75c1)\n* add logging config (9793324)\n* add: servers resource (3bdb9d3)\n* fix: logging (767c68e)\n* fix: configuration filter classes (9b6ea84)\n* fix: unittest test (e581a72)\n* adding new configurations files (e5a62da)\n* refactoring: queries (d905850)\n* fix: remove user parameter if auth is not enabled (9a01f91)\n* add: improve auth usability (88ec328)\n* add: follow references (8fee6c6)\n* Merge branch 'master' of github.com:KnowledgeCaptureAndDiscovery/OBA (0e79968)\n* add: follow properties range (28508ca)\n* add: filter by class (afbe890)\n* Finished pass to documentation (b6e3445)\n* Half of the documentation revisited (40800f5)\n* Update index.md (e24ffa5)\n* fix: close #50 (c32fbe5)\n* fix: add custom queries directory (edcadb5)\n* fix: #48 commit 4d812e4c854ce9c12df68a378199d7cec755fe69 Author: Maximiliano Osorio <maxiosorio@gmail.com> Date:   Mon Mar 9 22:50:13 2020 -0700 (5f51ba2)\n* logging (fbe869c)\n* Merge branch 'develop' (401df44)\n* Squashed commit of the following: (4a44bb0)\n* add example configurations (37917aa)\n* add: custom query docs closes #28 (2281234)\n* fix: configuration exception (81bcc50)\n* fix: external docs (a075332)\n* fix: add Requirements (c0f8ad2)\n* fix: config name (c87826f)\n* fix: readme (0bb1fb8)\n* modify config example (78ed74d)",
                "tarballUrl": "https://api.github.com/repos/KnowledgeCaptureAndDiscovery/OBA/tarball/2.4.0",
                "zipballUrl": "https://api.github.com/repos/KnowledgeCaptureAndDiscovery/OBA/zipball/2.4.0",
                "htmlUrl": "https://github.com/KnowledgeCaptureAndDiscovery/OBA/releases/tag/2.4.0",
                "url": "https://api.github.com/repos/KnowledgeCaptureAndDiscovery/OBA/releases/25544608",
                "dateCreated": "2020-04-15T19:41:53Z",
                "datePublished": "2020-04-15T19:42:01Z"
            },
            {
                "tagName": "2.3.1",
                "name": "Release 2.3.1",
                "authorName": "mosoriob",
                "authorType": "User",
                "body": "* add resources zip (0bea5fa)",
                "tarballUrl": "https://api.github.com/repos/KnowledgeCaptureAndDiscovery/OBA/tarball/2.3.1",
                "zipballUrl": "https://api.github.com/repos/KnowledgeCaptureAndDiscovery/OBA/zipball/2.3.1",
                "htmlUrl": "https://github.com/KnowledgeCaptureAndDiscovery/OBA/releases/tag/2.3.1",
                "url": "https://api.github.com/repos/KnowledgeCaptureAndDiscovery/OBA/releases/24146631",
                "dateCreated": "2020-03-02T21:00:13Z",
                "datePublished": "2020-03-02T21:00:35Z"
            },
            {
                "tagName": "2.3.0",
                "name": "Release 2.3.0",
                "authorName": "mosoriob",
                "authorType": "User",
                "body": "* add: jose packages (59fea14)\n* Merge branch 'develop' (ecc4662)\n* Merge branch 'master' of github.com:KnowledgeCaptureAndDiscovery/OBA (7be0625)\n* add running servers (058ff76)\n* more documentation (4194170)\n* add validatos packages to python (a729e41)\n* improve configuration (ac0aed7)\n* add cache (d96e0ea)\n* Update README.md (88ae1c4)\n* add: owl2json url (067dcdc)\n* add: owl2json url (b36fe57)\n* Merge branch 'develop' (857d4c1)\n* fix: improve docs (097f3fe)\n* fix: generic generate server (981231d)\n* Fix: wrong ranges of object properties (#34) (260da20)",
                "tarballUrl": "https://api.github.com/repos/KnowledgeCaptureAndDiscovery/OBA/tarball/2.3.0",
                "zipballUrl": "https://api.github.com/repos/KnowledgeCaptureAndDiscovery/OBA/zipball/2.3.0",
                "htmlUrl": "https://github.com/KnowledgeCaptureAndDiscovery/OBA/releases/tag/2.3.0",
                "url": "https://api.github.com/repos/KnowledgeCaptureAndDiscovery/OBA/releases/24146447",
                "dateCreated": "2020-03-02T20:54:42Z",
                "datePublished": "2020-03-02T20:54:56Z"
            },
            {
                "tagName": "2.2.0",
                "name": "Release 2.2.0",
                "authorName": "mosoriob",
                "authorType": "User",
                "body": "* release 2.2.0 (bb103c9)\r\n* reorder files (18bc703)\r\n* Merge branch 'feature#11' (2f8dcfe)\r\n* reorder resources (5a54ce7)\r\n* fix: return a list of object (27ee944)\r\n* fix: schema generation (a2670df)\r\n* fix: documentation (869487b)",
                "tarballUrl": "https://api.github.com/repos/KnowledgeCaptureAndDiscovery/OBA/tarball/2.2.0",
                "zipballUrl": "https://api.github.com/repos/KnowledgeCaptureAndDiscovery/OBA/zipball/2.2.0",
                "htmlUrl": "https://github.com/KnowledgeCaptureAndDiscovery/OBA/releases/tag/2.2.0",
                "url": "https://api.github.com/repos/KnowledgeCaptureAndDiscovery/OBA/releases/23945375",
                "dateCreated": "2020-02-24T21:58:49Z",
                "datePublished": "2020-02-24T21:58:54Z"
            },
            {
                "tagName": "2.1.0",
                "name": "Release 2.1.0",
                "authorName": "mosoriob",
                "authorType": "User",
                "body": "* Configuration: OpenAPI improve (#30) (0107986)\n* Add resources directory (#29) (ec2d8aa)\n* Merge branch 'master' of https://github.com/KnowledgeCaptureAndDiscovery/OBA (011131c)\n* oba sync request utils python (72b82f5)\n* improve documentation (9b56fbc)\n* Update README.md (849892e)\n* a configuration supported options (7626321)\n* fix: add features (3e47ffa)\n* fix: mkdocs (a247b7d)\n* add: material template (e8f53ed)\n* oba docs (af4b3fd)\n* model catalog 1.3 (503b114)",
                "tarballUrl": "https://api.github.com/repos/KnowledgeCaptureAndDiscovery/OBA/tarball/2.1.0",
                "zipballUrl": "https://api.github.com/repos/KnowledgeCaptureAndDiscovery/OBA/zipball/2.1.0",
                "htmlUrl": "https://github.com/KnowledgeCaptureAndDiscovery/OBA/releases/tag/2.1.0",
                "url": "https://api.github.com/repos/KnowledgeCaptureAndDiscovery/OBA/releases/23746097",
                "dateCreated": "2020-02-17T20:34:45Z",
                "datePublished": "2020-02-17T20:34:55Z"
            },
            {
                "tagName": "2.0.0",
                "name": "Release 2.0.0",
                "authorName": "mosoriob",
                "authorType": "User",
                "body": "* fix: handle range using unionof (6f4098e)\n* add: python request (3a0f1c6)\n* fix: add custom queries (74392b5)\n* add: custom query (9c04441)\n* create config example (0b67edc)\n* fix: deleting relations (5fd52f7)\n* fix: some numbers must be integers (ba57a3e)\n* fix: DataProperty must use Schema() not ObjectSchema https://github.com/mintproject/model-catalog-api/issues/61 (0d1725e)\n* fix: separate MapperProperty by Object and Data (#21) (9d12f55)\n* fix: improve quality code (e0b6adf)\n* feat(docs): improve documentation and configuration (#20) (0eb9b6c)\n* fix: add rdfs and sd prefix (904b7d4)\n* fix: update the ontology (641aa43)\n* fix: remove owl2jsonld version (867e2c1)",
                "tarballUrl": "https://api.github.com/repos/KnowledgeCaptureAndDiscovery/OBA/tarball/2.0.0",
                "zipballUrl": "https://api.github.com/repos/KnowledgeCaptureAndDiscovery/OBA/zipball/2.0.0",
                "htmlUrl": "https://github.com/KnowledgeCaptureAndDiscovery/OBA/releases/tag/2.0.0",
                "url": "https://api.github.com/repos/KnowledgeCaptureAndDiscovery/OBA/releases/22219663",
                "dateCreated": "2019-12-13T19:14:59Z",
                "datePublished": "2019-12-13T19:15:07Z"
            },
            {
                "tagName": "1.0.4",
                "name": "Release 1.0.4",
                "authorName": "mosoriob",
                "authorType": "User",
                "body": "* Merge branch 'master' of https://github.com/KnowledgeCaptureAndDiscovery/OBA (beb3116)\n* Add: handle a openapifile base (853655a)\n* add: automate context generation (6a24eda)\n* add: automate context generation (b396aab)\n* add: write readme (8bc628d)\n* fix: default value of dataproperty is string (5708ddf)\n* fix: cleaning base project repo (37ce2aa)\n* Merge pull request #12 from KnowledgeCaptureAndDiscovery/config (7783dc9)\n* fix: model catalog new version (1fa9cfc)\n* feat(general) base project (e622442)\n* Merge branch 'config' of https://github.com/KnowledgeCaptureAndDiscovery/OBA into config (ddefbcd)\n* fix(schemas): obtain props from super, super class (c9c4eea)\n* fix(schemas): obtain props from super, super class (91545d1)\n* Configuration model catalog (ba7c32d)\n* feat(main) add configuration (16b690f)\n* Add config (d865b21)\n* feat(oba): add output file config (6a3f8bd)\n* Merge branch 'master' of https://github.com/KnowledgeCaptureAndDiscovery/OBA (b508560)\n* feat(oba): add desired paths configuration (9032113)\n* feat(oba): add query_text (7339d2d)\n* Merge pull request #8 from KnowledgeCaptureAndDiscovery/dev (3e81e44)",
                "tarballUrl": "https://api.github.com/repos/KnowledgeCaptureAndDiscovery/OBA/tarball/1.0.4",
                "zipballUrl": "https://api.github.com/repos/KnowledgeCaptureAndDiscovery/OBA/zipball/1.0.4",
                "htmlUrl": "https://github.com/KnowledgeCaptureAndDiscovery/OBA/releases/tag/1.0.4",
                "url": "https://api.github.com/repos/KnowledgeCaptureAndDiscovery/OBA/releases/20866508",
                "dateCreated": "2019-10-21T22:49:33Z",
                "datePublished": "2019-10-21T22:49:38Z"
            },
            {
                "tagName": "1.0.3",
                "name": "Release 1.0.3",
                "authorName": "mosoriob",
                "authorType": "User",
                "body": "* Revert \"fix: release using github token\" (440df8a)",
                "tarballUrl": "https://api.github.com/repos/KnowledgeCaptureAndDiscovery/OBA/tarball/1.0.3",
                "zipballUrl": "https://api.github.com/repos/KnowledgeCaptureAndDiscovery/OBA/zipball/1.0.3",
                "htmlUrl": "https://github.com/KnowledgeCaptureAndDiscovery/OBA/releases/tag/1.0.3",
                "url": "https://api.github.com/repos/KnowledgeCaptureAndDiscovery/OBA/releases/20413750",
                "dateCreated": "2019-10-02T13:13:09Z",
                "datePublished": "2019-10-02T13:13:15Z"
            },
            {
                "tagName": "1.0.2",
                "name": "Release 1.0.2",
                "authorName": "mosoriob",
                "authorType": "User",
                "body": "* fix: release using github token (2cb49b6)\n* Add: travis badge (823365a)\n* fix: upload the jar (53b0944)\n* fix: list files (08d0e2f)\n* Merge pull request #7 from KnowledgeCaptureAndDiscovery/travis (6932b15)\n* fix: delete normal deploy (43ed06c)\n* fix: travis (36c8776)\n* fix: typo (c08230f)\n* fix: using dev because commit is too long (8480b28)\n* add: multiple provides (9a0da88)\n* add: deployment with dependecies (3556965)\n* Merge branch 'master' of https://github.com/KnowledgeCaptureAndDiscovery/OBA (5da63a8)\n* Update README.md (bd7b92b)\n* Add files via upload (ffb7a9f)",
                "tarballUrl": "https://api.github.com/repos/KnowledgeCaptureAndDiscovery/OBA/tarball/1.0.2",
                "zipballUrl": "https://api.github.com/repos/KnowledgeCaptureAndDiscovery/OBA/zipball/1.0.2",
                "htmlUrl": "https://github.com/KnowledgeCaptureAndDiscovery/OBA/releases/tag/1.0.2",
                "url": "https://api.github.com/repos/KnowledgeCaptureAndDiscovery/OBA/releases/20413562",
                "dateCreated": "2019-10-02T13:07:04Z",
                "datePublished": "2019-10-02T13:07:12Z"
            },
            {
                "tagName": "1.0.1",
                "authorName": "mintprojectbot",
                "authorType": "User",
                "tarballUrl": "https://api.github.com/repos/KnowledgeCaptureAndDiscovery/OBA/tarball/1.0.1",
                "zipballUrl": "https://api.github.com/repos/KnowledgeCaptureAndDiscovery/OBA/zipball/1.0.1",
                "htmlUrl": "https://github.com/KnowledgeCaptureAndDiscovery/OBA/releases/tag/1.0.1",
                "url": "https://api.github.com/repos/KnowledgeCaptureAndDiscovery/OBA/releases/20381580",
                "dateCreated": "2019-10-01T11:56:56Z",
                "datePublished": "2019-10-01T12:12:09Z"
            }
        ],
        "confidence": [
            1.0
        ],
        "technique": "GitHub API"
    },
    "inspect4py": {}
}