{
    "description": [
        {
            "originalHeader": "Full description of a software entry",
            "excerpt": "Just replace your target software after `https://w3id.org/okn/i/Software/` (user/repo) and you'll obtain all the available metadata for that software entry in SOSEN. For example, for `dgarijo/Widoco`:\n\n```\nSELECT distinct ?b ?c\nWHERE {\n<https://w3id.org/okn/i/Software/dgarijo/Widoco> ?b ?c.\n}\n```\nThe results are ommitted for simplicity.\n",
            "parentHeader": [
                "Example queries"
            ],
            "confidence": [
                1.0
            ],
            "technique": "Header extraction"
        },
        {
            "excerpt": "Repository for the Software Search Engine (SoSEn)\n \n",
            "confidence": [
                [
                    0.9561987298247154
                ]
            ],
            "technique": "Supervised classification",
            "originalHeader": "SoSEn"
        },
        {
            "excerpt": "Both methods extract keywords from the description (or title)\nof the software component. Given a query string, the string is\nbroken up into keywords. Then, we match each\nkeyword to an extracted keyword in the description of\na software. Every Software that matches at least one\nkeyword is returned. The results are ranked in descending order\nof how many what proportion of the keywords in the query\nwere in the description of the software. Because there\nwill be many results which match the same keywords, ties\nare then broken by TF-IDF. Each keyword in the query\nstring is assigned an IDF (Inverse Document Frequency) score, which is given by\n```\nlog(\\#{software objects})/(\\#{software objects with keyword in description})\n```\nFurther, each keyword within a document is assigned a TF\n(Term Frequency) score, which is given by\n```\n\\#{keyword used in description}/\\#{total keywords in description}\n```\nThese two numbers are multiplied in order to obtain the TF-IDF score\nof a keyword for a particular document. Then, the TF-IDF scores\nof all keywords matching a given document are added up\nto give an overall score for the document. \n \n",
            "confidence": [
                [
                    0.9936739170383245
                ]
            ],
            "technique": "Supervised classification",
            "originalHeader": "Recreate the SOSEN-KG"
        },
        {
            "excerpt": "Repository for the Software Search Engine (SoSEn)",
            "confidence": [
                1.0
            ],
            "technique": "GitHub API"
        }
    ],
    "installation": [
        {
            "originalHeader": "Installation instructions",
            "excerpt": "First, install the requirements.\nThen, you'll need to configure SoMEF with\n\n```somef configure```\n\nNext, configure sosen with\n\n```python -m sosen configure```\n",
            "confidence": [
                1.0
            ],
            "technique": "Header extraction"
        }
    ],
    "longTitle": {
        "excerpt": "SoSEn",
        "confidence": [
            1.0
        ],
        "technique": "Regular expression"
    },
    "executableExample": {
        "excerpt": [
            [
                "(https://mybinder.org/badge_logo.svg)",
                "https://mybinder.org/v2/gh/KnowledgeCaptureAndDiscovery/sosen/master?filepath=search.ipynb"
            ]
        ],
        "confidence": [
            1.0
        ],
        "technique": "Regular expression"
    },
    "run": [
        {
            "originalHeader": "Running tests",
            "excerpt": "To run the unit tests, run\n\n```python -m unittest test```\n",
            "confidence": [
                1.0
            ],
            "technique": "Header extraction"
        }
    ],
    "usage": [
        {
            "originalHeader": "Basic queries",
            "excerpt": "Let's start by extracting some basic metadata from the SOSEN graph. For example, how many software entries have a description?\n\n```\nSELECT (count (distinct ?b) as ?total)\nWHERE {\n?b a <https://w3id.org/okn/o/sd#Software> .\n?b <https://w3id.org/okn/o/sd#description> ?c.\n}\n```\nWhich results in 12067. You can change `description` by any of the other metadata categories we have currently available in the graph:\n```\nauthor, readme, downloadUrl, hasVersion, description, name, license, issueTracker, hasSourceCode, keywords, doi,hasInstallationInstructions, softwareRequirements, executionInstructions, contactDetails, referencePublication,hasUsageNotes, contributionInstructions, downloadInstructions, supportDetails\n```\n\nBear in mind that if you want to do operations with keywords, you need to use the sosen-specific namespace `https://w3id.org/okn/o/sosen#`. This would be used for the following properties:\n\n```\nhasKeyword, titleKeywordCount, hasDescriptionKeyword, keywordCount, descriptionKeywordCount, hasTitleKeyword\n\n```",
            "parentHeader": [
                "Example queries"
            ],
            "confidence": [
                1.0
            ],
            "technique": "Header extraction"
        },
        {
            "originalHeader": "Search by keyword",
            "excerpt": "This case is tested best with the notebook we have prepared above. The notebook makes use of a query for calculating dynamically a TF-IDF score of the keywords inserted, returning the closest results.\n",
            "parentHeader": [
                "Example queries"
            ],
            "confidence": [
                1.0
            ],
            "technique": "Header extraction"
        },
        {
            "originalHeader": "What are the available versions of a software entry?",
            "excerpt": "We capture the hierarchical relationship between a software and its different releases, including their DOIs and descriptions. For example, for the software entry above:\n\n```\nSELECT distinct ?c\nWHERE {\n<https://w3id.org/okn/i/Software/dgarijo/Widoco> <https://w3id.org/okn/o/sd#hasVersion> ?version.\n  ?version <https://w3id.org/okn/o/sd#doi> ?c\n}\n```\nwould return a list of the DOIs associated with all the different releases of WIDOCO in Zenodo.\n",
            "parentHeader": [
                "Example queries"
            ],
            "confidence": [
                1.0
            ],
            "technique": "Header extraction"
        },
        {
            "originalHeader": "Retrieving software by author id:",
            "excerpt": "One can also retrieve entries authored by a GitHub id user. For example, for the user `dgarijo`\n\n```\nSELECT distinct ?soft\nWHERE {\n?soft a <https://w3id.org/okn/o/sd#Software> .\n?soft <https://w3id.org/okn/o/sd#author>/<https://w3id.org/okn/o/sd#additionalName> \"dgarijo\".\n}\n```\n\nWhich returns:\n\n```\n<https://w3id.org/okn/i/Software/dgarijo/Widoco>\n<https://w3id.org/okn/i/Software/dgarijo/DataNarratives>\n<https://w3id.org/okn/i/Software/dgarijo/FragFlow>\n```\nIf now we want to retrieve their license, we just need to issue the following query:\n\n```\nSELECT distinct ?soft ?l\nWHERE {\n?soft a <https://w3id.org/okn/o/sd#Software> .\n?soft <https://w3id.org/okn/o/sd#author>/<https://w3id.org/okn/o/sd#additionalName> \"dgarijo\".\n?soft <https://w3id.org/okn/o/sd#license> ?l\n}\n```\nwhich would return \n\n```\n<https://w3id.org/okn/i/Software/dgarijo/DataNarratives>\n\t\n\"https://api.github.com/licenses/apache-2.0\"^^xsd:anyURI\n```\nMeaning that some of these software entries do not have a license (as it is the case of FragFlow), or that the license was not one of the common licenses used in GitHub (as it's the case of WIDOCO)\n",
            "parentHeader": [
                "Example queries"
            ],
            "confidence": [
                1.0
            ],
            "technique": "Header extraction"
        },
        {
            "originalHeader": "SOSEN in numbers:",
            "excerpt": "The following queries may be slow, but will retrieve property coverage in SOSEN:\n\n```\nSELECT ?p (count (distinct ?soft) as ?total)\nWHERE {\n  ?soft a <https://w3id.org/okn/o/sd#Software>.\n  ?soft ?p ?v\n}group by ?p\n```\nTo get the distribution of the programming languages in SOSEN:\n\n```\nSELECT ?pl (count (distinct ?soft) as ?total)\nWHERE {\n  ?soft <https://w3id.org/okn/o/sd#programmingLanguage> ?pl\n}group by ?pl order by desc(?total)\n```\n\nFinally, number of repositories with more than one version:\n\n```\nSELECT (count (distinct ?s) as ?total)\nWHERE {\n ?s <https://w3id.org/okn/o/sd#hasVersion> ?v.\n ?s <https://w3id.org/okn/o/sd#hasVersion> ?w\n  filter(?v!=?w) \n}\n```\n",
            "parentHeader": [
                "Example queries"
            ],
            "confidence": [
                1.0
            ],
            "technique": "Header extraction"
        }
    ],
    "codeRepository": {
        "excerpt": "https://github.com/KnowledgeCaptureAndDiscovery/sosen",
        "confidence": [
            1.0
        ],
        "technique": "GitHub API"
    },
    "owner": {
        "excerpt": "KnowledgeCaptureAndDiscovery",
        "confidence": [
            1.0
        ],
        "technique": "GitHub API"
    },
    "ownerType": {
        "excerpt": "Organization",
        "confidence": [
            1.0
        ],
        "technique": "GitHub API"
    },
    "dateCreated": {
        "excerpt": "2020-06-13T01:01:46Z",
        "confidence": [
            1.0
        ],
        "technique": "GitHub API"
    },
    "dateModified": {
        "excerpt": "2021-08-17T10:54:14Z",
        "confidence": [
            1.0
        ],
        "technique": "GitHub API"
    },
    "license": {
        "excerpt": {
            "name": "Apache License 2.0",
            "url": "https://api.github.com/licenses/apache-2.0"
        },
        "confidence": [
            1.0
        ],
        "technique": "GitHub API"
    },
    "name": {
        "excerpt": "sosen",
        "confidence": [
            1.0
        ],
        "technique": "GitHub API"
    },
    "fullName": {
        "excerpt": "KnowledgeCaptureAndDiscovery/sosen",
        "confidence": [
            1.0
        ],
        "technique": "GitHub API"
    },
    "issueTracker": {
        "excerpt": "https://api.github.com/repos/KnowledgeCaptureAndDiscovery/sosen/issues",
        "confidence": [
            1.0
        ],
        "technique": "GitHub API"
    },
    "forksUrl": {
        "excerpt": "https://api.github.com/repos/KnowledgeCaptureAndDiscovery/sosen/forks",
        "confidence": [
            1.0
        ],
        "technique": "GitHub API"
    },
    "downloadUrl": {
        "excerpt": "https://github.com/KnowledgeCaptureAndDiscovery/sosen/releases",
        "confidence": [
            1.0
        ],
        "technique": "GitHub API"
    },
    "stargazersCount": {
        "excerpt": {
            "count": 4,
            "date": "Wed, 18 May 2022 21:18:31 GMT"
        },
        "confidence": [
            1.0
        ],
        "technique": "GitHub API"
    },
    "forksCount": {
        "excerpt": {
            "count": 0,
            "date": "Wed, 18 May 2022 21:18:31 GMT"
        },
        "confidence": [
            1.0
        ],
        "technique": "GitHub API"
    },
    "languages": {
        "excerpt": [
            "Jupyter Notebook",
            "Python",
            "HTML",
            "CSS",
            "Shell"
        ],
        "confidence": [
            1.0
        ],
        "technique": "GitHub API"
    },
    "licenseText": {
        "excerpt": "b'                                 Apache License\\n                           Version 2.0, January 2004\\n                        http://www.apache.org/licenses/\\n\\n   TERMS AND CONDITIONS FOR USE, REPRODUCTION, AND DISTRIBUTION\\n\\n   1. Definitions.\\n\\n      \"License\" shall mean the terms and conditions for use, reproduction,\\n      and distribution as defined by Sections 1 through 9 of this document.\\n\\n      \"Licensor\" shall mean the copyright owner or entity authorized by\\n      the copyright owner that is granting the License.\\n\\n      \"Legal Entity\" shall mean the union of the acting entity and all\\n      other entities that control, are controlled by, or are under common\\n      control with that entity. For the purposes of this definition,\\n      \"control\" means (i) the power, direct or indirect, to cause the\\n      direction or management of such entity, whether by contract or\\n      otherwise, or (ii) ownership of fifty percent (50%) or more of the\\n      outstanding shares, or (iii) beneficial ownership of such entity.\\n\\n      \"You\" (or \"Your\") shall mean an individual or Legal Entity\\n      exercising permissions granted by this License.\\n\\n      \"Source\" form shall mean the preferred form for making modifications,\\n      including but not limited to software source code, documentation\\n      source, and configuration files.\\n\\n      \"Object\" form shall mean any form resulting from mechanical\\n      transformation or translation of a Source form, including but\\n      not limited to compiled object code, generated documentation,\\n      and conversions to other media types.\\n\\n      \"Work\" shall mean the work of authorship, whether in Source or\\n      Object form, made available under the License, as indicated by a\\n      copyright notice that is included in or attached to the work\\n      (an example is provided in the Appendix below).\\n\\n      \"Derivative Works\" shall mean any work, whether in Source or Object\\n      form, that is based on (or derived from) the Work and for which the\\n      editorial revisions, annotations, elaborations, or other modifications\\n      represent, as a whole, an original work of authorship. For the purposes\\n      of this License, Derivative Works shall not include works that remain\\n      separable from, or merely link (or bind by name) to the interfaces of,\\n      the Work and Derivative Works thereof.\\n\\n      \"Contribution\" shall mean any work of authorship, including\\n      the original version of the Work and any modifications or additions\\n      to that Work or Derivative Works thereof, that is intentionally\\n      submitted to Licensor for inclusion in the Work by the copyright owner\\n      or by an individual or Legal Entity authorized to submit on behalf of\\n      the copyright owner. For the purposes of this definition, \"submitted\"\\n      means any form of electronic, verbal, or written communication sent\\n      to the Licensor or its representatives, including but not limited to\\n      communication on electronic mailing lists, source code control systems,\\n      and issue tracking systems that are managed by, or on behalf of, the\\n      Licensor for the purpose of discussing and improving the Work, but\\n      excluding communication that is conspicuously marked or otherwise\\n      designated in writing by the copyright owner as \"Not a Contribution.\"\\n\\n      \"Contributor\" shall mean Licensor and any individual or Legal Entity\\n      on behalf of whom a Contribution has been received by Licensor and\\n      subsequently incorporated within the Work.\\n\\n   2. Grant of Copyright License. Subject to the terms and conditions of\\n      this License, each Contributor hereby grants to You a perpetual,\\n      worldwide, non-exclusive, no-charge, royalty-free, irrevocable\\n      copyright license to reproduce, prepare Derivative Works of,\\n      publicly display, publicly perform, sublicense, and distribute the\\n      Work and such Derivative Works in Source or Object form.\\n\\n   3. Grant of Patent License. Subject to the terms and conditions of\\n      this License, each Contributor hereby grants to You a perpetual,\\n      worldwide, non-exclusive, no-charge, royalty-free, irrevocable\\n      (except as stated in this section) patent license to make, have made,\\n      use, offer to sell, sell, import, and otherwise transfer the Work,\\n      where such license applies only to those patent claims licensable\\n      by such Contributor that are necessarily infringed by their\\n      Contribution(s) alone or by combination of their Contribution(s)\\n      with the Work to which such Contribution(s) was submitted. If You\\n      institute patent litigation against any entity (including a\\n      cross-claim or counterclaim in a lawsuit) alleging that the Work\\n      or a Contribution incorporated within the Work constitutes direct\\n      or contributory patent infringement, then any patent licenses\\n      granted to You under this License for that Work shall terminate\\n      as of the date such litigation is filed.\\n\\n   4. Redistribution. You may reproduce and distribute copies of the\\n      Work or Derivative Works thereof in any medium, with or without\\n      modifications, and in Source or Object form, provided that You\\n      meet the following conditions:\\n\\n      (a) You must give any other recipients of the Work or\\n          Derivative Works a copy of this License; and\\n\\n      (b) You must cause any modified files to carry prominent notices\\n          stating that You changed the files; and\\n\\n      (c) You must retain, in the Source form of any Derivative Works\\n          that You distribute, all copyright, patent, trademark, and\\n          attribution notices from the Source form of the Work,\\n          excluding those notices that do not pertain to any part of\\n          the Derivative Works; and\\n\\n      (d) If the Work includes a \"NOTICE\" text file as part of its\\n          distribution, then any Derivative Works that You distribute must\\n          include a readable copy of the attribution notices contained\\n          within such NOTICE file, excluding those notices that do not\\n          pertain to any part of the Derivative Works, in at least one\\n          of the following places: within a NOTICE text file distributed\\n          as part of the Derivative Works; within the Source form or\\n          documentation, if provided along with the Derivative Works; or,\\n          within a display generated by the Derivative Works, if and\\n          wherever such third-party notices normally appear. The contents\\n          of the NOTICE file are for informational purposes only and\\n          do not modify the License. You may add Your own attribution\\n          notices within Derivative Works that You distribute, alongside\\n          or as an addendum to the NOTICE text from the Work, provided\\n          that such additional attribution notices cannot be construed\\n          as modifying the License.\\n\\n      You may add Your own copyright statement to Your modifications and\\n      may provide additional or different license terms and conditions\\n      for use, reproduction, or distribution of Your modifications, or\\n      for any such Derivative Works as a whole, provided Your use,\\n      reproduction, and distribution of the Work otherwise complies with\\n      the conditions stated in this License.\\n\\n   5. Submission of Contributions. Unless You explicitly state otherwise,\\n      any Contribution intentionally submitted for inclusion in the Work\\n      by You to the Licensor shall be under the terms and conditions of\\n      this License, without any additional terms or conditions.\\n      Notwithstanding the above, nothing herein shall supersede or modify\\n      the terms of any separate license agreement you may have executed\\n      with Licensor regarding such Contributions.\\n\\n   6. Trademarks. This License does not grant permission to use the trade\\n      names, trademarks, service marks, or product names of the Licensor,\\n      except as required for reasonable and customary use in describing the\\n      origin of the Work and reproducing the content of the NOTICE file.\\n\\n   7. Disclaimer of Warranty. Unless required by applicable law or\\n      agreed to in writing, Licensor provides the Work (and each\\n      Contributor provides its Contributions) on an \"AS IS\" BASIS,\\n      WITHOUT WARRANTIES OR CONDITIONS OF ANY KIND, either express or\\n      implied, including, without limitation, any warranties or conditions\\n      of TITLE, NON-INFRINGEMENT, MERCHANTABILITY, or FITNESS FOR A\\n      PARTICULAR PURPOSE. You are solely responsible for determining the\\n      appropriateness of using or redistributing the Work and assume any\\n      risks associated with Your exercise of permissions under this License.\\n\\n   8. Limitation of Liability. In no event and under no legal theory,\\n      whether in tort (including negligence), contract, or otherwise,\\n      unless required by applicable law (such as deliberate and grossly\\n      negligent acts) or agreed to in writing, shall any Contributor be\\n      liable to You for damages, including any direct, indirect, special,\\n      incidental, or consequential damages of any character arising as a\\n      result of this License or out of the use or inability to use the\\n      Work (including but not limited to damages for loss of goodwill,\\n      work stoppage, computer failure or malfunction, or any and all\\n      other commercial damages or losses), even if such Contributor\\n      has been advised of the possibility of such damages.\\n\\n   9. Accepting Warranty or Additional Liability. While redistributing\\n      the Work or Derivative Works thereof, You may choose to offer,\\n      and charge a fee for, acceptance of support, warranty, indemnity,\\n      or other liability obligations and/or rights consistent with this\\n      License. However, in accepting such obligations, You may act only\\n      on Your own behalf and on Your sole responsibility, not on behalf\\n      of any other Contributor, and only if You agree to indemnify,\\n      defend, and hold each Contributor harmless for any liability\\n      incurred by, or claims asserted against, such Contributor by reason\\n      of your accepting any such warranty or additional liability.\\n\\n   END OF TERMS AND CONDITIONS\\n\\n   APPENDIX: How to apply the Apache License to your work.\\n\\n      To apply the Apache License to your work, attach the following\\n      boilerplate notice, with the fields enclosed by brackets \"[]\"\\n      replaced with your own identifying information. (Don\\'t include\\n      the brackets!)  The text should be enclosed in the appropriate\\n      comment syntax for the file format. We also recommend that a\\n      file or class name and description of purpose be included on the\\n      same \"printed page\" as the copyright notice for easier\\n      identification within third-party archives.\\n\\n   Copyright [yyyy] [name of copyright owner]\\n\\n   Licensed under the Apache License, Version 2.0 (the \"License\");\\n   you may not use this file except in compliance with the License.\\n   You may obtain a copy of the License at\\n\\n       http://www.apache.org/licenses/LICENSE-2.0\\n\\n   Unless required by applicable law or agreed to in writing, software\\n   distributed under the License is distributed on an \"AS IS\" BASIS,\\n   WITHOUT WARRANTIES OR CONDITIONS OF ANY KIND, either express or implied.\\n   See the License for the specific language governing permissions and\\n   limitations under the License.\\n'",
        "confidence": [
            1.0
        ],
        "technique": "File Exploration"
    },
    "readmeUrl": {
        "excerpt": "https://raw.githubusercontent.com/KnowledgeCaptureAndDiscovery/sosen/master/README.md",
        "confidence": [
            1.0
        ],
        "technique": "GitHub API"
    },
    "hasExecutableNotebook": {
        "excerpt": [
            "https://raw.githubusercontent.com/KnowledgeCaptureAndDiscovery/sosen/master/search.ipynb",
            "https://raw.githubusercontent.com/KnowledgeCaptureAndDiscovery/sosen/master/example.ipynb",
            "https://raw.githubusercontent.com/KnowledgeCaptureAndDiscovery/sosen/master/text_embeddings/search_embeddings.ipynb",
            "https://raw.githubusercontent.com/KnowledgeCaptureAndDiscovery/sosen/master/text_embeddings/example.ipynb",
            "https://raw.githubusercontent.com/KnowledgeCaptureAndDiscovery/sosen/master/text_embeddings/create_embeddings.ipynb"
        ],
        "confidence": [
            1.0
        ],
        "technique": "File Exploration",
        "format": "jupyter notebook"
    },
    "hasDocumentation": {
        "excerpt": [
            "https://github.com/KnowledgeCaptureAndDiscovery/sosen/tree/master/ontology/docs"
        ],
        "confidence": [
            1.0
        ],
        "technique": "File Exploration"
    },
    "hasScriptFile": {
        "excerpt": [
            "https://raw.githubusercontent.com/KnowledgeCaptureAndDiscovery/sosen/master/test/end_to_end/change_expected.sh",
            "https://raw.githubusercontent.com/KnowledgeCaptureAndDiscovery/sosen/master/text_embeddings/small_import_ntriples.sh",
            "https://raw.githubusercontent.com/KnowledgeCaptureAndDiscovery/sosen/master/text_embeddings/import_filter_sort_embed.sh",
            "https://raw.githubusercontent.com/KnowledgeCaptureAndDiscovery/sosen/master/text_embeddings/small_text_embedding.sh"
        ],
        "confidence": [
            1.0
        ],
        "technique": "File Exploration"
    },
    "ontologies": {
        "excerpt": [
            {
                "uri": "https://w3id.org/okn/o/sosen#",
                "file_url": "https://raw.githubusercontent.com/KnowledgeCaptureAndDiscovery/sosen/master/ontology/docs/ontology.nt"
            },
            {
                "uri": "https://w3id.org/okn/o/sosen#",
                "file_url": "https://raw.githubusercontent.com/KnowledgeCaptureAndDiscovery/sosen/master/ontology/docs/ontology.xml"
            },
            {
                "uri": "https://w3id.org/okn/o/sosen#",
                "file_url": "https://raw.githubusercontent.com/KnowledgeCaptureAndDiscovery/sosen/master/ontology/docs/ontology.ttl"
            }
        ],
        "confidence": [
            1.0
        ],
        "technique": "File Exploration"
    },
    "releases": {
        "excerpt": [
            {
                "tagName": "0.1.0",
                "name": "SOSEN first release",
                "authorName": "dgarijo",
                "authorType": "User",
                "body": "",
                "tarballUrl": "https://api.github.com/repos/KnowledgeCaptureAndDiscovery/sosen/tarball/0.1.0",
                "zipballUrl": "https://api.github.com/repos/KnowledgeCaptureAndDiscovery/sosen/zipball/0.1.0",
                "htmlUrl": "https://github.com/KnowledgeCaptureAndDiscovery/sosen/releases/tag/0.1.0",
                "url": "https://api.github.com/repos/KnowledgeCaptureAndDiscovery/sosen/releases/39133938",
                "dateCreated": "2020-09-21T03:28:34Z",
                "datePublished": "2021-03-02T17:56:02Z"
            }
        ],
        "confidence": [
            1.0
        ],
        "technique": "GitHub API"
    },
    "inspect4py": {
        "software_type": "script",
        "run": "python /Users/dakixr/Desktop/github/scc/tmp/metadata/KnowledgeCaptureAndDiscoveryANDmintproject/sosen/sosen/data_to_graph.py"
    }
}