{
    "description": [
        {
            "excerpt": "The repository contains the code for the different scenarios, making sure that the mapper exports are consistent. \nThe extended documentation for the mapper is ongoing work\n \n",
            "confidence": [
                [
                    0.984641655419637,
                    0.9641386880057391
                ]
            ],
            "technique": "Supervised classification",
            "originalHeader": "WINGS_WORKFLOW_PROVENANCE_SCENARIOS"
        },
        {
            "excerpt": "The repository contains the code for the different scenarios, making sure that the mapper exports are consistent.",
            "confidence": [
                1.0
            ],
            "technique": "GitHub API"
        }
    ],
    "longTitle": {
        "excerpt": "WINGS_WORKFLOW_PROVENANCE_SCENARIOS",
        "confidence": [
            1.0
        ],
        "technique": "Regular expression"
    },
    "documentation": [
        {
            "excerpt": "https://github.com/KnowledgeCaptureAndDiscovery/WINGS-OPMW-Mapper/wiki",
            "confidence": [
                1.0
            ],
            "technique": "Regular expression",
            "type": "wiki"
        }
    ],
    "codeRepository": {
        "excerpt": "https://github.com/KnowledgeCaptureAndDiscovery/WINGS-OPMW-Mapper",
        "confidence": [
            1.0
        ],
        "technique": "GitHub API"
    },
    "owner": {
        "excerpt": "KnowledgeCaptureAndDiscovery",
        "confidence": [
            1.0
        ],
        "technique": "GitHub API"
    },
    "ownerType": {
        "excerpt": "Organization",
        "confidence": [
            1.0
        ],
        "technique": "GitHub API"
    },
    "dateCreated": {
        "excerpt": "2017-06-22T00:05:02Z",
        "confidence": [
            1.0
        ],
        "technique": "GitHub API"
    },
    "dateModified": {
        "excerpt": "2021-12-15T00:25:17Z",
        "confidence": [
            1.0
        ],
        "technique": "GitHub API"
    },
    "name": {
        "excerpt": "WINGS-OPMW-Mapper",
        "confidence": [
            1.0
        ],
        "technique": "GitHub API"
    },
    "fullName": {
        "excerpt": "KnowledgeCaptureAndDiscovery/WINGS-OPMW-Mapper",
        "confidence": [
            1.0
        ],
        "technique": "GitHub API"
    },
    "issueTracker": {
        "excerpt": "https://api.github.com/repos/KnowledgeCaptureAndDiscovery/WINGS-OPMW-Mapper/issues",
        "confidence": [
            1.0
        ],
        "technique": "GitHub API"
    },
    "forksUrl": {
        "excerpt": "https://api.github.com/repos/KnowledgeCaptureAndDiscovery/WINGS-OPMW-Mapper/forks",
        "confidence": [
            1.0
        ],
        "technique": "GitHub API"
    },
    "downloadUrl": {
        "excerpt": "https://github.com/KnowledgeCaptureAndDiscovery/WINGS-OPMW-Mapper/releases",
        "confidence": [
            1.0
        ],
        "technique": "GitHub API"
    },
    "topics": {
        "excerpt": [
            "apache-jena",
            "artificial-intelligence",
            "java",
            "workflow",
            "workflow-engine"
        ],
        "confidence": [
            1.0
        ],
        "technique": "GitHub API"
    },
    "stargazersCount": {
        "excerpt": {
            "count": 0,
            "date": "Wed, 18 May 2022 21:09:11 GMT"
        },
        "confidence": [
            1.0
        ],
        "technique": "GitHub API"
    },
    "forksCount": {
        "excerpt": {
            "count": 0,
            "date": "Wed, 18 May 2022 21:09:11 GMT"
        },
        "confidence": [
            1.0
        ],
        "technique": "GitHub API"
    },
    "languages": {
        "excerpt": [
            "Java",
            "Shell",
            "HTML",
            "Python"
        ],
        "confidence": [
            1.0
        ],
        "technique": "GitHub API"
    },
    "readmeUrl": {
        "excerpt": "https://raw.githubusercontent.com/KnowledgeCaptureAndDiscovery/WINGS-OPMW-Mapper/master/README.md",
        "confidence": [
            1.0
        ],
        "technique": "GitHub API"
    },
    "hasScriptFile": {
        "excerpt": [
            "https://raw.githubusercontent.com/KnowledgeCaptureAndDiscovery/WINGS-OPMW-Mapper/master/NEW_TEST/templates/concreteWorkflow/components/varFilterSamtools/io.sh",
            "https://raw.githubusercontent.com/KnowledgeCaptureAndDiscovery/WINGS-OPMW-Mapper/master/NEW_TEST/templates/concreteWorkflow/components/MpileupCaller/io.sh",
            "https://raw.githubusercontent.com/KnowledgeCaptureAndDiscovery/WINGS-OPMW-Mapper/master/NEW_TEST/templates/concreteWorkflow/components/bcftoolsCallVariants/io.sh",
            "https://raw.githubusercontent.com/KnowledgeCaptureAndDiscovery/WINGS-OPMW-Mapper/master/src/main/resources/sample_data/new/simple_abstract/components/third/io.sh"
        ],
        "confidence": [
            1.0
        ],
        "technique": "File Exploration"
    },
    "ontologies": {
        "excerpt": [
            {
                "uri": "http://www.wings-workflows.org/wings-omics-portal/export/users/ravali/genomics/workflows/genomics_analysis.owl",
                "file_url": "https://raw.githubusercontent.com/KnowledgeCaptureAndDiscovery/WINGS-OPMW-Mapper/master/NEW_TEST/templates/genomics_analysis/genomics_analysis.owl"
            },
            {
                "uri": "http://www.opmw.org/uploads/AquaFlow_CM-ec3c-e9ef332b-d362-4568-a1e1-731e708e4194/ont/workflows/AquaFlow_CM.owl",
                "file_url": "https://raw.githubusercontent.com/KnowledgeCaptureAndDiscovery/WINGS-OPMW-Mapper/master/NEW_TEST/templates/abstractWorkflow%28TODO%29/AquaFlow_CM.owl"
            },
            {
                "uri": "http://www.wings-workflows.org/wings-omics-portal/export/users/ravali/genomics/components/library.owl",
                "file_url": "https://raw.githubusercontent.com/KnowledgeCaptureAndDiscovery/WINGS-OPMW-Mapper/master/NEW_TEST/templates/concreteWorkflow/library-gen.owl"
            },
            {
                "uri": "http://www.wings-workflows.org/wings-omics-portal/export/users/ravali/genomics/workflows/MpileupVariantCaller.owl",
                "file_url": "https://raw.githubusercontent.com/KnowledgeCaptureAndDiscovery/WINGS-OPMW-Mapper/master/NEW_TEST/templates/concreteWorkflow/MpileupVariantCallerV1.owl"
            },
            {
                "uri": "http://www.wings-workflows.org/wings-omics-portal/export/users/ravali/genomics/workflows/MpileupVariantCaller.owl",
                "file_url": "https://raw.githubusercontent.com/KnowledgeCaptureAndDiscovery/WINGS-OPMW-Mapper/master/NEW_TEST/templates/concreteWorkflow/MpileupVariantCaller.owl"
            },
            {
                "uri": "http://ontosoft.isi.edu:8080/wings-portal/export/users/tirth/TestingDomain/workflows/spacer.owl",
                "file_url": "https://raw.githubusercontent.com/KnowledgeCaptureAndDiscovery/WINGS-OPMW-Mapper/master/src/main/resources/sample_data/new/spacer/template.owl"
            },
            {
                "uri": "http://ontosoft.isi.edu:8080/wings-portal/export/users/tirth/TestingDomain/workflows/j1.owl",
                "file_url": "https://raw.githubusercontent.com/KnowledgeCaptureAndDiscovery/WINGS-OPMW-Mapper/master/src/main/resources/sample_data/new/simple_abstract/template.owl"
            },
            {
                "uri": "http://www.wings-workflows.org/wings-portal/export/users/admin/Water/workflows/AquaFlow_NTM_EDM.owl",
                "file_url": "https://raw.githubusercontent.com/KnowledgeCaptureAndDiscovery/WINGS-OPMW-Mapper/master/src/main/resources/sample_data/new/aquaflow_ntm/template.owl"
            },
            {
                "uri": "http://www.wings-workflows.org/wings-omics-portal/export/users/alyssa/DataAbstractions/workflows/VariantCalling.owl",
                "file_url": "https://raw.githubusercontent.com/KnowledgeCaptureAndDiscovery/WINGS-OPMW-Mapper/master/src/main/resources/sample_data/new/variantCalling/template.owl"
            },
            {
                "uri": "http://ontosoft.isi.edu:8080/wings-portal/export/users/tirth/TestingDomain/workflows/abstractTest1.owl",
                "file_url": "https://raw.githubusercontent.com/KnowledgeCaptureAndDiscovery/WINGS-OPMW-Mapper/master/deprecated/Scenario-1/Inputs%20%28WINGS%29/Example-1/abstractTest1.owl"
            },
            {
                "uri": "http://ontosoft.isi.edu:8080/wings-portal/export/users/tirth/TestingDomain/workflows/HashingConceptScenario1.owl",
                "file_url": "https://raw.githubusercontent.com/KnowledgeCaptureAndDiscovery/WINGS-OPMW-Mapper/master/deprecated/Scenario-1/Inputs%20%28WINGS%29/Example-2/HashingConceptScenario1.owl"
            },
            {
                "uri": "http://ontosoft.isi.edu:8080/wings-portal/export/users/tirth/TestingDomain/workflows/CtoTextModificationsScenario3.owl",
                "file_url": "https://raw.githubusercontent.com/KnowledgeCaptureAndDiscovery/WINGS-OPMW-Mapper/master/deprecated/Scenario-3/Inputs%20%28WINGS%29/CtoTextModificationsScenario3_part2.owl"
            },
            {
                "uri": "http://ontosoft.isi.edu:8080/wings-portal/export/users/tirth/TestingDomain/workflows/CtoTextModificationsScenario3.owl",
                "file_url": "https://raw.githubusercontent.com/KnowledgeCaptureAndDiscovery/WINGS-OPMW-Mapper/master/deprecated/Scenario-3/Inputs%20%28WINGS%29/CtoTextModificationsScenario3_part1.owl"
            },
            {
                "uri": "http://ontosoft.isi.edu:8080/wings-portal/export/users/tirth/TestingDomain/workflows/Counter2.owl",
                "file_url": "https://raw.githubusercontent.com/KnowledgeCaptureAndDiscovery/WINGS-OPMW-Mapper/master/deprecated/Scenario-2/Inputs%20%28WINGS%29/Example-1/Counter2.owl"
            },
            {
                "uri": "http://ontosoft.isi.edu:8080/wings-portal/export/users/tirth/TestingDomain/workflows/Counter3.owl",
                "file_url": "https://raw.githubusercontent.com/KnowledgeCaptureAndDiscovery/WINGS-OPMW-Mapper/master/deprecated/Scenario-2/Inputs%20%28WINGS%29/Example-1/Counter3.owl"
            },
            {
                "uri": "http://ontosoft.isi.edu:8080/wings-portal/export/users/tirth/TestingDomain/workflows/Counter1.owl",
                "file_url": "https://raw.githubusercontent.com/KnowledgeCaptureAndDiscovery/WINGS-OPMW-Mapper/master/deprecated/Scenario-2/Inputs%20%28WINGS%29/Example-1/Counter1.owl"
            },
            {
                "uri": "http://ontosoft.isi.edu:8080/wings-portal/export/users/tirth/TestingDomain/workflows/Counter4.owl",
                "file_url": "https://raw.githubusercontent.com/KnowledgeCaptureAndDiscovery/WINGS-OPMW-Mapper/master/deprecated/Scenario-2/Inputs%20%28WINGS%29/Example-1/Counter4.owl"
            },
            {
                "uri": "http://ontosoft.isi.edu:8080/wings-portal/export/users/tirth/TestingDomain/workflows/Sorting1.owl",
                "file_url": "https://raw.githubusercontent.com/KnowledgeCaptureAndDiscovery/WINGS-OPMW-Mapper/master/deprecated/Scenario-2/Inputs%20%28WINGS%29/Example-2/Sorting1.owl"
            },
            {
                "uri": "http://ontosoft.isi.edu:8080/wings-portal/export/users/tirth/TestingDomain/workflows/Sorting2.owl",
                "file_url": "https://raw.githubusercontent.com/KnowledgeCaptureAndDiscovery/WINGS-OPMW-Mapper/master/deprecated/Scenario-2/Inputs%20%28WINGS%29/Example-2/Sorting2.owl"
            },
            {
                "uri": "http://ontosoft.isi.edu:8080/wings-portal/export/users/tirth/TestingDomain/workflows/Sorting3.owl",
                "file_url": "https://raw.githubusercontent.com/KnowledgeCaptureAndDiscovery/WINGS-OPMW-Mapper/master/deprecated/Scenario-2/Inputs%20%28WINGS%29/Example-2/Sorting3.owl"
            },
            {
                "uri": "http://ontosoft.isi.edu:8080/wings-portal/export/users/tirth/TestingDomain/workflows/Sorting4.owl",
                "file_url": "https://raw.githubusercontent.com/KnowledgeCaptureAndDiscovery/WINGS-OPMW-Mapper/master/deprecated/Scenario-2/Inputs%20%28WINGS%29/Example-2/Sorting4.owl"
            },
            {
                "uri": "http://ontosoft.isi.edu:8080/wings-portal/export/users/tirth/TestingDomain/workflows/spacer.owl",
                "file_url": "https://raw.githubusercontent.com/KnowledgeCaptureAndDiscovery/WINGS-OPMW-Mapper/master/deprecated/src/main/resources/sample_data/spacer/template.owl"
            },
            {
                "uri": "http://www.opmw.org/uploads/j1-8a005acc-94d0-49dd-86b4-86da75485f42/ont/workflows/j1.owl",
                "file_url": "https://raw.githubusercontent.com/KnowledgeCaptureAndDiscovery/WINGS-OPMW-Mapper/master/deprecated/src/main/resources/sample_data/simple_abstract/template.owl"
            },
            {
                "uri": "http://www.wings-workflows.org/wings-portal/export/users/admin/Water/workflows/AquaFlow_NTM_EDM.owl",
                "file_url": "https://raw.githubusercontent.com/KnowledgeCaptureAndDiscovery/WINGS-OPMW-Mapper/master/deprecated/src/main/resources/sample_data/aquaflow_ntm/Template.owl"
            },
            {
                "uri": "http://www.wings-workflows.org/wings-omics-portal/export/users/alyssa/DataAbstractions/workflows/VariantCalling.owl",
                "file_url": "https://raw.githubusercontent.com/KnowledgeCaptureAndDiscovery/WINGS-OPMW-Mapper/master/deprecated/src/main/resources/sample_data/variantCalling/template.owl"
            }
        ],
        "confidence": [
            1.0
        ],
        "technique": "File Exploration"
    },
    "releases": {
        "excerpt": [
            {
                "tagName": "1.2.4",
                "name": "Release 1.2.4",
                "authorName": "mosoriob",
                "authorType": "User",
                "body": "* fix: distruibition is github (00ecd7f)",
                "tarballUrl": "https://api.github.com/repos/KnowledgeCaptureAndDiscovery/WINGS-OPMW-Mapper/tarball/1.2.4",
                "zipballUrl": "https://api.github.com/repos/KnowledgeCaptureAndDiscovery/WINGS-OPMW-Mapper/zipball/1.2.4",
                "htmlUrl": "https://github.com/KnowledgeCaptureAndDiscovery/WINGS-OPMW-Mapper/releases/tag/1.2.4",
                "url": "https://api.github.com/repos/KnowledgeCaptureAndDiscovery/WINGS-OPMW-Mapper/releases/60238023",
                "dateCreated": "2022-02-23T15:14:35Z",
                "datePublished": "2022-02-23T15:14:44Z"
            },
            {
                "tagName": "1.2.3",
                "name": "Release 1.2.3",
                "authorName": "mosoriob",
                "authorType": "User",
                "body": "* fix: use jdk 8 (e41502d)\r\n* Using github actions to compile (#30) (ac3b24c)\r\n* fix: add github workflow (d7abdba)\r\n* update log4j 2.16.0 (01bf87b)\r\n* Added exportUrl as an argument to customize non-opmw urls for publishing (26300e6)\r\n* Indepdent version from WINGS (8317984)\r\n* Allow local copying instead of upload (c90b751)\r\n* Bugfix: concrete components can create new variables that aren't in the abstract components (8fcb3b7)",
                "tarballUrl": "https://api.github.com/repos/KnowledgeCaptureAndDiscovery/WINGS-OPMW-Mapper/tarball/1.2.3",
                "zipballUrl": "https://api.github.com/repos/KnowledgeCaptureAndDiscovery/WINGS-OPMW-Mapper/zipball/1.2.3",
                "htmlUrl": "https://github.com/KnowledgeCaptureAndDiscovery/WINGS-OPMW-Mapper/releases/tag/1.2.3",
                "url": "https://api.github.com/repos/KnowledgeCaptureAndDiscovery/WINGS-OPMW-Mapper/releases/60236547",
                "dateCreated": "2022-02-23T15:01:03Z",
                "datePublished": "2022-02-23T15:01:14Z"
            },
            {
                "tagName": "v1.0.0",
                "name": "OPMW-PROV WINGS integration",
                "authorName": "dgarijo",
                "authorType": "User",
                "body": "This version of the mapper has successfully been integrated in WINGS and takes care of the following:\r\n * Automated versioning of workflows, components, and types.\r\n * Files are published within the provenance export \r\n * Main export uses prov terms for interoperability (used/wasGeneratedBy). The ones that are not there have been mapped in the ontology\r\n * Integrated with WINGS (there is a WINGS dependency to this repository)\r\n * Updated for latest WINGS vocabularies.\r\n * API is available here: https://query.mint.isi.edu/api/mintproject/MINT-ProvenanceQueries#/\r\n\r\n",
                "tarballUrl": "https://api.github.com/repos/KnowledgeCaptureAndDiscovery/WINGS-OPMW-Mapper/tarball/v1.0.0",
                "zipballUrl": "https://api.github.com/repos/KnowledgeCaptureAndDiscovery/WINGS-OPMW-Mapper/zipball/v1.0.0",
                "htmlUrl": "https://github.com/KnowledgeCaptureAndDiscovery/WINGS-OPMW-Mapper/releases/tag/v1.0.0",
                "url": "https://api.github.com/repos/KnowledgeCaptureAndDiscovery/WINGS-OPMW-Mapper/releases/18590495",
                "dateCreated": "2019-07-12T20:51:00Z",
                "datePublished": "2019-07-12T22:27:04Z"
            },
            {
                "tagName": "v0.0.1",
                "name": "Initial commit by Tirth",
                "authorName": "dgarijo",
                "authorType": "User",
                "body": "This is the original commit by @tirthmehta after finishing his internship. The code has not yet been integrated with WINGS. This release addresses:\r\n* Old bugs from OPMW mapper. See https://github.com/dgarijo/WingsProvenanceExport/issues\r\n* Now the infrastructure of each component is exported.\r\n* Enhanced labeling for components\r\n* Expanded templates are captured\r\n* Component catalog exports\r\n* Component versioning\r\n* Data versioning",
                "tarballUrl": "https://api.github.com/repos/KnowledgeCaptureAndDiscovery/WINGS-OPMW-Mapper/tarball/v0.0.1",
                "zipballUrl": "https://api.github.com/repos/KnowledgeCaptureAndDiscovery/WINGS-OPMW-Mapper/zipball/v0.0.1",
                "htmlUrl": "https://github.com/KnowledgeCaptureAndDiscovery/WINGS-OPMW-Mapper/releases/tag/v0.0.1",
                "url": "https://api.github.com/repos/KnowledgeCaptureAndDiscovery/WINGS-OPMW-Mapper/releases/7549827",
                "dateCreated": "2017-08-14T23:40:13Z",
                "datePublished": "2017-08-28T22:21:10Z"
            }
        ],
        "confidence": [
            1.0
        ],
        "technique": "GitHub API"
    },
    "inspect4py": {
        "software_type": "not found"
    }
}