{
    "description": [
        {
            "excerpt": "An ontology to define a Machine Learning Model",
            "confidence": [
                1.0
            ],
            "technique": "GitHub API"
        }
    ],
    "image": [
        {
            "excerpt": "https://raw.githubusercontent.com/KnowledgeCaptureAndDiscovery/ml-model-ontology/main/sst.png",
            "confidence": [
                1.0
            ],
            "technique": "Regular expression"
        }
    ],
    "usage": [
        {
            "originalHeader": "Example Model using the ML Model Ontology",
            "excerpt": "![image](https://raw.githubusercontent.com/KnowledgeCaptureAndDiscovery/ml-model-ontology/main/sst.png)\nLink to rdf: https://raw.githubusercontent.com/KnowledgeCaptureAndDiscovery/ml-model-ontology/main/sst.owl\n\n",
            "parentHeader": [
                "ML Model Ontology"
            ],
            "confidence": [
                1.0
            ],
            "technique": "Header extraction"
        }
    ],
    "codeRepository": {
        "excerpt": "https://github.com/KnowledgeCaptureAndDiscovery/ml-model-ontology",
        "confidence": [
            1.0
        ],
        "technique": "GitHub API"
    },
    "owner": {
        "excerpt": "KnowledgeCaptureAndDiscovery",
        "confidence": [
            1.0
        ],
        "technique": "GitHub API"
    },
    "ownerType": {
        "excerpt": "Organization",
        "confidence": [
            1.0
        ],
        "technique": "GitHub API"
    },
    "dateCreated": {
        "excerpt": "2022-02-16T16:49:19Z",
        "confidence": [
            1.0
        ],
        "technique": "GitHub API"
    },
    "dateModified": {
        "excerpt": "2022-02-16T16:49:19Z",
        "confidence": [
            1.0
        ],
        "technique": "GitHub API"
    },
    "name": {
        "excerpt": "ml-model-ontology",
        "confidence": [
            1.0
        ],
        "technique": "GitHub API"
    },
    "fullName": {
        "excerpt": "KnowledgeCaptureAndDiscovery/ml-model-ontology",
        "confidence": [
            1.0
        ],
        "technique": "GitHub API"
    },
    "issueTracker": {
        "excerpt": "https://api.github.com/repos/KnowledgeCaptureAndDiscovery/ml-model-ontology/issues",
        "confidence": [
            1.0
        ],
        "technique": "GitHub API"
    },
    "forksUrl": {
        "excerpt": "https://api.github.com/repos/KnowledgeCaptureAndDiscovery/ml-model-ontology/forks",
        "confidence": [
            1.0
        ],
        "technique": "GitHub API"
    },
    "downloadUrl": {
        "excerpt": "https://github.com/KnowledgeCaptureAndDiscovery/ml-model-ontology/releases",
        "confidence": [
            1.0
        ],
        "technique": "GitHub API"
    },
    "stargazersCount": {
        "excerpt": {
            "count": 0,
            "date": "Wed, 18 May 2022 21:22:36 GMT"
        },
        "confidence": [
            1.0
        ],
        "technique": "GitHub API"
    },
    "forksCount": {
        "excerpt": {
            "count": 0,
            "date": "Wed, 18 May 2022 21:22:36 GMT"
        },
        "confidence": [
            1.0
        ],
        "technique": "GitHub API"
    },
    "readmeUrl": {
        "excerpt": "https://raw.githubusercontent.com/KnowledgeCaptureAndDiscovery/ml-model-ontology/main/README.md",
        "confidence": [
            1.0
        ],
        "technique": "GitHub API"
    }
}