{
    "description": [
        {
            "excerpt": "OntoSoft is a distributed semantic registry for scientific software. Software metadata is organized using the [OntoSoft ontology](http://ontosoft-earthcube.github.io/ontosoft/ontosoft%20ontology/v1.0.1/doc/) along six dimensions that matter to scientists: identify software, understand and assess software, execute software, get support for the software, do research with the software, and update the software.  \nOntoSoft is a distributed registry where each site is owned and maintained by a community of interest, with a distributed semantic query\ncapability that allows users to search across all sites. The registry has metadata crowdsourcing capabilities, supported through access control so that software authors can allow others to expand on specific metadata properties. \n",
            "confidence": [
                [
                    0.9687010604719054,
                    0.9890248518464049
                ]
            ],
            "technique": "Supervised classification",
            "originalHeader": "OntoSoft"
        },
        {
            "excerpt": "Distributed semantic registry for scientific software",
            "confidence": [
                1.0
            ],
            "technique": "GitHub API"
        }
    ],
    "installation": [
        {
            "originalHeader": "Installation",
            "excerpt": "=============",
            "parentHeader": [
                "Installation"
            ],
            "confidence": [
                1.0
            ],
            "technique": "Header extraction"
        }
    ],
    "longTitle": {
        "excerpt": "OntoSoft",
        "confidence": [
            1.0
        ],
        "technique": "Regular expression"
    },
    "documentation": [
        {
            "excerpt": "https://github.com/KnowledgeCaptureAndDiscovery/ontosoft/wiki",
            "confidence": [
                1.0
            ],
            "technique": "Regular expression",
            "type": "wiki"
        }
    ],
    "requirement": [
        {
            "originalHeader": "Requirements",
            "excerpt": "------------\n1. Java JDK 1.7+ (http://www.oracle.com/technetwork/java/javase/downloads/index.html)\n2. Maven 2/3 (http://maven.apache.org/)\n3. Tomcat 7+ (http://tomcat.apache.org/)\n\nInstallation\n-------------\n1. Clone OntoSoft Repository\n\n2. In terminal, move to general ontosoft folder and run the following commands:\n    $ mvn clean\n    $ mvn install\n  This will create a ontosoft-server-[version].war file in server/target\n  It will also create a ontosoft-client-[version].war file in client/target\n\n3. Move the war files to a Servlet container (Tomcat)\n\t- $ mv /path/to/ontosoft-server-<version>.war /path/to/tomcat/webapps/ontosoft-server.war\n\t- $ mv /path/to/ontosoft-client-<version>.war /path/to/tomcat/webapps/ontosoft-client.war\n\n4. Start tomcat\n\t- $ /path/to/tomcat/bin/startup.sh\n\n5. Open http://[your-server-name]:8080/ontosoft-server/vocabulary to check that the local repository server is working fine. It might take a little while to open it for the first time as it downloads vocabularies from the internet.\n\n6. Check $HOME/.ontosoft/server.properties file to see that server name is correctly identified\n\n7. Open http://[your-server-name]:8080/ontosoft-client to access the OntoSoft UI that connects with the local repository\n\n8. Customize the client by changing /path/to/tomcat/webapps/ontosoft-client/customise/config.js\n\n9. The default userid is \"admin\" with password \"changeme!\". Remember to change it :)\n\n\n*** \nIf the server does not work then try these:\nCheck the title of the war files to ensure they match \u201contosoft-server\u201d and \u201contosoft-client\u201d. Change if necessary\nIf the server name in \u201cserver.properties\u201d does not match the name of the server war file, then change it.\nMake sure the url in the \u201cconfig.js\u201d file matches http://[your-server-name]:8080/ontosoft-server\n***\n\n\n  \n",
            "parentHeader": [
                "Installation"
            ],
            "confidence": [
                1.0
            ],
            "technique": "Header extraction"
        }
    ],
    "codeRepository": {
        "excerpt": "https://github.com/KnowledgeCaptureAndDiscovery/ontosoft",
        "confidence": [
            1.0
        ],
        "technique": "GitHub API"
    },
    "owner": {
        "excerpt": "KnowledgeCaptureAndDiscovery",
        "confidence": [
            1.0
        ],
        "technique": "GitHub API"
    },
    "ownerType": {
        "excerpt": "Organization",
        "confidence": [
            1.0
        ],
        "technique": "GitHub API"
    },
    "dateCreated": {
        "excerpt": "2015-05-28T09:24:57Z",
        "confidence": [
            1.0
        ],
        "technique": "GitHub API"
    },
    "dateModified": {
        "excerpt": "2021-12-14T20:14:33Z",
        "confidence": [
            1.0
        ],
        "technique": "GitHub API"
    },
    "license": {
        "excerpt": {
            "name": "Apache License 2.0",
            "url": "https://api.github.com/licenses/apache-2.0"
        },
        "confidence": [
            1.0
        ],
        "technique": "GitHub API"
    },
    "name": {
        "excerpt": "ontosoft",
        "confidence": [
            1.0
        ],
        "technique": "GitHub API"
    },
    "fullName": {
        "excerpt": "KnowledgeCaptureAndDiscovery/ontosoft",
        "confidence": [
            1.0
        ],
        "technique": "GitHub API"
    },
    "issueTracker": {
        "excerpt": "https://api.github.com/repos/KnowledgeCaptureAndDiscovery/ontosoft/issues",
        "confidence": [
            1.0
        ],
        "technique": "GitHub API"
    },
    "forksUrl": {
        "excerpt": "https://api.github.com/repos/KnowledgeCaptureAndDiscovery/ontosoft/forks",
        "confidence": [
            1.0
        ],
        "technique": "GitHub API"
    },
    "downloadUrl": {
        "excerpt": "https://github.com/KnowledgeCaptureAndDiscovery/ontosoft/releases",
        "confidence": [
            1.0
        ],
        "technique": "GitHub API"
    },
    "stargazersCount": {
        "excerpt": {
            "count": 4,
            "date": "Wed, 18 May 2022 21:08:20 GMT"
        },
        "confidence": [
            1.0
        ],
        "technique": "GitHub API"
    },
    "forksCount": {
        "excerpt": {
            "count": 8,
            "date": "Wed, 18 May 2022 21:08:20 GMT"
        },
        "confidence": [
            1.0
        ],
        "technique": "GitHub API"
    },
    "languages": {
        "excerpt": [
            "Java",
            "CSS",
            "JavaScript",
            "HTML",
            "Dockerfile"
        ],
        "confidence": [
            1.0
        ],
        "technique": "GitHub API"
    },
    "licenseText": {
        "excerpt": "b\"Bootstrap Material Design theme\\nCopyright (C) 2014+  Federico Zivolo\\n\\nThis program is free software: you can redistribute it and/or modify\\nit under the terms you can find below.\\n\\nYou may edit, improve and redistribute this software always under the\\nterms of this license.\\n\\nYou can use this software for free only for no-profit projects.\\nIf you'd like to use this software in a commercial project you may\\ncontact the author (Federico Zivolo) of the software and ask for his\\npermission and fulfill his conditions.\\n\\nYou can edit and/or redistribute this software only providing a copy\\nof this license with it.\\n\\nYou cannot sell this software, any change to the software must be\\npublished under the same license of the original software.\\n\\nThis software may be sold if used inside a software which uses it as\\ndependency, in any case, this license must be included in the\\nsoftware. This always after have fulfilled author's conditions.\\n\\nThis program is distributed in the hope that it will be useful,\\nbut WITHOUT ANY WARRANTY; without even the implied warranty of\\nMERCHANTABILITY or FITNESS FOR A PARTICULAR PURPOSE.\\n\\nThis license could be edited in any moment without alert.\\n\"",
        "confidence": [
            1.0
        ],
        "technique": "File Exploration"
    },
    "readmeUrl": {
        "excerpt": "https://raw.githubusercontent.com/KnowledgeCaptureAndDiscovery/ontosoft/master/README.md",
        "confidence": [
            1.0
        ],
        "technique": "GitHub API"
    },
    "hasBuildFile": [
        {
            "excerpt": [
                "https://raw.githubusercontent.com/KnowledgeCaptureAndDiscovery/ontosoft/master/docker/frontend/Dockerfile",
                "https://raw.githubusercontent.com/KnowledgeCaptureAndDiscovery/ontosoft/master/docker/backend/Dockerfile"
            ],
            "confidence": [
                1.0
            ],
            "technique": "File Exploration",
            "format": "Docker file"
        }
    ],
    "ontologies": {
        "excerpt": [
            {
                "uri": "http://ontosoft.org/software",
                "file_url": "https://raw.githubusercontent.com/KnowledgeCaptureAndDiscovery/ontosoft/master/shared/src/main/ontology/ontosoft.owl"
            }
        ],
        "confidence": [
            1.0
        ],
        "technique": "File Exploration"
    },
    "releases": {
        "excerpt": [
            {
                "tagName": "2.1.0",
                "name": "Release 2.1.0",
                "authorName": "mosoriob",
                "authorType": "User",
                "body": "",
                "tarballUrl": "https://api.github.com/repos/KnowledgeCaptureAndDiscovery/ontosoft/tarball/2.1.0",
                "zipballUrl": "https://api.github.com/repos/KnowledgeCaptureAndDiscovery/ontosoft/zipball/2.1.0",
                "htmlUrl": "https://github.com/KnowledgeCaptureAndDiscovery/ontosoft/releases/tag/2.1.0",
                "url": "https://api.github.com/repos/KnowledgeCaptureAndDiscovery/ontosoft/releases/60501290",
                "dateCreated": "2022-02-25T17:11:22Z",
                "datePublished": "2022-02-25T17:11:30Z"
            }
        ],
        "confidence": [
            1.0
        ],
        "technique": "GitHub API"
    }
}