{
    "description": [
        {
            "excerpt": "Repository for capturing provenance with Spark\n \n",
            "confidence": [
                [
                    0.992815382739415
                ]
            ],
            "technique": "Supervised classification",
            "originalHeader": "SciSparkProv"
        },
        {
            "excerpt": "Repository for capturing provenance with Spark",
            "confidence": [
                1.0
            ],
            "technique": "GitHub API"
        }
    ],
    "longTitle": {
        "excerpt": "SciSparkProv",
        "confidence": [
            1.0
        ],
        "technique": "Regular expression"
    },
    "codeRepository": {
        "excerpt": "https://github.com/KnowledgeCaptureAndDiscovery/SciSparkProv",
        "confidence": [
            1.0
        ],
        "technique": "GitHub API"
    },
    "owner": {
        "excerpt": "KnowledgeCaptureAndDiscovery",
        "confidence": [
            1.0
        ],
        "technique": "GitHub API"
    },
    "ownerType": {
        "excerpt": "Organization",
        "confidence": [
            1.0
        ],
        "technique": "GitHub API"
    },
    "dateCreated": {
        "excerpt": "2017-08-21T23:51:07Z",
        "confidence": [
            1.0
        ],
        "technique": "GitHub API"
    },
    "dateModified": {
        "excerpt": "2017-08-21T23:51:07Z",
        "confidence": [
            1.0
        ],
        "technique": "GitHub API"
    },
    "name": {
        "excerpt": "SciSparkProv",
        "confidence": [
            1.0
        ],
        "technique": "GitHub API"
    },
    "fullName": {
        "excerpt": "KnowledgeCaptureAndDiscovery/SciSparkProv",
        "confidence": [
            1.0
        ],
        "technique": "GitHub API"
    },
    "issueTracker": {
        "excerpt": "https://api.github.com/repos/KnowledgeCaptureAndDiscovery/SciSparkProv/issues",
        "confidence": [
            1.0
        ],
        "technique": "GitHub API"
    },
    "forksUrl": {
        "excerpt": "https://api.github.com/repos/KnowledgeCaptureAndDiscovery/SciSparkProv/forks",
        "confidence": [
            1.0
        ],
        "technique": "GitHub API"
    },
    "downloadUrl": {
        "excerpt": "https://github.com/KnowledgeCaptureAndDiscovery/SciSparkProv/releases",
        "confidence": [
            1.0
        ],
        "technique": "GitHub API"
    },
    "stargazersCount": {
        "excerpt": {
            "count": 0,
            "date": "Wed, 18 May 2022 21:10:01 GMT"
        },
        "confidence": [
            1.0
        ],
        "technique": "GitHub API"
    },
    "forksCount": {
        "excerpt": {
            "count": 0,
            "date": "Wed, 18 May 2022 21:10:01 GMT"
        },
        "confidence": [
            1.0
        ],
        "technique": "GitHub API"
    },
    "readmeUrl": {
        "excerpt": "https://raw.githubusercontent.com/KnowledgeCaptureAndDiscovery/SciSparkProv/master/README.md",
        "confidence": [
            1.0
        ],
        "technique": "GitHub API"
    }
}