{
    "description": [
        {
            "excerpt": "This project combines WINGS API and MINT Data Catalog using Python\n \n",
            "confidence": [
                [
                    0.9152213852675563
                ]
            ],
            "technique": "Supervised classification",
            "originalHeader": "wings-API-scripts"
        },
        {
            "excerpt": "- Implements auth, data, domain, planner, resource and user operations\n- Get the input/output, parameters, and code using [the MINT Model Catalog Ontology](https://w3id.org/mint/modelCatalog#ModelConfiguration)\n- Create the Data and data types in WINGS\n- Create the components: Select the data types and upload the code (hasComponentLocation)\n \n",
            "confidence": [
                [
                    0.9629149985403209
                ]
            ],
            "technique": "Supervised classification",
            "originalHeader": "Features",
            "parentHeader": [
                "wings-API-scripts"
            ]
        },
        {
            "excerpt": "This project combines WINGS API and MINT Data Catalog using Python",
            "confidence": [
                1.0
            ],
            "technique": "GitHub API"
        }
    ],
    "longTitle": {
        "excerpt": "wings-API-scripts",
        "confidence": [
            1.0
        ],
        "technique": "Regular expression"
    },
    "usage": [
        {
            "originalHeader": "How to use it?",
            "excerpt": "First, install the required software components\n\n```\npip install -r requirements.txt\n```\n\nSecond, check the configuration **config.ini**\n\n```\n#Mint servers\nserverMint      = http://ontosoft.isi.edu:8001/api/KnowledgeCaptureAndDiscovery/MINT-ModelCatalogQueries\nendpointMint    = http://ontosoft.isi.edu:3030/ds/query\n\n# Wings configuration\nserverWings     = http://datascience4all.org/wings-portal\nuserWings       = user\npasswordWings   = password\ndomainWings     = domain\n# Workaround wings' bug\nexportWingsURL  = http://ontosoft.isi.edu:8080/wings-portal\n```\nFinally, run it\n\n```\n$ python mint.py -r https://w3id.org/mint/instance/pihm\n```",
            "parentHeader": [
                "wings-API-scripts"
            ],
            "confidence": [
                1.0
            ],
            "technique": "Header extraction"
        }
    ],
    "codeRepository": {
        "excerpt": "https://github.com/KnowledgeCaptureAndDiscovery/wings-api-scripts",
        "confidence": [
            1.0
        ],
        "technique": "GitHub API"
    },
    "owner": {
        "excerpt": "KnowledgeCaptureAndDiscovery",
        "confidence": [
            1.0
        ],
        "technique": "GitHub API"
    },
    "ownerType": {
        "excerpt": "Organization",
        "confidence": [
            1.0
        ],
        "technique": "GitHub API"
    },
    "dateCreated": {
        "excerpt": "2019-02-11T22:48:25Z",
        "confidence": [
            1.0
        ],
        "technique": "GitHub API"
    },
    "dateModified": {
        "excerpt": "2019-08-16T00:21:24Z",
        "confidence": [
            1.0
        ],
        "technique": "GitHub API"
    },
    "name": {
        "excerpt": "wings-api-scripts",
        "confidence": [
            1.0
        ],
        "technique": "GitHub API"
    },
    "fullName": {
        "excerpt": "KnowledgeCaptureAndDiscovery/wings-api-scripts",
        "confidence": [
            1.0
        ],
        "technique": "GitHub API"
    },
    "issueTracker": {
        "excerpt": "https://api.github.com/repos/KnowledgeCaptureAndDiscovery/wings-api-scripts/issues",
        "confidence": [
            1.0
        ],
        "technique": "GitHub API"
    },
    "forksUrl": {
        "excerpt": "https://api.github.com/repos/KnowledgeCaptureAndDiscovery/wings-api-scripts/forks",
        "confidence": [
            1.0
        ],
        "technique": "GitHub API"
    },
    "downloadUrl": {
        "excerpt": "https://github.com/KnowledgeCaptureAndDiscovery/wings-api-scripts/releases",
        "confidence": [
            1.0
        ],
        "technique": "GitHub API"
    },
    "stargazersCount": {
        "excerpt": {
            "count": 0,
            "date": "Wed, 18 May 2022 21:14:05 GMT"
        },
        "confidence": [
            1.0
        ],
        "technique": "GitHub API"
    },
    "forksCount": {
        "excerpt": {
            "count": 0,
            "date": "Wed, 18 May 2022 21:14:05 GMT"
        },
        "confidence": [
            1.0
        ],
        "technique": "GitHub API"
    },
    "languages": {
        "excerpt": [
            "Python"
        ],
        "confidence": [
            1.0
        ],
        "technique": "GitHub API"
    },
    "readmeUrl": {
        "excerpt": "https://raw.githubusercontent.com/KnowledgeCaptureAndDiscovery/wings-api-scripts/master/README.md",
        "confidence": [
            1.0
        ],
        "technique": "GitHub API"
    },
    "inspect4py": {
        "software_type": "script",
        "run": "python /Users/dakixr/Desktop/github/scc/tmp/metadata/KnowledgeCaptureAndDiscoveryANDmintproject/wings-api-scripts/mint.py"
    }
}