{
    "description": [
        {
            "excerpt": "Apache [Jena Fuseki](https://jena.apache.org/documentation/fuseki2/index.html) with SeCo extensions. \nThe dataset has the `tdb:unionDefaultGraph` set to `true`, meaning that the query patterns on the default graph match against the union of the named graphs. **Note:** [the stored default graph](https://jena.apache.org/documentation/tdb/datasets.html) is not part of this union of the named graphs. Thus, if you add data into the default graph, you will have to access the graph data by using the special name `<urn:x-arq:DefaultGraph>` in a GRAPH pattern. \nThe query timeout is configured to 60 seconds by default (see the `Run` section below for instructions on configuration).\n \n",
            "confidence": [
                [
                    0.9567588029116127,
                    0.933363397953125,
                    0.9623950923286512
                ]
            ],
            "technique": "Supervised classification",
            "originalHeader": "Fuseki"
        },
        {
            "excerpt": "The container includes Jena tdbloader, textindexer, and tdbstats scripts for loading RDF data into TDB model. See the [Dockerfile of the congress-legislators dataset](https://github.com/SemanticComputing/congress-legislators/blob/master/Dockerfile) for an example.\n \n",
            "confidence": [
                [
                    0.9721904118410198
                ]
            ],
            "technique": "Supervised classification",
            "originalHeader": "Data access",
            "parentHeader": [
                "Fuseki"
            ]
        },
        {
            "excerpt": "There are two options for persistent data storage (by default the data is lost when the container is removed): \n",
            "confidence": [
                [
                    0.9788728546331359
                ]
            ],
            "technique": "Supervised classification",
            "originalHeader": "Persistent storage",
            "parentHeader": [
                "Fuseki"
            ]
        },
        {
            "excerpt": "Apache Jena Fuseki with SeCo extensions",
            "confidence": [
                1.0
            ],
            "technique": "GitHub API"
        }
    ],
    "installation": [
        {
            "excerpt": "The query timeout is configured to 60 seconds by default (see the `Run` section below for instructions on configuration).\n \n",
            "confidence": [
                [
                    0.9036619932668645
                ]
            ],
            "technique": "Supervised classification",
            "originalHeader": "Fuseki"
        }
    ],
    "longTitle": {
        "excerpt": "Fuseki",
        "confidence": [
            1.0
        ],
        "technique": "Regular expression"
    },
    "run": [
        {
            "originalHeader": "Run",
            "excerpt": "`docker run --rm -it -p 3030:3030 --name fuseki -e ADMIN_PASSWORD=[PASSWORD] -e ENABLE_DATA_WRITE=[true|false] -e ENABLE_UPDATE=[true|false] -e ENABLE_UPLOAD=[true|false] -e QUERY_TIMEOUT=[number in milliseconds] --mount type=bind,source=\"$(pwd)\"/fuseki-data,target=/fuseki-base/databases secoresearch/fuseki`\n\nOr to support adding new datasets using the Fuseki admin UI:\n\n```\nmkdir fuseki-data\nmkdir fuseki-configuration\ncp -p assembler.ttl fuseki-configuration/\ndocker run --rm -it -p 3030:3030 --name fuseki -e ADMIN_PASSWORD=[PASSWORD] -e ENABLE_DATA_WRITE=[true|false] -e ENABLE_UPDATE=[true|false] -e ENABLE_UPLOAD=[true|false] -e QUERY_TIMEOUT=[number in milliseconds] --mount type=bind,source=\"$(pwd)\"/fuseki-data,target=/fuseki-base/databases --mount type=bind,source=\"$(pwd)\"/fuseki-configuration,target=/fuseki-base/configuration secoresearch/fuseki\n```\n\nThe same run command can be used to pull and run the container from Docker Hub (no need to build the image first).\n",
            "parentHeader": [
                "Fuseki"
            ],
            "confidence": [
                1.0
            ],
            "technique": "Header extraction"
        }
    ],
    "codeRepository": {
        "excerpt": "https://github.com/KnowledgeCaptureAndDiscovery/fuseki-docker",
        "confidence": [
            1.0
        ],
        "technique": "GitHub API"
    },
    "owner": {
        "excerpt": "KnowledgeCaptureAndDiscovery",
        "confidence": [
            1.0
        ],
        "technique": "GitHub API"
    },
    "ownerType": {
        "excerpt": "Organization",
        "confidence": [
            1.0
        ],
        "technique": "GitHub API"
    },
    "dateCreated": {
        "excerpt": "2022-01-26T12:41:25Z",
        "confidence": [
            1.0
        ],
        "technique": "GitHub API"
    },
    "dateModified": {
        "excerpt": "2022-01-26T13:18:42Z",
        "confidence": [
            1.0
        ],
        "technique": "GitHub API"
    },
    "name": {
        "excerpt": "fuseki-docker",
        "confidence": [
            1.0
        ],
        "technique": "GitHub API"
    },
    "fullName": {
        "excerpt": "KnowledgeCaptureAndDiscovery/fuseki-docker",
        "confidence": [
            1.0
        ],
        "technique": "GitHub API"
    },
    "issueTracker": {
        "excerpt": "https://api.github.com/repos/KnowledgeCaptureAndDiscovery/fuseki-docker/issues",
        "confidence": [
            1.0
        ],
        "technique": "GitHub API"
    },
    "forksUrl": {
        "excerpt": "https://api.github.com/repos/KnowledgeCaptureAndDiscovery/fuseki-docker/forks",
        "confidence": [
            1.0
        ],
        "technique": "GitHub API"
    },
    "downloadUrl": {
        "excerpt": "https://github.com/KnowledgeCaptureAndDiscovery/fuseki-docker/releases",
        "confidence": [
            1.0
        ],
        "technique": "GitHub API"
    },
    "stargazersCount": {
        "excerpt": {
            "count": 0,
            "date": "Wed, 18 May 2022 21:22:21 GMT"
        },
        "confidence": [
            1.0
        ],
        "technique": "GitHub API"
    },
    "forksCount": {
        "excerpt": {
            "count": 0,
            "date": "Wed, 18 May 2022 21:22:21 GMT"
        },
        "confidence": [
            1.0
        ],
        "technique": "GitHub API"
    },
    "languages": {
        "excerpt": [
            "Dockerfile",
            "Shell"
        ],
        "confidence": [
            1.0
        ],
        "technique": "GitHub API"
    },
    "readmeUrl": {
        "excerpt": "https://raw.githubusercontent.com/KnowledgeCaptureAndDiscovery/fuseki-docker/master/README.md",
        "confidence": [
            1.0
        ],
        "technique": "GitHub API"
    },
    "hasBuildFile": [
        {
            "excerpt": [
                "https://raw.githubusercontent.com/KnowledgeCaptureAndDiscovery/fuseki-docker/master/docker-compose.yml"
            ],
            "confidence": [
                1.0
            ],
            "technique": "File Exploration",
            "format": "Docker compose file"
        },
        {
            "excerpt": [
                "https://raw.githubusercontent.com/KnowledgeCaptureAndDiscovery/fuseki-docker/master/Dockerfile"
            ],
            "confidence": [
                1.0
            ],
            "technique": "File Exploration",
            "format": "Docker file"
        }
    ],
    "hasScriptFile": {
        "excerpt": [
            "https://raw.githubusercontent.com/KnowledgeCaptureAndDiscovery/fuseki-docker/master/docker-entrypoint.sh"
        ],
        "confidence": [
            1.0
        ],
        "technique": "File Exploration"
    }
}