{
    "description": [
        {
            "excerpt": "The question templating ontology",
            "confidence": [
                1.0
            ],
            "technique": "GitHub API"
        }
    ],
    "longTitle": {
        "excerpt": "QuestionOntology",
        "confidence": [
            1.0
        ],
        "technique": "Regular expression"
    },
    "codeRepository": {
        "excerpt": "https://github.com/KnowledgeCaptureAndDiscovery/QuestionOntology",
        "confidence": [
            1.0
        ],
        "technique": "GitHub API"
    },
    "owner": {
        "excerpt": "KnowledgeCaptureAndDiscovery",
        "confidence": [
            1.0
        ],
        "technique": "GitHub API"
    },
    "ownerType": {
        "excerpt": "Organization",
        "confidence": [
            1.0
        ],
        "technique": "GitHub API"
    },
    "dateCreated": {
        "excerpt": "2021-10-05T21:40:59Z",
        "confidence": [
            1.0
        ],
        "technique": "GitHub API"
    },
    "dateModified": {
        "excerpt": "2021-10-05T22:09:48Z",
        "confidence": [
            1.0
        ],
        "technique": "GitHub API"
    },
    "name": {
        "excerpt": "QuestionOntology",
        "confidence": [
            1.0
        ],
        "technique": "GitHub API"
    },
    "fullName": {
        "excerpt": "KnowledgeCaptureAndDiscovery/QuestionOntology",
        "confidence": [
            1.0
        ],
        "technique": "GitHub API"
    },
    "issueTracker": {
        "excerpt": "https://api.github.com/repos/KnowledgeCaptureAndDiscovery/QuestionOntology/issues",
        "confidence": [
            1.0
        ],
        "technique": "GitHub API"
    },
    "forksUrl": {
        "excerpt": "https://api.github.com/repos/KnowledgeCaptureAndDiscovery/QuestionOntology/forks",
        "confidence": [
            1.0
        ],
        "technique": "GitHub API"
    },
    "downloadUrl": {
        "excerpt": "https://github.com/KnowledgeCaptureAndDiscovery/QuestionOntology/releases",
        "confidence": [
            1.0
        ],
        "technique": "GitHub API"
    },
    "stargazersCount": {
        "excerpt": {
            "count": 0,
            "date": "Wed, 18 May 2022 21:21:47 GMT"
        },
        "confidence": [
            1.0
        ],
        "technique": "GitHub API"
    },
    "forksCount": {
        "excerpt": {
            "count": 0,
            "date": "Wed, 18 May 2022 21:21:47 GMT"
        },
        "confidence": [
            1.0
        ],
        "technique": "GitHub API"
    },
    "languages": {
        "excerpt": [
            "HTML",
            "CSS"
        ],
        "confidence": [
            1.0
        ],
        "technique": "GitHub API"
    },
    "readmeUrl": {
        "excerpt": "https://raw.githubusercontent.com/KnowledgeCaptureAndDiscovery/QuestionOntology/main/README.md",
        "confidence": [
            1.0
        ],
        "technique": "GitHub API"
    },
    "ontologies": {
        "excerpt": [
            {
                "uri": "https://w3id.org/question/resource/",
                "file_url": "https://raw.githubusercontent.com/KnowledgeCaptureAndDiscovery/QuestionOntology/main/development/EnigmaQuestions.owl"
            },
            {
                "uri": "https://w3id.org/sqo",
                "file_url": "https://raw.githubusercontent.com/KnowledgeCaptureAndDiscovery/QuestionOntology/main/development/QuestionOntology.owl"
            },
            {
                "uri": "https://w3id.org/sqo",
                "file_url": "https://raw.githubusercontent.com/KnowledgeCaptureAndDiscovery/QuestionOntology/main/release/v1.0.0/ontology.nt"
            },
            {
                "uri": "https://w3id.org/sqo",
                "file_url": "https://raw.githubusercontent.com/KnowledgeCaptureAndDiscovery/QuestionOntology/main/release/v1.0.0/ontology.xml"
            },
            {
                "uri": "https://w3id.org/sqo",
                "file_url": "https://raw.githubusercontent.com/KnowledgeCaptureAndDiscovery/QuestionOntology/main/release/v1.0.0/ontology.ttl"
            },
            {
                "uri": "http://disk-project.org/resources/question/",
                "file_url": "https://raw.githubusercontent.com/KnowledgeCaptureAndDiscovery/QuestionOntology/main/examples/hypothesisQuestions.xml"
            },
            {
                "uri": "http://disk-project.org/examples/",
                "file_url": "https://raw.githubusercontent.com/KnowledgeCaptureAndDiscovery/QuestionOntology/main/examples/bike_rent.xml"
            },
            {
                "uri": "http://disk-project.org/examples/",
                "file_url": "https://raw.githubusercontent.com/KnowledgeCaptureAndDiscovery/QuestionOntology/main/examples/bike_rent.owl"
            }
        ],
        "confidence": [
            1.0
        ],
        "technique": "File Exploration"
    }
}