{
    "description": [
        {
            "excerpt": "RDF explorer is a Linked Data Frontend for SPARQL Endpoints \n",
            "confidence": [
                [
                    0.996594885805579
                ]
            ],
            "technique": "Supervised classification",
            "originalHeader": "RDF Explorer"
        },
        {
            "excerpt": "RDF explorer is a Linked Data Frontend for SPARQL Endpoints",
            "confidence": [
                1.0
            ],
            "technique": "GitHub API"
        }
    ],
    "run": [
        {
            "originalHeader": "How to run",
            "excerpt": "Using docker-compose:\n\n```shell\n$ docker-compose up -d\n```\n\nOr you can only docker cmd: \n\n```shell\ndocker run -d --name rdf_explorer -e \"NODE_ENV=production\" -p 7070:7070 kcapd/explorer\n```\n",
            "parentHeader": [
                "RDF Explorer"
            ],
            "confidence": [
                1.0
            ],
            "technique": "Header extraction"
        }
    ],
    "usage": [
        {
            "originalHeader": "How to use",
            "excerpt": "You can visit the webpage of a resource. For example, the resource PIHM of MINT Catalog [http://<your_server>:<your_port>/mint/instance/PIHM](http://ontosoft.isi.edu:7070/mint/instance/pihm)\n\n\nOr you can obtain the triples. For example, an execution of OPMW\n\n```shell\n$ curl -L -H \"Accept: text/turtle\" http://www.opmw.org/export/resource/WorkflowExecutionArtifact/Caesar_Cypher-1f-f788bcd8-75d9-4996-974d-ef6a442a36da_EncryptedDocument\n```\n\nThe explorer supports;\n\n- text/turtle \n- application/ld+json\n- application/rdf+xml\n- application/n-triples\n",
            "parentHeader": [
                "RDF Explorer"
            ],
            "confidence": [
                1.0
            ],
            "technique": "Header extraction"
        }
    ],
    "codeRepository": {
        "excerpt": "https://github.com/KnowledgeCaptureAndDiscovery/rdf_explorer",
        "confidence": [
            1.0
        ],
        "technique": "GitHub API"
    },
    "owner": {
        "excerpt": "KnowledgeCaptureAndDiscovery",
        "confidence": [
            1.0
        ],
        "technique": "GitHub API"
    },
    "ownerType": {
        "excerpt": "Organization",
        "confidence": [
            1.0
        ],
        "technique": "GitHub API"
    },
    "dateCreated": {
        "excerpt": "2019-01-22T21:33:53Z",
        "confidence": [
            1.0
        ],
        "technique": "GitHub API"
    },
    "dateModified": {
        "excerpt": "2021-03-26T19:05:13Z",
        "confidence": [
            1.0
        ],
        "technique": "GitHub API"
    },
    "name": {
        "excerpt": "rdf_explorer",
        "confidence": [
            1.0
        ],
        "technique": "GitHub API"
    },
    "fullName": {
        "excerpt": "KnowledgeCaptureAndDiscovery/rdf_explorer",
        "confidence": [
            1.0
        ],
        "technique": "GitHub API"
    },
    "issueTracker": {
        "excerpt": "https://api.github.com/repos/KnowledgeCaptureAndDiscovery/rdf_explorer/issues",
        "confidence": [
            1.0
        ],
        "technique": "GitHub API"
    },
    "forksUrl": {
        "excerpt": "https://api.github.com/repos/KnowledgeCaptureAndDiscovery/rdf_explorer/forks",
        "confidence": [
            1.0
        ],
        "technique": "GitHub API"
    },
    "downloadUrl": {
        "excerpt": "https://github.com/KnowledgeCaptureAndDiscovery/rdf_explorer/releases",
        "confidence": [
            1.0
        ],
        "technique": "GitHub API"
    },
    "stargazersCount": {
        "excerpt": {
            "count": 1,
            "date": "Wed, 18 May 2022 21:13:06 GMT"
        },
        "confidence": [
            1.0
        ],
        "technique": "GitHub API"
    },
    "forksCount": {
        "excerpt": {
            "count": 0,
            "date": "Wed, 18 May 2022 21:13:06 GMT"
        },
        "confidence": [
            1.0
        ],
        "technique": "GitHub API"
    },
    "languages": {
        "excerpt": [
            "JavaScript",
            "HTML",
            "CSS",
            "Dockerfile"
        ],
        "confidence": [
            1.0
        ],
        "technique": "GitHub API"
    },
    "readmeUrl": {
        "excerpt": "https://raw.githubusercontent.com/KnowledgeCaptureAndDiscovery/rdf_explorer/master/README.md",
        "confidence": [
            1.0
        ],
        "technique": "GitHub API"
    },
    "hasBuildFile": [
        {
            "excerpt": [
                "https://raw.githubusercontent.com/KnowledgeCaptureAndDiscovery/rdf_explorer/master/docker-compose.yml"
            ],
            "confidence": [
                1.0
            ],
            "technique": "File Exploration",
            "format": "Docker compose file"
        },
        {
            "excerpt": [
                "https://raw.githubusercontent.com/KnowledgeCaptureAndDiscovery/rdf_explorer/master/Dockerfile"
            ],
            "confidence": [
                1.0
            ],
            "technique": "File Exploration",
            "format": "Docker file"
        }
    ]
}