{
    "description": [
        {
            "excerpt": "A website for ENIGMA\n \n",
            "confidence": [
                [
                    0.9313532367424024
                ]
            ],
            "technique": "Supervised classification",
            "originalHeader": "EnigmaWebsite"
        },
        {
            "excerpt": "A website for ENIGMA",
            "confidence": [
                1.0
            ],
            "technique": "GitHub API"
        }
    ],
    "longTitle": {
        "excerpt": "EnigmaWebsite",
        "confidence": [
            1.0
        ],
        "technique": "Regular expression"
    },
    "codeRepository": {
        "excerpt": "https://github.com/KnowledgeCaptureAndDiscovery/NeuroDISK",
        "confidence": [
            1.0
        ],
        "technique": "GitHub API"
    },
    "owner": {
        "excerpt": "KnowledgeCaptureAndDiscovery",
        "confidence": [
            1.0
        ],
        "technique": "GitHub API"
    },
    "ownerType": {
        "excerpt": "Organization",
        "confidence": [
            1.0
        ],
        "technique": "GitHub API"
    },
    "dateCreated": {
        "excerpt": "2019-04-09T20:58:22Z",
        "confidence": [
            1.0
        ],
        "technique": "GitHub API"
    },
    "dateModified": {
        "excerpt": "2022-05-09T18:45:54Z",
        "confidence": [
            1.0
        ],
        "technique": "GitHub API"
    },
    "name": {
        "excerpt": "NeuroDISK",
        "confidence": [
            1.0
        ],
        "technique": "GitHub API"
    },
    "fullName": {
        "excerpt": "KnowledgeCaptureAndDiscovery/NeuroDISK",
        "confidence": [
            1.0
        ],
        "technique": "GitHub API"
    },
    "issueTracker": {
        "excerpt": "https://api.github.com/repos/KnowledgeCaptureAndDiscovery/NeuroDISK/issues",
        "confidence": [
            1.0
        ],
        "technique": "GitHub API"
    },
    "forksUrl": {
        "excerpt": "https://api.github.com/repos/KnowledgeCaptureAndDiscovery/NeuroDISK/forks",
        "confidence": [
            1.0
        ],
        "technique": "GitHub API"
    },
    "downloadUrl": {
        "excerpt": "https://github.com/KnowledgeCaptureAndDiscovery/NeuroDISK/releases",
        "confidence": [
            1.0
        ],
        "technique": "GitHub API"
    },
    "topics": {
        "excerpt": [
            "kcap-disk"
        ],
        "confidence": [
            1.0
        ],
        "technique": "GitHub API"
    },
    "stargazersCount": {
        "excerpt": {
            "count": 0,
            "date": "Wed, 18 May 2022 21:14:29 GMT"
        },
        "confidence": [
            1.0
        ],
        "technique": "GitHub API"
    },
    "forksCount": {
        "excerpt": {
            "count": 0,
            "date": "Wed, 18 May 2022 21:14:29 GMT"
        },
        "confidence": [
            1.0
        ],
        "technique": "GitHub API"
    },
    "languages": {
        "excerpt": [
            "HTML",
            "CSS"
        ],
        "confidence": [
            1.0
        ],
        "technique": "GitHub API"
    },
    "readmeUrl": {
        "excerpt": "https://raw.githubusercontent.com/KnowledgeCaptureAndDiscovery/NeuroDISK/master/README.md",
        "confidence": [
            1.0
        ],
        "technique": "GitHub API"
    }
}