{
    "description": [
        {
            "excerpt": "Page for the knowledge capture and discovery group. The page is published at http://knowledgecaptureanddiscovery.github.io/\n \n",
            "confidence": [
                [
                    0.9572497240537329
                ]
            ],
            "technique": "Supervised classification",
            "originalHeader": "knowledgecaptureanddiscovery.github.io"
        }
    ],
    "longTitle": {
        "excerpt": "knowledgecaptureanddiscovery.github.io",
        "confidence": [
            1.0
        ],
        "technique": "Regular expression"
    },
    "codeRepository": {
        "excerpt": "https://github.com/KnowledgeCaptureAndDiscovery/knowledgecaptureanddiscovery.github.io",
        "confidence": [
            1.0
        ],
        "technique": "GitHub API"
    },
    "owner": {
        "excerpt": "KnowledgeCaptureAndDiscovery",
        "confidence": [
            1.0
        ],
        "technique": "GitHub API"
    },
    "ownerType": {
        "excerpt": "Organization",
        "confidence": [
            1.0
        ],
        "technique": "GitHub API"
    },
    "dateCreated": {
        "excerpt": "2017-11-21T20:57:13Z",
        "confidence": [
            1.0
        ],
        "technique": "GitHub API"
    },
    "dateModified": {
        "excerpt": "2021-11-08T08:21:39Z",
        "confidence": [
            1.0
        ],
        "technique": "GitHub API"
    },
    "name": {
        "excerpt": "knowledgecaptureanddiscovery.github.io",
        "confidence": [
            1.0
        ],
        "technique": "GitHub API"
    },
    "fullName": {
        "excerpt": "KnowledgeCaptureAndDiscovery/knowledgecaptureanddiscovery.github.io",
        "confidence": [
            1.0
        ],
        "technique": "GitHub API"
    },
    "issueTracker": {
        "excerpt": "https://api.github.com/repos/KnowledgeCaptureAndDiscovery/knowledgecaptureanddiscovery.github.io/issues",
        "confidence": [
            1.0
        ],
        "technique": "GitHub API"
    },
    "forksUrl": {
        "excerpt": "https://api.github.com/repos/KnowledgeCaptureAndDiscovery/knowledgecaptureanddiscovery.github.io/forks",
        "confidence": [
            1.0
        ],
        "technique": "GitHub API"
    },
    "downloadUrl": {
        "excerpt": "https://github.com/KnowledgeCaptureAndDiscovery/knowledgecaptureanddiscovery.github.io/releases",
        "confidence": [
            1.0
        ],
        "technique": "GitHub API"
    },
    "stargazersCount": {
        "excerpt": {
            "count": 1,
            "date": "Wed, 18 May 2022 21:10:53 GMT"
        },
        "confidence": [
            1.0
        ],
        "technique": "GitHub API"
    },
    "forksCount": {
        "excerpt": {
            "count": 0,
            "date": "Wed, 18 May 2022 21:10:53 GMT"
        },
        "confidence": [
            1.0
        ],
        "technique": "GitHub API"
    },
    "languages": {
        "excerpt": [
            "TeX",
            "HTML",
            "CSS"
        ],
        "confidence": [
            1.0
        ],
        "technique": "GitHub API"
    },
    "readmeUrl": {
        "excerpt": "https://raw.githubusercontent.com/KnowledgeCaptureAndDiscovery/knowledgecaptureanddiscovery.github.io/master/README.md",
        "confidence": [
            1.0
        ],
        "technique": "GitHub API"
    }
}