{
    "description": [
        {
            "originalHeader": "Introduction",
            "excerpt": "This repository contains different WINGS docker images with pre-installed software, as well as the instructions to run them.\n\n* kcapd/wings-base: Clean installation of WINGS and Docker. \n* kcapd/wings-genomics: contains all the software from wings-base plus python-dev, samtools, tophat, cufflinks, RSeQC and R.\n",
            "parentHeader": [
                "WINGS-Docker repository [DEPRECATED]"
            ],
            "confidence": [
                1.0
            ],
            "technique": "Header extraction"
        },
        {
            "excerpt": "The easiest way of accessing the results from your workflows is using a web browser: ```http://localhost:8080/wings-portal```, going to \"Analysis->Access Runs\" or \"Advanced ->Manage Data\". Whenever a file is downloaded, it will be saved to your local computer. \n",
            "confidence": [
                [
                    0.9826031106736144
                ]
            ],
            "technique": "Supervised classification",
            "originalHeader": "Copy results from different executions into your local computer",
            "parentHeader": [
                "WINGS-Docker repository [DEPRECATED]",
                "Stoping WINGS"
            ]
        },
        {
            "excerpt": "All your contents are now saved on \"genomics-new\". You can check this by executing ```docker images``` and checking that your new image is bigger in size than the original one.\n \n",
            "confidence": [
                [
                    0.9339357587317992
                ]
            ],
            "technique": "Supervised classification",
            "originalHeader": "Share a docker image with workflows, new software and data.",
            "parentHeader": [
                "WINGS-Docker repository [DEPRECATED]",
                "Stoping WINGS"
            ]
        }
    ],
    "longTitle": {
        "excerpt": "WINGS-Docker repository [DEPRECATED]",
        "confidence": [
            1.0
        ],
        "technique": "Regular expression"
    },
    "run": [
        {
            "originalHeader": "Executing WINGS:",
            "excerpt": "Once you have pulled or created your images, you can run wings in two ways:\n\n### Using docker-compose (recommended)\nTo run the server use\n\n```bash\ndocker-compose up\n```\n\nYou may also specify the `-d` flag to run in detached mode.\n\nIf the server is running, you can enter the container by running\n\n```bash\ndocker-compose exec [IMAGE_NAME] bash\n```\n\nIf the server is not running, you can run it inside the container with the following command:\n\n```bash\ndocker-compose run [IMAGE_NAME] bash\n```\n",
            "parentHeader": [
                "WINGS-Docker repository [DEPRECATED]"
            ],
            "confidence": [
                1.0
            ],
            "technique": "Header extraction"
        },
        {
            "originalHeader": "Using the startup script",
            "excerpt": "You should run the file ```start-wings.sh``` that you will find on the \"scripts\" folder of this repository: \n\n```bash\n# If [NAME] is not specified, it defaults to wings.\n./start-wings.sh [NAME]\n```\n\nThis file will execute the container with the following options (it is assumed that the image you want to execute is kcapd/wings-base):\n\n```bash\ndocker run --interactive \\\n               --tty \\\n               --env WINGS_MODE='dind' \\\n               --volume \"${NAME}_vol\":/opt/wings \\\n               --name ${NAME} \\\n               --publish 8080:8080 \\\n               ${ARGS} kcapd/wings-base\n```\n\nAnd now you can access WINGS' web interface from the Docker image: ```http://localhost:8080/wings-portal```\n",
            "parentHeader": [
                "WINGS-Docker repository [DEPRECATED]",
                "Executing WINGS:"
            ],
            "confidence": [
                1.0
            ],
            "technique": "Header extraction"
        }
    ],
    "codeRepository": {
        "excerpt": "https://github.com/KnowledgeCaptureAndDiscovery/wings-docker",
        "confidence": [
            1.0
        ],
        "technique": "GitHub API"
    },
    "owner": {
        "excerpt": "KnowledgeCaptureAndDiscovery",
        "confidence": [
            1.0
        ],
        "technique": "GitHub API"
    },
    "ownerType": {
        "excerpt": "Organization",
        "confidence": [
            1.0
        ],
        "technique": "GitHub API"
    },
    "dateCreated": {
        "excerpt": "2017-09-29T19:06:06Z",
        "confidence": [
            1.0
        ],
        "technique": "GitHub API"
    },
    "dateModified": {
        "excerpt": "2022-01-08T22:27:21Z",
        "confidence": [
            1.0
        ],
        "technique": "GitHub API"
    },
    "name": {
        "excerpt": "wings-docker",
        "confidence": [
            1.0
        ],
        "technique": "GitHub API"
    },
    "fullName": {
        "excerpt": "KnowledgeCaptureAndDiscovery/wings-docker",
        "confidence": [
            1.0
        ],
        "technique": "GitHub API"
    },
    "issueTracker": {
        "excerpt": "https://api.github.com/repos/KnowledgeCaptureAndDiscovery/wings-docker/issues",
        "confidence": [
            1.0
        ],
        "technique": "GitHub API"
    },
    "forksUrl": {
        "excerpt": "https://api.github.com/repos/KnowledgeCaptureAndDiscovery/wings-docker/forks",
        "confidence": [
            1.0
        ],
        "technique": "GitHub API"
    },
    "downloadUrl": {
        "excerpt": "https://github.com/KnowledgeCaptureAndDiscovery/wings-docker/releases",
        "confidence": [
            1.0
        ],
        "technique": "GitHub API"
    },
    "stargazersCount": {
        "excerpt": {
            "count": 3,
            "date": "Wed, 18 May 2022 20:55:59 GMT"
        },
        "confidence": [
            1.0
        ],
        "technique": "GitHub API"
    },
    "forksCount": {
        "excerpt": {
            "count": 7,
            "date": "Wed, 18 May 2022 20:55:59 GMT"
        },
        "confidence": [
            1.0
        ],
        "technique": "GitHub API"
    },
    "languages": {
        "excerpt": [
            "Python",
            "Dockerfile",
            "R",
            "Shell"
        ],
        "confidence": [
            1.0
        ],
        "technique": "GitHub API"
    },
    "readmeUrl": {
        "excerpt": "https://raw.githubusercontent.com/KnowledgeCaptureAndDiscovery/wings-docker/master/readme.md",
        "confidence": [
            1.0
        ],
        "technique": "GitHub API"
    },
    "hasBuildFile": [
        {
            "excerpt": [
                "https://raw.githubusercontent.com/KnowledgeCaptureAndDiscovery/wings-docker/master/docker-compose.yml"
            ],
            "confidence": [
                1.0
            ],
            "technique": "File Exploration",
            "format": "Docker compose file"
        },
        {
            "excerpt": [
                "https://raw.githubusercontent.com/KnowledgeCaptureAndDiscovery/wings-docker/master/docker/genomics/Dockerfile",
                "https://raw.githubusercontent.com/KnowledgeCaptureAndDiscovery/wings-docker/master/docker/default/Dockerfile"
            ],
            "confidence": [
                1.0
            ],
            "technique": "File Exploration",
            "format": "Docker file"
        }
    ],
    "hasScriptFile": {
        "excerpt": [
            "https://raw.githubusercontent.com/KnowledgeCaptureAndDiscovery/wings-docker/master/scripts/setenv.sh",
            "https://raw.githubusercontent.com/KnowledgeCaptureAndDiscovery/wings-docker/master/scripts/start-wings.sh"
        ],
        "confidence": [
            1.0
        ],
        "technique": "File Exploration"
    },
    "inspect4py": {
        "software_type": "script",
        "run": "python /Users/dakixr/Desktop/github/scc/tmp/metadata/KnowledgeCaptureAndDiscoveryANDmintproject/wings-docker/scripts/wings-api/run.py"
    }
}