{
    "description": [
        {
            "excerpt": "This respository contains a dockerfile to generate an empty instance of a ODS wiki.\nThe generated server contains only the main page and should be bootstraped with an ontology.\n \n",
            "confidence": [
                [
                    0.9826060694050279
                ]
            ],
            "technique": "Supervised classification",
            "originalHeader": "ODS Wikis"
        },
        {
            "excerpt": "As default, the SQL image loads the `enigma.sql` file, with a basic version of the wiki. \n",
            "confidence": [
                [
                    0.9017996891267825
                ]
            ],
            "technique": "Supervised classification",
            "originalHeader": "Configuring",
            "parentHeader": [
                "ODS Wikis"
            ]
        }
    ],
    "installation": [
        {
            "originalHeader": "Installation",
            "excerpt": "1. Clone the repository [https://github.com/KnowledgeCaptureAndDiscovery/ODS_wiki.git](https://github.com/KnowledgeCaptureAndDiscovery/ODS_wiki.git)\n\n\n```bash\ngit clone git@github.com:KnowledgeCaptureAndDiscovery/ODS_wiki.git\n```\n\n2. Setup\n\n```bash\ndocker-compose up --build\n```\n",
            "parentHeader": [
                "ODS Wikis"
            ],
            "confidence": [
                1.0
            ],
            "technique": "Header extraction"
        }
    ],
    "longTitle": {
        "excerpt": "ODS Wikis",
        "confidence": [
            1.0
        ],
        "technique": "Regular expression"
    },
    "documentation": [
        {
            "excerpt": "https://github.com/KnowledgeCaptureAndDiscovery/ODS_wiki.git",
            "confidence": [
                1.0
            ],
            "technique": "Regular expression",
            "type": "wiki"
        }
    ],
    "codeRepository": {
        "excerpt": "https://github.com/KnowledgeCaptureAndDiscovery/ODS_wiki",
        "confidence": [
            1.0
        ],
        "technique": "GitHub API"
    },
    "owner": {
        "excerpt": "KnowledgeCaptureAndDiscovery",
        "confidence": [
            1.0
        ],
        "technique": "GitHub API"
    },
    "ownerType": {
        "excerpt": "Organization",
        "confidence": [
            1.0
        ],
        "technique": "GitHub API"
    },
    "dateCreated": {
        "excerpt": "2021-07-01T21:20:54Z",
        "confidence": [
            1.0
        ],
        "technique": "GitHub API"
    },
    "dateModified": {
        "excerpt": "2021-08-12T04:08:48Z",
        "confidence": [
            1.0
        ],
        "technique": "GitHub API"
    },
    "name": {
        "excerpt": "ODS_wiki",
        "confidence": [
            1.0
        ],
        "technique": "GitHub API"
    },
    "fullName": {
        "excerpt": "KnowledgeCaptureAndDiscovery/ODS_wiki",
        "confidence": [
            1.0
        ],
        "technique": "GitHub API"
    },
    "issueTracker": {
        "excerpt": "https://api.github.com/repos/KnowledgeCaptureAndDiscovery/ODS_wiki/issues",
        "confidence": [
            1.0
        ],
        "technique": "GitHub API"
    },
    "forksUrl": {
        "excerpt": "https://api.github.com/repos/KnowledgeCaptureAndDiscovery/ODS_wiki/forks",
        "confidence": [
            1.0
        ],
        "technique": "GitHub API"
    },
    "downloadUrl": {
        "excerpt": "https://github.com/KnowledgeCaptureAndDiscovery/ODS_wiki/releases",
        "confidence": [
            1.0
        ],
        "technique": "GitHub API"
    },
    "stargazersCount": {
        "excerpt": {
            "count": 0,
            "date": "Wed, 18 May 2022 21:21:27 GMT"
        },
        "confidence": [
            1.0
        ],
        "technique": "GitHub API"
    },
    "forksCount": {
        "excerpt": {
            "count": 0,
            "date": "Wed, 18 May 2022 21:21:27 GMT"
        },
        "confidence": [
            1.0
        ],
        "technique": "GitHub API"
    },
    "languages": {
        "excerpt": [
            "PHP",
            "Dockerfile"
        ],
        "confidence": [
            1.0
        ],
        "technique": "GitHub API"
    },
    "readmeUrl": {
        "excerpt": "https://raw.githubusercontent.com/KnowledgeCaptureAndDiscovery/ODS_wiki/master/README.md",
        "confidence": [
            1.0
        ],
        "technique": "GitHub API"
    },
    "hasBuildFile": [
        {
            "excerpt": [
                "https://raw.githubusercontent.com/KnowledgeCaptureAndDiscovery/ODS_wiki/master/docker-compose.yml"
            ],
            "confidence": [
                1.0
            ],
            "technique": "File Exploration",
            "format": "Docker compose file"
        },
        {
            "excerpt": [
                "https://raw.githubusercontent.com/KnowledgeCaptureAndDiscovery/ODS_wiki/master/enigma-db/Dockerfile",
                "https://raw.githubusercontent.com/KnowledgeCaptureAndDiscovery/ODS_wiki/master/enigma-wiki/Dockerfile"
            ],
            "confidence": [
                1.0
            ],
            "technique": "File Exploration",
            "format": "Docker file"
        }
    ],
    "ontologies": {
        "excerpt": [
            {
                "uri": "https://w3id.org/enigma",
                "file_url": "https://raw.githubusercontent.com/KnowledgeCaptureAndDiscovery/ODS_wiki/master/enigma-wiki/ontologies/enigma_env.owl"
            }
        ],
        "confidence": [
            1.0
        ],
        "technique": "File Exploration"
    },
    "releases": {
        "excerpt": [
            {
                "tagName": "pd-2",
                "name": "PD ontology updated",
                "authorName": "hvarg",
                "authorType": "User",
                "body": "",
                "tarballUrl": "https://api.github.com/repos/KnowledgeCaptureAndDiscovery/ODS_wiki/tarball/pd-2",
                "zipballUrl": "https://api.github.com/repos/KnowledgeCaptureAndDiscovery/ODS_wiki/zipball/pd-2",
                "htmlUrl": "https://github.com/KnowledgeCaptureAndDiscovery/ODS_wiki/releases/tag/pd-2",
                "url": "https://api.github.com/repos/KnowledgeCaptureAndDiscovery/ODS_wiki/releases/53132786",
                "dateCreated": "2021-08-12T04:08:41Z",
                "datePublished": "2021-11-11T01:04:21Z"
            },
            {
                "tagName": "pd-1",
                "name": "PD Ontology for wiki",
                "authorName": "hvarg",
                "authorType": "User",
                "body": "",
                "tarballUrl": "https://api.github.com/repos/KnowledgeCaptureAndDiscovery/ODS_wiki/tarball/pd-1",
                "zipballUrl": "https://api.github.com/repos/KnowledgeCaptureAndDiscovery/ODS_wiki/zipball/pd-1",
                "htmlUrl": "https://github.com/KnowledgeCaptureAndDiscovery/ODS_wiki/releases/tag/pd-1",
                "url": "https://api.github.com/repos/KnowledgeCaptureAndDiscovery/ODS_wiki/releases/50840923",
                "dateCreated": "2021-08-12T04:08:41Z",
                "datePublished": "2021-10-05T19:38:18Z"
            }
        ],
        "confidence": [
            1.0
        ],
        "technique": "GitHub API"
    }
}