{
    "description": [
        {
            "excerpt": "Run models using a CSV simulation matrix files.",
            "confidence": [
                1.0
            ],
            "technique": "GitHub API"
        }
    ],
    "longTitle": {
        "excerpt": "Run Simulations",
        "confidence": [
            1.0
        ],
        "technique": "Regular expression"
    },
    "requirement": [
        {
            "originalHeader": "Prerequisites",
            "excerpt": "WINGS Component(s) and Template should pre-exist.\n\n```bash\n$ ./sim-runner.py -h\nusage: sim-runner.py [-h] -w WINGS_CONFIG -m MODEL_NAME [-d] simulation_matrix\n\nRun WINGS template based on simulation matrix.\n\npositional arguments:\n  simulation_matrix     Simulation Matrix\n\noptional arguments:\n  -h, --help            show this help message and exit\n  -w WINGS_CONFIG, --wings-config WINGS_CONFIG\n                        WINGS Configuration File\n  -m MODEL_NAME, --model-name MODEL_NAME\n                        Model to run\n  -d, --debug           Debug\n```\n",
            "parentHeader": [
                "Adding a New Model"
            ],
            "confidence": [
                1.0
            ],
            "technique": "Header extraction"
        }
    ],
    "usage": [
        {
            "originalHeader": "Example",
            "excerpt": "```python\nfrom pathlib import Path\n\n__WINGS_TEMPLATE_NAME__ = \"economic-v5-standalone\"\n\n\n__IO_TYPES__ = {\n    \"cycles-data\": \"economic-cycles-data\",\n    \"land-input\": \"economic-land-input\",\n    \"price\": \"economic-price\",\n    \"production-cost\": \"economic-production-cost\",\n    \"sim-price\": \"economic-sim-price\",\n    \"sim-production-cost\": \"economic-sim-production-cost\",\n    \"supply-elasticity\": \"economic-supply-elasticity\",\n}\n\n\ndef process_input(kwargs):\n    return {\n        \"cycles-data\": Path(\"cyclesdata.csv\"),\n        \"land-input\": \"file:landinput.csv\",\n        \"price\": \"file:price.csv\",\n        \"production-cost\": \"file:productioncost.csv\",\n        \"sim-price\": \"file:simprice.csv\",\n        \"sim-production-cost\": \"file:simproductioncost.csv\",\n        \"supply-elasticity\": \"file:supplyelasticity.csv\",\n    }\n```\n",
            "parentHeader": [
                "Adding a New Model",
                "Create a <model_name>.py File"
            ],
            "confidence": [
                1.0
            ],
            "technique": "Header extraction"
        }
    ],
    "codeRepository": {
        "excerpt": "https://github.com/mintproject/simulation-runner",
        "confidence": [
            1.0
        ],
        "technique": "GitHub API"
    },
    "owner": {
        "excerpt": "mintproject",
        "confidence": [
            1.0
        ],
        "technique": "GitHub API"
    },
    "ownerType": {
        "excerpt": "Organization",
        "confidence": [
            1.0
        ],
        "technique": "GitHub API"
    },
    "dateCreated": {
        "excerpt": "2019-06-05T17:42:06Z",
        "confidence": [
            1.0
        ],
        "technique": "GitHub API"
    },
    "dateModified": {
        "excerpt": "2019-11-26T17:07:21Z",
        "confidence": [
            1.0
        ],
        "technique": "GitHub API"
    },
    "name": {
        "excerpt": "simulation-runner",
        "confidence": [
            1.0
        ],
        "technique": "GitHub API"
    },
    "fullName": {
        "excerpt": "mintproject/simulation-runner",
        "confidence": [
            1.0
        ],
        "technique": "GitHub API"
    },
    "issueTracker": {
        "excerpt": "https://api.github.com/repos/mintproject/simulation-runner/issues",
        "confidence": [
            1.0
        ],
        "technique": "GitHub API"
    },
    "forksUrl": {
        "excerpt": "https://api.github.com/repos/mintproject/simulation-runner/forks",
        "confidence": [
            1.0
        ],
        "technique": "GitHub API"
    },
    "downloadUrl": {
        "excerpt": "https://github.com/mintproject/simulation-runner/releases",
        "confidence": [
            1.0
        ],
        "technique": "GitHub API"
    },
    "stargazersCount": {
        "excerpt": {
            "count": 0,
            "date": "Wed, 18 May 2022 21:31:45 GMT"
        },
        "confidence": [
            1.0
        ],
        "technique": "GitHub API"
    },
    "forksCount": {
        "excerpt": {
            "count": 0,
            "date": "Wed, 18 May 2022 21:31:45 GMT"
        },
        "confidence": [
            1.0
        ],
        "technique": "GitHub API"
    },
    "languages": {
        "excerpt": [
            "Python",
            "R"
        ],
        "confidence": [
            1.0
        ],
        "technique": "GitHub API"
    },
    "readmeUrl": {
        "excerpt": "https://raw.githubusercontent.com/mintproject/simulation-runner/master/README.md",
        "confidence": [
            1.0
        ],
        "technique": "GitHub API"
    },
    "inspect4py": {
        "software_type": "script",
        "run": "python /Users/dakixr/Desktop/github/scc/tmp/metadata/KnowledgeCaptureAndDiscoveryANDmintproject/simulation-runner/sim-runner.py"
    }
}