{
    "longTitle": {
        "excerpt": "MIC terminal",
        "confidence": [
            1.0
        ],
        "technique": "Regular expression"
    },
    "run": [
        {
            "originalHeader": "Docker",
            "excerpt": "```bash\n$ docker-compose up -d\n```\n\nGo to [localhost:3000](localhost:3000)\n",
            "parentHeader": [
                "MIC terminal",
                "How to run?"
            ],
            "confidence": [
                1.0
            ],
            "technique": "Header extraction"
        }
    ],
    "codeRepository": {
        "excerpt": "https://github.com/mintproject/mic-term",
        "confidence": [
            1.0
        ],
        "technique": "GitHub API"
    },
    "owner": {
        "excerpt": "mintproject",
        "confidence": [
            1.0
        ],
        "technique": "GitHub API"
    },
    "ownerType": {
        "excerpt": "Organization",
        "confidence": [
            1.0
        ],
        "technique": "GitHub API"
    },
    "dateCreated": {
        "excerpt": "2021-08-25T21:16:42Z",
        "confidence": [
            1.0
        ],
        "technique": "GitHub API"
    },
    "dateModified": {
        "excerpt": "2021-10-18T13:47:24Z",
        "confidence": [
            1.0
        ],
        "technique": "GitHub API"
    },
    "name": {
        "excerpt": "mic-term",
        "confidence": [
            1.0
        ],
        "technique": "GitHub API"
    },
    "fullName": {
        "excerpt": "mintproject/mic-term",
        "confidence": [
            1.0
        ],
        "technique": "GitHub API"
    },
    "issueTracker": {
        "excerpt": "https://api.github.com/repos/mintproject/mic-term/issues",
        "confidence": [
            1.0
        ],
        "technique": "GitHub API"
    },
    "forksUrl": {
        "excerpt": "https://api.github.com/repos/mintproject/mic-term/forks",
        "confidence": [
            1.0
        ],
        "technique": "GitHub API"
    },
    "downloadUrl": {
        "excerpt": "https://github.com/mintproject/mic-term/releases",
        "confidence": [
            1.0
        ],
        "technique": "GitHub API"
    },
    "stargazersCount": {
        "excerpt": {
            "count": 0,
            "date": "Wed, 18 May 2022 21:49:02 GMT"
        },
        "confidence": [
            1.0
        ],
        "technique": "GitHub API"
    },
    "forksCount": {
        "excerpt": {
            "count": 0,
            "date": "Wed, 18 May 2022 21:49:02 GMT"
        },
        "confidence": [
            1.0
        ],
        "technique": "GitHub API"
    },
    "languages": {
        "excerpt": [
            "JavaScript",
            "Dockerfile"
        ],
        "confidence": [
            1.0
        ],
        "technique": "GitHub API"
    },
    "readmeUrl": {
        "excerpt": "https://raw.githubusercontent.com/mintproject/mic-term/master/README.md",
        "confidence": [
            1.0
        ],
        "technique": "GitHub API"
    },
    "hasBuildFile": [
        {
            "excerpt": [
                "https://raw.githubusercontent.com/mintproject/mic-term/master/docker-compose.yml"
            ],
            "confidence": [
                1.0
            ],
            "technique": "File Exploration",
            "format": "Docker compose file"
        },
        {
            "excerpt": [
                "https://raw.githubusercontent.com/mintproject/mic-term/master/Dockerfile"
            ],
            "confidence": [
                1.0
            ],
            "technique": "File Exploration",
            "format": "Docker file"
        }
    ]
}