{
    "description": [
        {
            "excerpt": "MINT assists analysts to easily use sophisticated simulation models and data in order to explore the role of weather and climate in water on food availability in select regions of the world. \n \n",
            "confidence": [
                [
                    0.9911370518418822
                ]
            ],
            "technique": "Supervised classification",
            "originalHeader": "mint-ui-lit <a href=\"https://travis-ci.com/mintproject/mint-ui-lit\"><img alt=\"Build Status\" src=\"https://travis-ci.com/mintproject/mint-ui-lit.svg?branch=master\" /></a>"
        },
        {
            "excerpt": "Remember to encrypt \n",
            "confidence": [
                [
                    0.9693233393948762
                ]
            ],
            "technique": "Supervised classification",
            "originalHeader": "Deploy using GitHub actions",
            "parentHeader": [
                "mint-ui-lit <a href=\"https://travis-ci.com/mintproject/mint-ui-lit\"><img alt=\"Build Status\" src=\"https://travis-ci.com/mintproject/mint-ui-lit.svg?branch=master\" /></a>"
            ]
        },
        {
            "excerpt": "New version of the MINT-UI ",
            "confidence": [
                1.0
            ],
            "technique": "GitHub API"
        }
    ],
    "installation": [
        {
            "originalHeader": "Without Docker",
            "excerpt": "To create the production build use:\n```\nyarn build\n```\n\nYou can start the development server with:\n```\nyarn start\n```\n\n",
            "parentHeader": [
                "mint-ui-lit <a href=\"https://travis-ci.com/mintproject/mint-ui-lit\"><img alt=\"Build Status\" src=\"https://travis-ci.com/mintproject/mint-ui-lit.svg?branch=master\" /></a>",
                "Installation"
            ],
            "confidence": [
                1.0
            ],
            "technique": "Header extraction"
        },
        {
            "originalHeader": "Using Docker",
            "excerpt": "Build the image\n\n```\n$ docker build . --file .Dockerfile-actions mint_ui\n```\n\nPush the image\n\n```bash\n$ docker push mint_ui <your_username>/mint_ui\n```\n",
            "parentHeader": [
                "mint-ui-lit <a href=\"https://travis-ci.com/mintproject/mint-ui-lit\"><img alt=\"Build Status\" src=\"https://travis-ci.com/mintproject/mint-ui-lit.svg?branch=master\" /></a>",
                "Installation"
            ],
            "confidence": [
                1.0
            ],
            "technique": "Header extraction"
        },
        {
            "originalHeader": "Installation",
            "excerpt": "The portal is connected to an Hasura GraphQL database, an execution engine and the model-catalog. You can follow the following repository to install them: [MINT installation package](https://github.com/mintproject/installation_public)\n\nTo connect the ui with the other servicesm, please copy the configuration sample file `./src/config/config.json.sample`\n\n```bash\n$ cp ./src/config/config.json.sample ./src/config/config.json\n```\n\n",
            "parentHeader": [
                "mint-ui-lit <a href=\"https://travis-ci.com/mintproject/mint-ui-lit\"><img alt=\"Build Status\" src=\"https://travis-ci.com/mintproject/mint-ui-lit.svg?branch=master\" /></a>"
            ],
            "confidence": [
                1.0
            ],
            "technique": "Header extraction"
        }
    ],
    "longTitle": {
        "excerpt": "mint-ui-lit ",
        "confidence": [
            1.0
        ],
        "technique": "Regular expression"
    },
    "logo": {
        "excerpt": "https://travis-ci.com/mintproject/mint-ui-lit.svg?branch=master",
        "confidence": [
            1.0
        ],
        "technique": "Regular expression"
    },
    "codeRepository": {
        "excerpt": "https://github.com/mintproject/mint-ui-lit",
        "confidence": [
            1.0
        ],
        "technique": "GitHub API"
    },
    "owner": {
        "excerpt": "mintproject",
        "confidence": [
            1.0
        ],
        "technique": "GitHub API"
    },
    "ownerType": {
        "excerpt": "Organization",
        "confidence": [
            1.0
        ],
        "technique": "GitHub API"
    },
    "dateCreated": {
        "excerpt": "2019-07-12T18:47:46Z",
        "confidence": [
            1.0
        ],
        "technique": "GitHub API"
    },
    "dateModified": {
        "excerpt": "2022-03-16T16:07:40Z",
        "confidence": [
            1.0
        ],
        "technique": "GitHub API"
    },
    "license": {
        "excerpt": {
            "name": "Apache License 2.0",
            "url": "https://api.github.com/licenses/apache-2.0"
        },
        "confidence": [
            1.0
        ],
        "technique": "GitHub API"
    },
    "name": {
        "excerpt": "mint-ui-lit",
        "confidence": [
            1.0
        ],
        "technique": "GitHub API"
    },
    "fullName": {
        "excerpt": "mintproject/mint-ui-lit",
        "confidence": [
            1.0
        ],
        "technique": "GitHub API"
    },
    "issueTracker": {
        "excerpt": "https://api.github.com/repos/mintproject/mint-ui-lit/issues",
        "confidence": [
            1.0
        ],
        "technique": "GitHub API"
    },
    "forksUrl": {
        "excerpt": "https://api.github.com/repos/mintproject/mint-ui-lit/forks",
        "confidence": [
            1.0
        ],
        "technique": "GitHub API"
    },
    "downloadUrl": {
        "excerpt": "https://github.com/mintproject/mint-ui-lit/releases",
        "confidence": [
            1.0
        ],
        "technique": "GitHub API"
    },
    "stargazersCount": {
        "excerpt": {
            "count": 1,
            "date": "Wed, 18 May 2022 21:32:40 GMT"
        },
        "confidence": [
            1.0
        ],
        "technique": "GitHub API"
    },
    "forksCount": {
        "excerpt": {
            "count": 0,
            "date": "Wed, 18 May 2022 21:32:40 GMT"
        },
        "confidence": [
            1.0
        ],
        "technique": "GitHub API"
    },
    "languages": {
        "excerpt": [
            "TypeScript",
            "JavaScript",
            "EJS",
            "Shell",
            "Dockerfile"
        ],
        "confidence": [
            1.0
        ],
        "technique": "GitHub API"
    },
    "licenseText": {
        "excerpt": "b'Copyright 2014 Google Inc\\n\\nLicensed under the Apache License, Version 2.0 (the \"License\");\\nyou may not use this file except in compliance with the License.\\nYou may obtain a copy of the License at\\n\\n    https://www.apache.org/licenses/LICENSE-2.0\\n\\nUnless required by applicable law or agreed to in writing, software\\ndistributed under the License is distributed on an \"AS IS\" BASIS,\\nWITHOUT WARRANTIES OR CONDITIONS OF ANY KIND, either express or implied.\\nSee the License for the specific language governing permissions and\\nlimitations under the License.\\n'",
        "confidence": [
            1.0
        ],
        "technique": "File Exploration"
    },
    "readmeUrl": {
        "excerpt": "https://raw.githubusercontent.com/mintproject/mint-ui-lit/master/README.md",
        "confidence": [
            1.0
        ],
        "technique": "GitHub API"
    },
    "hasBuildFile": [
        {
            "excerpt": [
                "https://raw.githubusercontent.com/mintproject/mint-ui-lit/master/docker-compose.yml"
            ],
            "confidence": [
                1.0
            ],
            "technique": "File Exploration",
            "format": "Docker compose file"
        },
        {
            "excerpt": [
                "https://raw.githubusercontent.com/mintproject/mint-ui-lit/master/Dockerfile"
            ],
            "confidence": [
                1.0
            ],
            "technique": "File Exploration",
            "format": "Docker file"
        }
    ],
    "hasScriptFile": {
        "excerpt": [
            "https://raw.githubusercontent.com/mintproject/mint-ui-lit/master/scripts/deploy.sh",
            "https://raw.githubusercontent.com/mintproject/mint-ui-lit/master/.github/scripts/decrypt_secret.sh",
            "https://raw.githubusercontent.com/mintproject/mint-ui-lit/master/.github/scripts/decrypt_secret_tacc.sh"
        ],
        "confidence": [
            1.0
        ],
        "technique": "File Exploration"
    },
    "releases": {
        "excerpt": [
            {
                "tagName": "7.0.1",
                "name": "7.0.1",
                "authorName": "mosoriob",
                "authorType": "User",
                "body": "## What's Changed\n* Publish Docker Image by @mosoriob in https://github.com/mintproject/mint-ui-lit/pull/533\n* fix: github integration by @mosoriob in https://github.com/mintproject/mint-ui-lit/pull/534\n* Configuration using files again \ud83d\ude1b  by @mosoriob in https://github.com/mintproject/mint-ui-lit/pull/536\n* fix: update instructions and config sample by @mosoriob in https://github.com/mintproject/mint-ui-lit/pull/539\n* fix: ci steps by @mosoriob in https://github.com/mintproject/mint-ui-lit/pull/543\n\n\n**Full Changelog**: https://github.com/mintproject/mint-ui-lit/compare/7.0.0...7.0.1",
                "tarballUrl": "https://api.github.com/repos/mintproject/mint-ui-lit/tarball/7.0.1",
                "zipballUrl": "https://api.github.com/repos/mintproject/mint-ui-lit/zipball/7.0.1",
                "htmlUrl": "https://github.com/mintproject/mint-ui-lit/releases/tag/7.0.1",
                "url": "https://api.github.com/repos/mintproject/mint-ui-lit/releases/67091700",
                "dateCreated": "2021-06-21T17:00:10Z",
                "datePublished": "2022-05-17T15:23:44Z"
            },
            {
                "tagName": "7.0.0",
                "name": "Model catalog 1.7",
                "authorName": "hvarg",
                "authorType": "User",
                "body": "Updated to work with model-catalog v1.7 and Hasura GraphQL database.",
                "tarballUrl": "https://api.github.com/repos/mintproject/mint-ui-lit/tarball/7.0.0",
                "zipballUrl": "https://api.github.com/repos/mintproject/mint-ui-lit/zipball/7.0.0",
                "htmlUrl": "https://github.com/mintproject/mint-ui-lit/releases/tag/7.0.0",
                "url": "https://api.github.com/repos/mintproject/mint-ui-lit/releases/40250632",
                "dateCreated": "2021-03-23T20:41:40Z",
                "datePublished": "2021-03-23T20:43:31Z"
            },
            {
                "tagName": "6.0.5",
                "name": "MINT-UI release 6.0.5",
                "authorName": "dgarijo",
                "authorType": "User",
                "body": "This release of the UI incorporates minor bug fixes and triggers a Zenodo DOI",
                "tarballUrl": "https://api.github.com/repos/mintproject/mint-ui-lit/tarball/6.0.5",
                "zipballUrl": "https://api.github.com/repos/mintproject/mint-ui-lit/zipball/6.0.5",
                "htmlUrl": "https://github.com/mintproject/mint-ui-lit/releases/tag/6.0.5",
                "url": "https://api.github.com/repos/mintproject/mint-ui-lit/releases/35519061",
                "dateCreated": "2020-11-26T03:07:44Z",
                "datePublished": "2020-12-19T04:32:55Z"
            },
            {
                "tagName": "6.0.4",
                "name": "",
                "authorName": "hvarg",
                "authorType": "User",
                "body": "",
                "tarballUrl": "https://api.github.com/repos/mintproject/mint-ui-lit/tarball/6.0.4",
                "zipballUrl": "https://api.github.com/repos/mintproject/mint-ui-lit/zipball/6.0.4",
                "htmlUrl": "https://github.com/mintproject/mint-ui-lit/releases/tag/6.0.4",
                "url": "https://api.github.com/repos/mintproject/mint-ui-lit/releases/29789030",
                "dateCreated": "2020-08-17T21:25:41Z",
                "datePublished": "2020-08-17T21:39:41Z"
            },
            {
                "tagName": "6.0.3",
                "name": "",
                "authorName": "hvarg",
                "authorType": "User",
                "body": "",
                "tarballUrl": "https://api.github.com/repos/mintproject/mint-ui-lit/tarball/6.0.3",
                "zipballUrl": "https://api.github.com/repos/mintproject/mint-ui-lit/zipball/6.0.3",
                "htmlUrl": "https://github.com/mintproject/mint-ui-lit/releases/tag/6.0.3",
                "url": "https://api.github.com/repos/mintproject/mint-ui-lit/releases/29464917",
                "dateCreated": "2020-08-07T20:46:22Z",
                "datePublished": "2020-08-07T20:46:51Z"
            },
            {
                "tagName": "6.0.2",
                "name": "",
                "authorName": "hvarg",
                "authorType": "User",
                "body": "",
                "tarballUrl": "https://api.github.com/repos/mintproject/mint-ui-lit/tarball/6.0.2",
                "zipballUrl": "https://api.github.com/repos/mintproject/mint-ui-lit/zipball/6.0.2",
                "htmlUrl": "https://github.com/mintproject/mint-ui-lit/releases/tag/6.0.2",
                "url": "https://api.github.com/repos/mintproject/mint-ui-lit/releases/29393232",
                "dateCreated": "2020-08-06T05:01:41Z",
                "datePublished": "2020-08-06T05:02:04Z"
            },
            {
                "tagName": "6.0.1",
                "name": "",
                "authorName": "hvarg",
                "authorType": "User",
                "body": "",
                "tarballUrl": "https://api.github.com/repos/mintproject/mint-ui-lit/tarball/6.0.1",
                "zipballUrl": "https://api.github.com/repos/mintproject/mint-ui-lit/zipball/6.0.1",
                "htmlUrl": "https://github.com/mintproject/mint-ui-lit/releases/tag/6.0.1",
                "url": "https://api.github.com/repos/mintproject/mint-ui-lit/releases/29392223",
                "dateCreated": "2020-08-06T04:09:40Z",
                "datePublished": "2020-08-06T04:10:06Z"
            },
            {
                "tagName": "6.0.0",
                "name": "",
                "authorName": "hvarg",
                "authorType": "User",
                "body": "",
                "tarballUrl": "https://api.github.com/repos/mintproject/mint-ui-lit/tarball/6.0.0",
                "zipballUrl": "https://api.github.com/repos/mintproject/mint-ui-lit/zipball/6.0.0",
                "htmlUrl": "https://github.com/mintproject/mint-ui-lit/releases/tag/6.0.0",
                "url": "https://api.github.com/repos/mintproject/mint-ui-lit/releases/29391418",
                "dateCreated": "2020-08-06T03:12:36Z",
                "datePublished": "2020-08-06T03:18:34Z"
            },
            {
                "tagName": "5.0.5",
                "name": "",
                "authorName": "hvarg",
                "authorType": "User",
                "body": "",
                "tarballUrl": "https://api.github.com/repos/mintproject/mint-ui-lit/tarball/5.0.5",
                "zipballUrl": "https://api.github.com/repos/mintproject/mint-ui-lit/zipball/5.0.5",
                "htmlUrl": "https://github.com/mintproject/mint-ui-lit/releases/tag/5.0.5",
                "url": "https://api.github.com/repos/mintproject/mint-ui-lit/releases/29345758",
                "dateCreated": "2020-08-05T03:26:54Z",
                "datePublished": "2020-08-05T03:27:22Z"
            },
            {
                "tagName": "5.04",
                "name": "",
                "authorName": "hvarg",
                "authorType": "User",
                "body": "",
                "tarballUrl": "https://api.github.com/repos/mintproject/mint-ui-lit/tarball/5.04",
                "zipballUrl": "https://api.github.com/repos/mintproject/mint-ui-lit/zipball/5.04",
                "htmlUrl": "https://github.com/mintproject/mint-ui-lit/releases/tag/5.04",
                "url": "https://api.github.com/repos/mintproject/mint-ui-lit/releases/29345622",
                "dateCreated": "2020-08-05T03:17:01Z",
                "datePublished": "2020-08-05T03:17:50Z"
            },
            {
                "tagName": "5.0.3-1",
                "name": "",
                "authorName": "hvarg",
                "authorType": "User",
                "body": "Hotfix for the last release",
                "tarballUrl": "https://api.github.com/repos/mintproject/mint-ui-lit/tarball/5.0.3-1",
                "zipballUrl": "https://api.github.com/repos/mintproject/mint-ui-lit/zipball/5.0.3-1",
                "htmlUrl": "https://github.com/mintproject/mint-ui-lit/releases/tag/5.0.3-1",
                "url": "https://api.github.com/repos/mintproject/mint-ui-lit/releases/29239811",
                "dateCreated": "2020-08-03T16:39:00Z",
                "datePublished": "2020-08-03T17:48:56Z"
            },
            {
                "tagName": "5.0.3",
                "name": "",
                "authorName": "hvarg",
                "authorType": "User",
                "body": "",
                "tarballUrl": "https://api.github.com/repos/mintproject/mint-ui-lit/tarball/5.0.3",
                "zipballUrl": "https://api.github.com/repos/mintproject/mint-ui-lit/zipball/5.0.3",
                "htmlUrl": "https://github.com/mintproject/mint-ui-lit/releases/tag/5.0.3",
                "url": "https://api.github.com/repos/mintproject/mint-ui-lit/releases/29187943",
                "dateCreated": "2020-08-01T01:28:07Z",
                "datePublished": "2020-08-01T04:09:17Z"
            },
            {
                "tagName": "5.0.2",
                "name": "Release 5.0.2",
                "authorName": "hvarg",
                "authorType": "User",
                "body": "",
                "tarballUrl": "https://api.github.com/repos/mintproject/mint-ui-lit/tarball/5.0.2",
                "zipballUrl": "https://api.github.com/repos/mintproject/mint-ui-lit/zipball/5.0.2",
                "htmlUrl": "https://github.com/mintproject/mint-ui-lit/releases/tag/5.0.2",
                "url": "https://api.github.com/repos/mintproject/mint-ui-lit/releases/28422271",
                "dateCreated": "2020-07-09T23:03:17Z",
                "datePublished": "2020-07-09T23:04:56Z"
            },
            {
                "tagName": "5.0.1",
                "name": "Release 5.0.1",
                "authorName": "hvarg",
                "authorType": "User",
                "body": "- Fixed key issues for Google maps\r\n- Added creation, edition and elimination of configurations\r\n- Comparison page changed\r\n- Using designed Web components for model-catalog resources",
                "tarballUrl": "https://api.github.com/repos/mintproject/mint-ui-lit/tarball/5.0.1",
                "zipballUrl": "https://api.github.com/repos/mintproject/mint-ui-lit/zipball/5.0.1",
                "htmlUrl": "https://github.com/mintproject/mint-ui-lit/releases/tag/5.0.1",
                "url": "https://api.github.com/repos/mintproject/mint-ui-lit/releases/27119054",
                "dateCreated": "2020-06-02T02:44:07Z",
                "datePublished": "2020-06-02T02:44:52Z"
            },
            {
                "tagName": "5.0.0",
                "name": "Release 5.0.0",
                "authorName": "mosoriob",
                "authorType": "User",
                "body": "* Merge pull request #373 from mintproject/dev (0a5e797)\n* Merge branch 'master' into dev (bcd10a0)\n* Button to load slow visualizations on demand (#371) (c4775f1)\n* Fixing https://github.com/mintproject/mint-ui-lit/issues/368 (#369) (2f5242e)\n* Region filter on modeling (#367) (12d1b1d)\n* Typo on visualization URL (#366) (39b791f)\n* Merge pull request #364 from hvarg/dev (8920e65)\n* Added login message (2d732bc)\n* Merge pull request #363 from hvarg/dev (d040c60)\n* Updated visualization URL (ee5ef9e)\n* Solving issues (#360) (64b3357)\n* New documentation and fixed edit inputs (#359) (2bea224)\n* Solving issues (#357) (b1347d8)\n* Merge pull request #355 from hvarg/dev (3742ff3)\n* Fixed types (49d2443)\n* Merge pull request #354 from hvarg/dev (68e80e1)\n* Models of modeling now load faster. (10e926f)\n* Merge pull request #353 from hvarg/dev (f017bdb)\n* border condition (d537e40)\n* Merge pull request #352 from hvarg/dev (83ddde3)\n* Removed adjustment_variable from models on firebase (5641614)\n* Merge pull request #351 from hvarg/dev (eb4602e)\n* Fixed region of a subcategory preview (4e83a92)",
                "tarballUrl": "https://api.github.com/repos/mintproject/mint-ui-lit/tarball/5.0.0",
                "zipballUrl": "https://api.github.com/repos/mintproject/mint-ui-lit/zipball/5.0.0",
                "htmlUrl": "https://github.com/mintproject/mint-ui-lit/releases/tag/5.0.0",
                "url": "https://api.github.com/repos/mintproject/mint-ui-lit/releases/25586885",
                "dateCreated": "2020-04-16T19:57:06Z",
                "datePublished": "2020-04-16T19:57:16Z"
            },
            {
                "tagName": "4.3.6-2",
                "name": "Release 4.3.6",
                "authorName": "hvarg",
                "authorType": "User",
                "body": "",
                "tarballUrl": "https://api.github.com/repos/mintproject/mint-ui-lit/tarball/4.3.6-2",
                "zipballUrl": "https://api.github.com/repos/mintproject/mint-ui-lit/zipball/4.3.6-2",
                "htmlUrl": "https://github.com/mintproject/mint-ui-lit/releases/tag/4.3.6-2",
                "url": "https://api.github.com/repos/mintproject/mint-ui-lit/releases/25408777",
                "dateCreated": "2020-04-11T00:20:00Z",
                "datePublished": "2020-04-11T00:57:12Z"
            },
            {
                "tagName": "4.3.6-1",
                "name": "Release 4.3.6",
                "authorName": "hvarg",
                "authorType": "User",
                "body": "* Fix #343\r\n\r\n* Fix mintproject/model-catalog-explorer#16\r\n\r\n* Fix #315\r\n\r\n* Fix mintproject/model-catalog-explorer#15\r\n\r\n* Fix #231\r\n\r\n* Fix #341\r\n\r\n* Added missed import",
                "tarballUrl": "https://api.github.com/repos/mintproject/mint-ui-lit/tarball/4.3.6-1",
                "zipballUrl": "https://api.github.com/repos/mintproject/mint-ui-lit/zipball/4.3.6-1",
                "htmlUrl": "https://github.com/mintproject/mint-ui-lit/releases/tag/4.3.6-1",
                "url": "https://api.github.com/repos/mintproject/mint-ui-lit/releases/25371585",
                "dateCreated": "2020-04-09T17:41:03Z",
                "datePublished": "2020-04-09T17:42:51Z"
            },
            {
                "tagName": "4.3.6",
                "name": "Release 4.3.6",
                "authorName": "hvarg",
                "authorType": "User",
                "body": "Added region preview for models on Explore Areas.",
                "tarballUrl": "https://api.github.com/repos/mintproject/mint-ui-lit/tarball/4.3.6",
                "zipballUrl": "https://api.github.com/repos/mintproject/mint-ui-lit/zipball/4.3.6",
                "htmlUrl": "https://github.com/mintproject/mint-ui-lit/releases/tag/4.3.6",
                "url": "https://api.github.com/repos/mintproject/mint-ui-lit/releases/25304618",
                "dateCreated": "2020-04-08T02:16:31Z",
                "datePublished": "2020-04-08T02:28:29Z"
            },
            {
                "tagName": "4.3.5",
                "name": "Release 4.3.5",
                "authorName": "hvarg",
                "authorType": "User",
                "body": "- Updating model catalog API\r\n- Fixed regions issues\r\n- Fixed model-catalog issues",
                "tarballUrl": "https://api.github.com/repos/mintproject/mint-ui-lit/tarball/4.3.5",
                "zipballUrl": "https://api.github.com/repos/mintproject/mint-ui-lit/zipball/4.3.5",
                "htmlUrl": "https://github.com/mintproject/mint-ui-lit/releases/tag/4.3.5",
                "url": "https://api.github.com/repos/mintproject/mint-ui-lit/releases/25258642",
                "dateCreated": "2020-04-07T00:28:11Z",
                "datePublished": "2020-04-07T00:30:23Z"
            },
            {
                "tagName": "4.3.4",
                "name": "Release 4.3.4",
                "authorName": "hvarg",
                "authorType": "User",
                "body": "",
                "tarballUrl": "https://api.github.com/repos/mintproject/mint-ui-lit/tarball/4.3.4",
                "zipballUrl": "https://api.github.com/repos/mintproject/mint-ui-lit/zipball/4.3.4",
                "htmlUrl": "https://github.com/mintproject/mint-ui-lit/releases/tag/4.3.4",
                "url": "https://api.github.com/repos/mintproject/mint-ui-lit/releases/24758748",
                "dateCreated": "2020-03-23T04:01:39Z",
                "datePublished": "2020-03-23T04:12:53Z"
            },
            {
                "tagName": "4.3.1+1",
                "name": "4.3.1+1",
                "authorName": "varunratnakar",
                "authorType": "User",
                "body": "Updated Emulators Page",
                "tarballUrl": "https://api.github.com/repos/mintproject/mint-ui-lit/tarball/4.3.1+1",
                "zipballUrl": "https://api.github.com/repos/mintproject/mint-ui-lit/zipball/4.3.1+1",
                "htmlUrl": "https://github.com/mintproject/mint-ui-lit/releases/tag/4.3.1%2B1",
                "url": "https://api.github.com/repos/mintproject/mint-ui-lit/releases/24699159",
                "dateCreated": "2020-03-20T06:40:22Z",
                "datePublished": "2020-03-20T06:22:28Z"
            },
            {
                "tagName": "4.3.0",
                "name": "Release 4.3.0",
                "authorName": "mosoriob",
                "authorType": "User",
                "body": "* Merge pull request #301 from hvarg/master-pr (0922222)\n* Merge branch 'dev' into master-pr (c94dd0f)\n* Merge pull request #300 from hvarg/dev (79d251a)\n* Typo on executable on mint... (1be437f)\n* Updated to model-catalog client 1.7.2 (#299) (10d7eec)\n* Model catalog refactoring pt1 (#295) (389bb61)\n* Fix model search on Explore Areas (#293) (f10994b)",
                "tarballUrl": "https://api.github.com/repos/mintproject/mint-ui-lit/tarball/4.3.0",
                "zipballUrl": "https://api.github.com/repos/mintproject/mint-ui-lit/zipball/4.3.0",
                "htmlUrl": "https://github.com/mintproject/mint-ui-lit/releases/tag/4.3.0",
                "url": "https://api.github.com/repos/mintproject/mint-ui-lit/releases/24021454",
                "dateCreated": "2020-02-26T23:47:14Z",
                "datePublished": "2020-02-26T23:47:20Z"
            },
            {
                "tagName": "4.2.1",
                "name": "Release 4.2.1",
                "authorName": "mosoriob",
                "authorType": "User",
                "body": "* Merge pull request #294 from hvarg/dev-hotfix (0eb4451)\n* Fix model search on Explore Areas (d38f47d)",
                "tarballUrl": "https://api.github.com/repos/mintproject/mint-ui-lit/tarball/4.2.1",
                "zipballUrl": "https://api.github.com/repos/mintproject/mint-ui-lit/zipball/4.2.1",
                "htmlUrl": "https://github.com/mintproject/mint-ui-lit/releases/tag/4.2.1",
                "url": "https://api.github.com/repos/mintproject/mint-ui-lit/releases/23816207",
                "dateCreated": "2020-02-19T19:14:12Z",
                "datePublished": "2020-02-19T19:14:44Z"
            },
            {
                "tagName": "4.2.0",
                "name": "Release 4.2.0",
                "authorName": "mosoriob",
                "authorType": "User",
                "body": "* Merge pull request #285 from mintproject/dev (72df2ee)\n* Fixed documentation link. (#284) (400e216)\n* Hotfix (#283) (f31fe95)\n* Fixed https://github.com/mintproject/mint-ui-lit/issues/267 (#282) (fff7cd8)\n* Links to documentation and more search model options (#281) (5b4ec1f)\n* Fixed configure titles (#280) (7ac6aa0)",
                "tarballUrl": "https://api.github.com/repos/mintproject/mint-ui-lit/tarball/4.2.0",
                "zipballUrl": "https://api.github.com/repos/mintproject/mint-ui-lit/zipball/4.2.0",
                "htmlUrl": "https://github.com/mintproject/mint-ui-lit/releases/tag/4.2.0",
                "url": "https://api.github.com/repos/mintproject/mint-ui-lit/releases/23695020",
                "dateCreated": "2020-02-14T21:43:16Z",
                "datePublished": "2020-02-14T21:43:45Z"
            },
            {
                "tagName": "4.1.0",
                "name": "Release 4.1.0",
                "authorName": "mosoriob",
                "authorType": "User",
                "body": "* Merge pull request #279 from mintproject/dev (2ff7918)\r\n* Fixed text: \"The search results matched the following model variables\" (#274) (274e0b6)\r\n* Improve model catalog view (#273) (04cc50f)\r\n* Added new indicators (d2f8771)\r\n* Merge pull request #249 from hvarg/master (46221c2)\r\n* Fixed dataset resources loading screen (3fd4770)\r\n* Changed URL for data-transformations (2b82f49)\r\n* Removed task on regions screen and added help tooltip (320c0af)\r\n* Load dataset resources on demand (549e3ba)\r\n* Errors when selecting region in Use Models #237 (f32eb39)",
                "tarballUrl": "https://api.github.com/repos/mintproject/mint-ui-lit/tarball/4.1.0",
                "zipballUrl": "https://api.github.com/repos/mintproject/mint-ui-lit/zipball/4.1.0",
                "htmlUrl": "https://github.com/mintproject/mint-ui-lit/releases/tag/4.1.0",
                "url": "https://api.github.com/repos/mintproject/mint-ui-lit/releases/23616318",
                "dateCreated": "2020-02-12T18:21:40Z",
                "datePublished": "2020-02-12T18:21:47Z"
            },
            {
                "tagName": "4.0.1",
                "name": "Release 4.0.1",
                "authorName": "hvarg",
                "authorType": "User",
                "body": "",
                "tarballUrl": "https://api.github.com/repos/mintproject/mint-ui-lit/tarball/4.0.1",
                "zipballUrl": "https://api.github.com/repos/mintproject/mint-ui-lit/zipball/4.0.1",
                "htmlUrl": "https://github.com/mintproject/mint-ui-lit/releases/tag/4.0.1",
                "url": "https://api.github.com/repos/mintproject/mint-ui-lit/releases/23232278",
                "dateCreated": "2020-01-29T19:31:10Z",
                "datePublished": "2020-01-29T19:33:51Z"
            },
            {
                "tagName": "4.0.0-2",
                "name": "Release 4.0.0-2",
                "authorName": "mosoriob",
                "authorType": "User",
                "body": "* add release-it config (d26438b)\n* Merge pull request #235 from hvarg/master-patch-2 (82a01b3)\n* Fixed https://github.com/mintproject/mint-ui-lit/issues/225 (da8189c)\n* Fixed https://github.com/mintproject/mint-ui-lit/issues/233 added option to edit configuration defaults (9391001)",
                "tarballUrl": "https://api.github.com/repos/mintproject/mint-ui-lit/tarball/4.0.0-2",
                "zipballUrl": "https://api.github.com/repos/mintproject/mint-ui-lit/zipball/4.0.0-2",
                "htmlUrl": "https://github.com/mintproject/mint-ui-lit/releases/tag/4.0.0-2",
                "url": "https://api.github.com/repos/mintproject/mint-ui-lit/releases/23197170",
                "dateCreated": "2020-01-28T19:23:05Z",
                "datePublished": "2020-01-28T19:23:12Z"
            },
            {
                "tagName": "4.0.0-1",
                "name": "Release 4.0.0-1",
                "authorName": "mosoriob",
                "authorType": "User",
                "body": "* Merge pull request #227 from hvarg/master-patch-1 (04af63d)\n* Fixed front page links (80828a2)\n* Removed duplicated images (057e41b)",
                "tarballUrl": "https://api.github.com/repos/mintproject/mint-ui-lit/tarball/4.0.0-1",
                "zipballUrl": "https://api.github.com/repos/mintproject/mint-ui-lit/zipball/4.0.0-1",
                "htmlUrl": "https://github.com/mintproject/mint-ui-lit/releases/tag/4.0.0-1",
                "url": "https://api.github.com/repos/mintproject/mint-ui-lit/releases/23162014",
                "dateCreated": "2020-01-27T19:13:09Z",
                "datePublished": "2020-01-27T19:13:16Z"
            },
            {
                "tagName": "4.0.0-0",
                "name": "Release 4.0.0-0",
                "authorName": "mosoriob",
                "authorType": "User",
                "body": "* Merge pull request #224 from mintproject/dev (cd3de30)\n* Merge branch 'dev' of https://github.com/mintproject/mint-ui-lit into dev (bb12049)\n* Updated versions + Adding position to ModelIO as well (b348fa5)\n* Merge pull request #223 from hvarg/dev-patch-3 (8e31720)\n* Fixed order of parameters on model-view (6881e2f)\n* Some Hardcoded emulator details (88a43db)\n* Merge branch 'dev' of https://github.com/mintproject/mint-ui-lit into dev (36d1336)\n* Some bugfixes + showing the region id (09dde1c)\n* Merge pull request #222 from hvarg/dev (495d08f)\n* Added static pages (99f60c9)\n* Select multiple regions on setup creation. (feef917)\n* Merge pull request #221 from hvarg/dev (be07173)\n* Added map on region configuration (31ad7e5)\n* Fix for run list not updating on initial run (bdc9071)\n* Merge pull request #220 from hvarg/dev (1a2dddf)\n* Changing type of setups to ModelConfigurationSetup and added region selector. (8e3d8d2)\n* Merge pull request #219 from hvarg/dev-patch-2 (8d014f9)\n* Fixed time coverage on dataset resources (db7e55a)\n* Merge branch 'dev' of https://github.com/mintproject/mint-ui-lit into dev-patch-2 (a65bce1)\n* Merge pull request #218 from hvarg/dev-patch (c908c24)\n* Fixed dataset search, time coverage now is optional (18a16c8)\n* Region selection on new setup (f84099f)\n* Merge pull request #217 from hvarg/dev (3ad465b)\n* Added region categories description and citation (ca3e352)\n* New region categories (6dfe443)\n* Use input url (ee43e86)\n* Fixes for the new Data Catalog API (36234e4)\n* Merge pull request #214 from hvarg/dev (ad49f5f)\n* Fixed dataset search by variable (828a8a9)\n* Fixed dataset details (3eaa4f1)\n* Merge pull request #212 from hvarg/dev (299ddfe)\n* Fixing https://github.com/mintproject/mint-ui-lit/issues/199 and other bugs, enabling setup creation. (e12a4a9)\n* Merge pull request #211 from hvarg/dev (904964b)\n* Transformation example (f8a1b58)\n* Merge pull request #206 from hvarg/dev (d8509bb)\n* Fixed https://github.com/mintproject/mint-ui-lit/issues/147 (26f3a38)\n* Disabling new setup until PUT error fix (4dd33d1)\n* Time interval details (3dbe95d)\n* Merge pull request #205 from hvarg/dev (5c0a284)\n* Fixed https://github.com/mintproject/mint-ui-lit/issues/199 (9471d1c)\n* Added result show/total on dataset details (94cfc71)\n* Updated to model-catalog 1.4.1 (c36abdc)\n* Data catalog request changes part 1 (44ef624)\n* Fixed https://github.com/mintproject/mint-ui-lit/issues/198 (66b0734)\n* Merge pull request #200 from hvarg/dev (4813baf)\n* Fixing types (31fcc8d)\n* Fixed model search when some model does not have bounding box (18f105e)\n* Added dataset repr json data (dbc464e)\n* Merge branch 'dev' of https://github.com/mintproject/mint-ui-lit into dev (2dd3713)\n* Region category on main tab (97533b4)\n* Merge branch 'dev' of https://github.com/mintproject/mint-ui-lit into dev (5dbcb6d)\n* Using submitted_for_execution to check as well (36ba141)\n* Merge pull request #194 from hvarg/dev (5861374)\n* Improved model tree, fixed https://github.com/mintproject/mint-ui-lit/issues/189 (93c7659)\n* Fixed https://github.com/mintproject/mint-ui-lit/issues/188 (953fadd)\n* Fixed https://github.com/mintproject/mint-ui-lit/issues/186 (d733b38)\n* https://github.com/mintproject/mint-ui-lit/issues/185 (0d938c1)\n* Merge pull request #182 from hvarg/dev (951b791)\n* Fixing types (2d1c7cf)\n* Merge pull request #181 from hvarg/dev (f769bc3)\n* Added placeholder button to download datasets to MINT servers (a2f7f9f)\n* Added custom region subcategories (85220bb)\n* Merge pull request #180 from hvarg/dev (b56cae8)\n* Fixed setup creation when the config has no parameters (09f9f3b)\n* Merge pull request #178 from hvarg/dev (1b84e89)\n* Fixed error handling on promises for model-catalog-api (1715ee2)\n* Fixed model catalog URLs (ff5a19a)\n* Added download button on pathway-results (d111f16)\n* Introduction link updated (1d3a6c7)\n* Merge pull request #176 from hvarg/dev (b74baf0)\n* Woredas only for South Sudan (c2036e7)\n* Merge pull request #175 from hvarg/dev (ca3cdd9)\n* Woredas regions added (4f0b53c)\n* Merge pull request #174 from hvarg/dev (e93e118)\n* fixed adjustable parameters for new setups and other bugs (f8fb016)\n* Merge branch 'dev' of https://github.com/mintproject/mint-ui-lit into dev (6f8fa4b)\n* sort parameters by position in run/results table (102a12b)\n* Merge pull request #173 from hvarg/dev (87c07ea)\n* Enable setup creation (a379ba8)\n* Using images visualization for more indicators (5eeaa26)\n* Changed emulators page (d06fd60)\n* Changed emulators page (72538db)\n* Initial emulators information (98591da)\n* Using images visualization for more indicators (4f4fb3f)\n* Handling ensemble updates for ingestion - 2 (ef739c6)\n* Merge branch 'dev' of https://github.com/mintproject/mint-ui-lit into dev (f137f68)\n* Handling ensemble updates for ingestion (f2f3edb)\n* Merge pull request #172 from hvarg/dev (78cd041)\n* updated data-transformation url (66bf82b)\n* Merge pull request #171 from hvarg/dev (a57015c)\n* Always show dataset with transformations (917b785)\n* Added multiple regions or countries as parameters to filter visible setups (b87dd2c)\n* Merge pull request #170 from hvarg/dev (f6a1f23)\n* Fixing a issue preventing the dataset description to load sometimes (f08737d)\n* Conection with model-catalog and data-catalog on Explore Areas (e593e0d)\n* Merge branch 'dev' of https://github.com/mintproject/mint-ui-lit into dev (14a469b)\n* Runs not done till all successful (5563526)\n* Merge pull request #169 from hvarg/dev (ac8e91b)\n* Merge branch 'dev' of https://github.com/mintproject/mint-ui-lit into dev (e845c3c)\n* fixed region filter on configure models (e6feadc)\n* Added extra indicators (0bae1f3)\n* Merge branch 'dev' of https://github.com/mintproject/mint-ui-lit into dev (81ae35f)\n* Re-enabling datatype matching (0a5f048)\n* Merge pull request #168 from hvarg/dev (ef825f7)\n* Merge branch 'dev' into dev (61efc77)\n* Merge branch 'dev' of https://github.com/mintproject/mint-ui-lit into dev (a3c5132)\n* Fixed issue making inputs load forever (725749b)\n* disabling setup creation (47212ff)\n* Bugfix (e8b7eff)\n* Bugfix (ccdc8a1)\n* Get the user to select & continue even if no datasets and parameters are needed (56925ae)\n* Show all results by default (00f5ef5)\n* Adding texas bounding boxes (9092bc8)\n* POST setup almost working (a0341b6)\n* Merge branch 'dev' of https://github.com/mintproject/mint-ui-lit into dev (b7add63)\n* Moving to ensemble manager (5bf9daa)\n* Merge pull request #164 from hvarg/dev (67f5fec)\n* Merge branch 'dev' of https://github.com/mintproject/mint-ui-lit into dev (df2b9b2)\n* setup now creates all parameters (f8428ac)\n* fixing inputs (eef8d00)\n* add multiple files as input of new setups (c7402f6)\n* editable inputs (c3299ee)\n* Merge pull request #163 from hvarg/dev (1e6f9be)\n* Added SampleCollection editor, and fixed https://github.com/mintproject/mint-ui-lit/issues/162 (0961482)\n* Dataset Specification editable on config (b8e3c30)\n* configure parameter ranges (255e26e)\n* Fixing tooltips, region for parameters and styles (ef2f285)\n* Restricting region query to within datasets (955d3d0)\n* Using the Data Catalog API to query polygon (5f098f4)\n* Region cleanup + Trimming resources that are strictly within geojson polygon, not just bounding box (6c8b503)\n* Cleaner Tasks (02c6823)\n* Cleaner Task Description (25e2b22)\n* Removing Season crop production index from indicators (f287cec)\n* Prettify Problem statement listing (c3bc7fd)\n* fixed select authors (cfe5c38)\n* Add option to show all outputs (2a27dba)\n* Showing messages only when a region is selected, or messages dont show up (282e126)\n* Adding intervention details (87a60e1)\n* Change the emulators page (31dca8a)\n* Sorting message threads by timestamp (d6d11fd)\n* added SampleResource (614303c)\n* Added topoflow details in model products/emulators (925c6ce)\n* Regions Viewer fix (7a83a7b)\n* bugfix (f59b543)\n* Missing files for emulators (40dd313)\n* Added emulators button (f7c25b0)\n* Bug fixes with multi-model multi-dataset runs + parameter positioning (c38337e)\n* Fix ensembleids subcollection not being deleted on scenario deletion (a38b6ac)\n* Fix ensembles not being removed on model removed (4ba2b28)\n* Fix link to models from regions (812f373)\n* Add indicator for topoflow (fce929e)\n* Showing default viz for cycles too (626eb40)\n* bugfix (ca453a8)\n* addition of explanatory text (7b20c01)\n* Showing regions in categories (047bbd5)\n* Changed 'Select & Continue' to 'Select & Run' in Setup (d8bd8ec)\n* Showing adjustable variable in task + model selection (be3d4ad)\n* Added Hand indicator to MINT-UI (7644d61)\n* Fix run summary text (c326eff)\n* Adding usage notes (4f28276)\n* Pathway subscription bug (670af5a)\n* Merge branch 'dev' of https://github.com/mintproject/mint-ui-lit into dev (7ba38f2)\n* Doing a region query across models (b275152)\n* Bugfix (31978c7)\n* Increasing number of runs for analysts to 300 (b641aeb)\n* Merge pull request #158 from hvarg/dev (08e2082)\n* Visual improvement for https://github.com/mintproject/mint-ui-lit/issues/151 (3967e43)\n* Fixed https://github.com/mintproject/mint-ui-lit/issues/148 with static data (1fa6292)\n* Fixed https://github.com/mintproject/mint-ui-lit/issues/157 (05c5ac7)\n* Fixed https://github.com/mintproject/mint-ui-lit/issues/156 (e4e93de)\n* Merge branch 'dev' of https://github.com/mintproject/mint-ui-lit into dev (3147d66)\n* Fixed https://github.com/mintproject/mint-ui-lit/issues/155 (595333a)\n* bugfixes (7b768f4)\n* Remove extra wings logins + keep the check status button visible (c19ea62)\n* Added text for remote sensing workflows (152fc0d)\n* Changed generic viz to use the new 'upload' dashboard (1810552)\n* Fixed https://github.com/mintproject/mint-ui-lit/issues/154 (b62ceae)\n* Changing the main page text (de89bb3)\n* Handle multiple threads per task in reports (1269e6b)\n* autologin (291be3c)\n* Added indicators for pihm and topoflow (0e0ea9a)\n* Merge pull request #153 from hvarg/dev (6f9fc65)\n* partial fix for https://github.com/mintproject/mint-ui-lit/issues/151 (638ac85)\n* Text and style changes (9d38d80)\n* Merge branch 'dev' of https://github.com/mintproject/mint-ui-lit into dev (d1528f5)\n* fixed https://github.com/mintproject/mint-ui-lit/issues/150 (34adaef)\n* Extracting apis into prefs (3680d14)\n* Merge branch 'dev' of https://github.com/mintproject/mint-ui-lit into dev (428ea8b)\n* Extracting all apis to preferences (6f20fc8)",
                "tarballUrl": "https://api.github.com/repos/mintproject/mint-ui-lit/tarball/4.0.0-0",
                "zipballUrl": "https://api.github.com/repos/mintproject/mint-ui-lit/zipball/4.0.0-0",
                "htmlUrl": "https://github.com/mintproject/mint-ui-lit/releases/tag/4.0.0-0",
                "url": "https://api.github.com/repos/mintproject/mint-ui-lit/releases/23136491",
                "dateCreated": "2020-01-26T21:02:36Z",
                "datePublished": "2020-01-26T21:02:44Z"
            },
            {
                "tagName": "3.0.1",
                "name": "Release 3.0.1",
                "authorName": "mosoriob",
                "authorType": "User",
                "body": "* Merge pull request #152 from mintproject/dev (fc2c528)\n* Merge pull request #149 from hvarg/dev (8b00e94)\n* regions API and showing regions (3ac7c9d)\n* bug fixes (6e560f3)\n* Handling multiple fixed value datasets in model configuration setup (0feba6d)\n* fixed https://github.com/mintproject/mint-ui-lit/issues/134 (54aaf0b)\n* Max 100 runs per analyst (293376e)\n* Forgot to commit files :) (d3d5134)\n* Merge branch 'dev' of https://github.com/mintproject/mint-ui-lit into dev (04008c3)\n* Clean up region query modules. Parameter Validation (7f5fb1f)\n* Merge pull request #146 from hvarg/dev (8cc5917)\n* fixed https://github.com/mintproject/mint-ui-lit/issues/145 (e26d004)\n* partial fix for https://github.com/mintproject/mint-ui-lit/issues/144 (0f7793e)\n* fixed https://github.com/mintproject/mint-ui-lit/issues/143 (b94a376)\n* Getting adjustable variables (3ccb670)\n* wildcard search for datasets (522abd1)\n* Text fix (dcd498d)\n* bugfix in file names with a number in the beginning (6904965)\n* Bugfix (5e6f98c)\n* More stable maps, new dataset(s) browser, bug fixes (74d975d)\n* Merge pull request #142 from hvarg/dev (0725141)\n* removing text (54ecbc1)\n* Merge pull request #141 from hvarg/dev (0be5764)\n* text changes (21cfc39)\n* custom pages for regions (d9acc23)\n* disabling buttons (104d0d3)\n* Merge pull request #137 from hvarg/message-board (93705eb)\n* better tooltips (fe8aa08)\n* Merge pull request #136 from hvarg/message-board (892ed87)\n* help tip on setup number of parameters and inputs (4acc6f8)\n* added link on indices (187c6a3)\n* Merge pull request #135 from hvarg/message-board (34a4320)\n* added description for indices (33e637a)\n* Merge branch 'dev' of https://github.com/mintproject/mint-ui-lit into message-board (b702258)\n* changing data catalog browser iframe url (7a3a7ca)\n* Merging changes from demo (627ba18)\n* Committing to demo (f0715e9)\n* Non-hardcoded region handling - buggy right now (8a2f017)\n* Variables tab is gone. Adjustment Variables are used to filter the model list now (2166be2)\n* fixed https://github.com/mintproject/mint-ui-lit/issues/97 (ef3b1d7)\n* Fetching models on selecting a relevant index (827356e)\n* Fix report listing on change of region (60257db)\n* Merge branch 'dev' of https://github.com/mintproject/mint-ui-lit into dev (6bf6b4f)\n* Using generic scatter plot visualisations for non-cycles threads (e6a386f)\n* Merge pull request #131 from hvarg/message-board (885b6bb)\n* Fix Setup layout (eac5e86)\n* region improvements (da16b17)\n* fixed https://github.com/mintproject/mint-ui-lit/issues/116 (3ff30a7)\n* fixed https://github.com/mintproject/mint-ui-lit/issues/95 (5eb318b)\n* Merge branch 'dev' of https://github.com/mintproject/mint-ui-lit into dev (e18d886)\n* Bugfixes (5c311a2)\n* fixed https://github.com/mintproject/mint-ui-lit/issues/96 (740747d)\n* fixed https://github.com/mintproject/mint-ui-lit/issues/115 (dd01b47)\n* Define Regions -> Select Areas (e9c2df7)\n* partial fix for https://github.com/mintproject/mint-ui-lit/issues/114 (d7e1a7c)\n* Merge pull request #129 from hvarg/message-board (2899360)\n* added example (15267ed)\n* fixed: https://github.com/mintproject/mint-ui-lit/issues/119 (f9ad8b0)\n* Merge pull request #128 from hvarg/message-board (a912455)\n* style fix (e6f6a24)\n* style of the parameters table (ecbac70)\n* bigger iframe and bug fixing (a703409)\n* Merge pull request #127 from hvarg/message-board (f293ffc)\n* fixing types (1f0dc20)\n* basic Intervention and indices (fcfa881)\n* save note on visualization (64e9688)\n* info text changed (75f6cc0)\n* fixed https://github.com/mintproject/mint-ui-lit/issues/120 (acdad50)\n* partial fix to https://github.com/mintproject/mint-ui-lit/issues/113 (8f0e120)\n* fixed https://github.com/mintproject/mint-ui-lit/issues/122 (21b1668)\n* Adding thread visualizations to report (2adde42)\n* Adding text under tasks and problem statement (9b8179e)\n* Reordering links in Regions home page (f86e500)\n* Prepare Reports points straight to Available Reports page (5f4bf57)\n* Show default parameter value when none chosen (5a311d6)\n* Removing duplicate model parameters (20c6667)\n* Automatically close save results/ingestion dialog (80c929e)\n* Merge branch 'dev' of https://github.com/mintproject/mint-ui-lit into dev (e008bc5)\n* UI Text changes (e054d3b)\n* Bugfixes (5d1b70f)\n* Merge pull request #123 from hvarg/OBA-integration (485952b)\n* fixed parameter ranges (e3cfe0f)\n* added software image, bug fixing (d96b4a6)\n* bug fixing (c4832a2)\n* Hide publish button once published (aab56f2)\n* Refactoring Prefs, Sending data for ingestion (d027dbe)\n* Comma with spaces in Parameter Setup (c223c8c)\n* Fixes for user prefs (41ef913)\n* Fix google maps change due to yarn tsc (d6c2d7d)\n* Error fixes (b77d2ed)\n* Merge branch 'dev' of https://github.com/mintproject/mint-ui-lit into dev (63665a2)\n* Fix SVO for crop production index (d53a114)\n* Ignore duplicate resources + Fix dataset description (caaf74e)\n* Rerun configs which weren't successful (90c8477)\n* Update model-catalog-requests.ts (cdb4e0d)\n* Merge pull request #111 from hvarg/dev (2f02249)\n* link to message-board (23d02a6)\n* Merge pull request #110 from hvarg/OBA-integration (e1701a4)\n* setup creation (6449404)\n* Merge pull request #109 from hvarg/reports (6f4aca7)\n* fix bug when no subregions (ac53f04)\n* Merge pull request #108 from hvarg/regions (e29e674)\n* regions hydrology details (326d459)\n* Merge pull request #106 from hvarg/reports (3b4418e)\n* added notes (8b80b6b)\n* Merge pull request #105 from hvarg/reports (5d29939)\n* Merge branch 'dev' of https://github.com/mintproject/mint-ui-lit into reports (8966fc6)\n* added edit setup (c26b049)\n* Processes and search (eed786b)\n* fixed person ID (adfb036)\n* fixed POST and PUT persons (8057993)\n* fixed checkbox (29b900f)\n* Storing spatial coverage information of resources too (6559eb9)\n* Fixed limitations field typo in Data results (e25f49f)\n* Changing Prepare Reports icon to Browse Reports (be8e5ab)\n* Small bugfix in reporting (05df75f)\n* POST PERSON for testing (8339750)\n* fixed failed runs number (0c32a32)\n* update package (03cc69b)\n* Merge pull request #104 from hvarg/reports (8cebff9)\n* basic report (4f62a02)\n* report navigation (d523f0d)\n* report main page (4f4572e)\n* filter complete pathway and urls (76520b5)\n* UI changes (e749789)\n* functions for Person, WIP (4731c01)\n* config: save basic data (5b5cd16)\n* configuration view updated (WIP) (bcca9f4)\n* Merge branch 'master' of https://github.com/mintproject/mint-ui-lit into dev (b8666d0)\n* Changing to dev wings (6409548)\n* Merge branch 'dev' of https://github.com/mintproject/mint-ui-lit into OBA-integration (150d92b)\n* WIP: unfinished PUTs (3369b67)\n* Fixed config view (c78f38e)\n* modularizing, WIP (bfe7b44)\n* request for access token (32245f1)",
                "tarballUrl": "https://api.github.com/repos/mintproject/mint-ui-lit/tarball/3.0.1",
                "zipballUrl": "https://api.github.com/repos/mintproject/mint-ui-lit/zipball/3.0.1",
                "htmlUrl": "https://github.com/mintproject/mint-ui-lit/releases/tag/3.0.1",
                "url": "https://api.github.com/repos/mintproject/mint-ui-lit/releases/21161451",
                "dateCreated": "2019-11-01T23:03:54Z",
                "datePublished": "2019-11-01T23:03:59Z"
            }
        ],
        "confidence": [
            1.0
        ],
        "technique": "GitHub API"
    }
}