{
    "description": [
        {
            "excerpt": "This application is generated using [LoopBack 4 CLI](https://loopback.io/doc/en/lb4/Command-line-interface.html) with the\n[initial project layout](https://loopback.io/doc/en/lb4/Loopback-application-layout.html).\n \n",
            "confidence": [
                [
                    0.9831033288826337
                ]
            ],
            "technique": "Supervised classification",
            "originalHeader": "mic_api"
        },
        {
            "excerpt": "Please check out [LoopBack 4 documentation](https://loopback.io/doc/en/lb4/) to\nunderstand how you can continue to add features to this application. \n",
            "confidence": [
                [
                    0.9063824886617184
                ]
            ],
            "technique": "Supervised classification",
            "originalHeader": "What's next",
            "parentHeader": [
                "mic_api"
            ]
        },
        {
            "excerpt": "MIC web",
            "confidence": [
                1.0
            ],
            "technique": "GitHub API"
        }
    ],
    "installation": [
        {
            "originalHeader": "Fix code style and formatting issues",
            "excerpt": "```sh\nyarn run lint\n```\n\nTo automatically fix such issues:\n\n```sh\nyarn run lint:fix\n```\n",
            "parentHeader": [
                "mic_api"
            ],
            "confidence": [
                1.0
            ],
            "technique": "Header extraction"
        },
        {
            "originalHeader": "Install dependencies",
            "excerpt": "By default, dependencies were installed when this application was generated.\nWhenever dependencies in `package.json` are changed, run the following command:\n\n```sh\nyarn install\n```\n",
            "parentHeader": [
                "mic_api"
            ],
            "confidence": [
                1.0
            ],
            "technique": "Header extraction"
        },
        {
            "excerpt": "To incrementally build the project:\n```sh\nyarn run build\n```\nTo force a full build by cleaning up cached artifacts:\n```sh\nyarn run rebuild\n```\n \n",
            "confidence": [
                [
                    0.9519763069066741
                ]
            ],
            "technique": "Supervised classification",
            "originalHeader": "Rebuild the project",
            "parentHeader": [
                "mic_api"
            ]
        }
    ],
    "longTitle": {
        "excerpt": "mic_api",
        "confidence": [
            1.0
        ],
        "technique": "Regular expression"
    },
    "image": [
        {
            "excerpt": "https://github.com/loopbackio/loopback-next/raw/master/docs/site/imgs/branding/Powered-by-LoopBack-Badge-(blue)-@2x.png",
            "confidence": [
                1.0
            ],
            "technique": "Regular expression"
        }
    ],
    "requirement": [
        {
            "originalHeader": "Install dependencies",
            "excerpt": "By default, dependencies were installed when this application was generated.\nWhenever dependencies in `package.json` are changed, run the following command:\n\n```sh\nyarn install\n```\n",
            "parentHeader": [
                "mic_api"
            ],
            "confidence": [
                1.0
            ],
            "technique": "Header extraction"
        }
    ],
    "run": [
        {
            "originalHeader": "Run the application",
            "excerpt": "```sh\nyarn start\n```\n\nYou can also run `node .` to skip the build step.\n\nOpen http://127.0.0.1:3001 in your browser.\n",
            "parentHeader": [
                "mic_api"
            ],
            "confidence": [
                1.0
            ],
            "technique": "Header extraction"
        }
    ],
    "codeRepository": {
        "excerpt": "https://github.com/mintproject/mic-api",
        "confidence": [
            1.0
        ],
        "technique": "GitHub API"
    },
    "owner": {
        "excerpt": "mintproject",
        "confidence": [
            1.0
        ],
        "technique": "GitHub API"
    },
    "ownerType": {
        "excerpt": "Organization",
        "confidence": [
            1.0
        ],
        "technique": "GitHub API"
    },
    "dateCreated": {
        "excerpt": "2021-09-27T18:18:53Z",
        "confidence": [
            1.0
        ],
        "technique": "GitHub API"
    },
    "dateModified": {
        "excerpt": "2021-12-02T12:32:00Z",
        "confidence": [
            1.0
        ],
        "technique": "GitHub API"
    },
    "name": {
        "excerpt": "mic-api",
        "confidence": [
            1.0
        ],
        "technique": "GitHub API"
    },
    "fullName": {
        "excerpt": "mintproject/mic-api",
        "confidence": [
            1.0
        ],
        "technique": "GitHub API"
    },
    "issueTracker": {
        "excerpt": "https://api.github.com/repos/mintproject/mic-api/issues",
        "confidence": [
            1.0
        ],
        "technique": "GitHub API"
    },
    "forksUrl": {
        "excerpt": "https://api.github.com/repos/mintproject/mic-api/forks",
        "confidence": [
            1.0
        ],
        "technique": "GitHub API"
    },
    "downloadUrl": {
        "excerpt": "https://github.com/mintproject/mic-api/releases",
        "confidence": [
            1.0
        ],
        "technique": "GitHub API"
    },
    "topics": {
        "excerpt": [
            "mic-web",
            "mint-mic"
        ],
        "confidence": [
            1.0
        ],
        "technique": "GitHub API"
    },
    "stargazersCount": {
        "excerpt": {
            "count": 0,
            "date": "Wed, 18 May 2022 21:50:58 GMT"
        },
        "confidence": [
            1.0
        ],
        "technique": "GitHub API"
    },
    "forksCount": {
        "excerpt": {
            "count": 0,
            "date": "Wed, 18 May 2022 21:50:58 GMT"
        },
        "confidence": [
            1.0
        ],
        "technique": "GitHub API"
    },
    "languages": {
        "excerpt": [
            "TypeScript",
            "HTML",
            "Dockerfile",
            "JavaScript"
        ],
        "confidence": [
            1.0
        ],
        "technique": "GitHub API"
    },
    "readmeUrl": {
        "excerpt": "https://raw.githubusercontent.com/mintproject/mic-api/master/README.md",
        "confidence": [
            1.0
        ],
        "technique": "GitHub API"
    },
    "hasBuildFile": [
        {
            "excerpt": [
                "https://raw.githubusercontent.com/mintproject/mic-api/master/docker-compose.yml"
            ],
            "confidence": [
                1.0
            ],
            "technique": "File Exploration",
            "format": "Docker compose file"
        },
        {
            "excerpt": [
                "https://raw.githubusercontent.com/mintproject/mic-api/master/Dockerfile"
            ],
            "confidence": [
                1.0
            ],
            "technique": "File Exploration",
            "format": "Docker file"
        }
    ],
    "hasDocumentation": {
        "excerpt": [
            "https://github.com/mintproject/mic-api/tree/master/docs"
        ],
        "confidence": [
            1.0
        ],
        "technique": "File Exploration"
    }
}