{
    "description": [
        {
            "excerpt": "Model Catalog Ontology",
            "confidence": [
                1.0
            ],
            "technique": "GitHub API"
        }
    ],
    "installation": [
        {
            "excerpt": "Latest Ontology Version URI: https://w3id.org/okn/o/sdm\n \n",
            "confidence": [
                [
                    0.9476310558970485
                ]
            ],
            "technique": "Supervised classification",
            "originalHeader": "Mint-ModelCatalog-Ontology"
        }
    ],
    "longTitle": {
        "excerpt": "Mint-ModelCatalog-Ontology",
        "confidence": [
            1.0
        ],
        "technique": "Regular expression"
    },
    "codeRepository": {
        "excerpt": "https://github.com/mintproject/Mint-ModelCatalog-Ontology",
        "confidence": [
            1.0
        ],
        "technique": "GitHub API"
    },
    "owner": {
        "excerpt": "mintproject",
        "confidence": [
            1.0
        ],
        "technique": "GitHub API"
    },
    "ownerType": {
        "excerpt": "Organization",
        "confidence": [
            1.0
        ],
        "technique": "GitHub API"
    },
    "dateCreated": {
        "excerpt": "2018-05-10T07:10:08Z",
        "confidence": [
            1.0
        ],
        "technique": "GitHub API"
    },
    "dateModified": {
        "excerpt": "2021-05-04T01:05:11Z",
        "confidence": [
            1.0
        ],
        "technique": "GitHub API"
    },
    "name": {
        "excerpt": "Mint-ModelCatalog-Ontology",
        "confidence": [
            1.0
        ],
        "technique": "GitHub API"
    },
    "fullName": {
        "excerpt": "mintproject/Mint-ModelCatalog-Ontology",
        "confidence": [
            1.0
        ],
        "technique": "GitHub API"
    },
    "issueTracker": {
        "excerpt": "https://api.github.com/repos/mintproject/Mint-ModelCatalog-Ontology/issues",
        "confidence": [
            1.0
        ],
        "technique": "GitHub API"
    },
    "forksUrl": {
        "excerpt": "https://api.github.com/repos/mintproject/Mint-ModelCatalog-Ontology/forks",
        "confidence": [
            1.0
        ],
        "technique": "GitHub API"
    },
    "downloadUrl": {
        "excerpt": "https://github.com/mintproject/Mint-ModelCatalog-Ontology/releases",
        "confidence": [
            1.0
        ],
        "technique": "GitHub API"
    },
    "stargazersCount": {
        "excerpt": {
            "count": 0,
            "date": "Wed, 18 May 2022 21:23:16 GMT"
        },
        "confidence": [
            1.0
        ],
        "technique": "GitHub API"
    },
    "forksCount": {
        "excerpt": {
            "count": 3,
            "date": "Wed, 18 May 2022 21:23:16 GMT"
        },
        "confidence": [
            1.0
        ],
        "technique": "GitHub API"
    },
    "languages": {
        "excerpt": [
            "HTML",
            "CSS"
        ],
        "confidence": [
            1.0
        ],
        "technique": "GitHub API"
    },
    "readmeUrl": {
        "excerpt": "https://raw.githubusercontent.com/mintproject/Mint-ModelCatalog-Ontology/master/README.md",
        "confidence": [
            1.0
        ],
        "technique": "GitHub API"
    },
    "ontologies": {
        "excerpt": [
            {
                "uri": "https://w3id.org/okn/o/sdm",
                "file_url": "https://raw.githubusercontent.com/mintproject/Mint-ModelCatalog-Ontology/master/release/1.7.0-nm/ontology.nt"
            },
            {
                "uri": "https://w3id.org/okn/o/sdm",
                "file_url": "https://raw.githubusercontent.com/mintproject/Mint-ModelCatalog-Ontology/master/release/1.7.0-nm/ontology.xml"
            },
            {
                "uri": "https://w3id.org/okn/o/sdm",
                "file_url": "https://raw.githubusercontent.com/mintproject/Mint-ModelCatalog-Ontology/master/release/1.7.0-nm/ontology.ttl"
            },
            {
                "uri": "https://w3id.org/mint/modelCatalog",
                "file_url": "https://raw.githubusercontent.com/mintproject/Mint-ModelCatalog-Ontology/master/release/0.3.0/ontology.nt"
            },
            {
                "uri": "https://w3id.org/mint/modelCatalog",
                "file_url": "https://raw.githubusercontent.com/mintproject/Mint-ModelCatalog-Ontology/master/release/0.3.0/ontology.xml"
            },
            {
                "uri": "https://w3id.org/mint/modelCatalog",
                "file_url": "https://raw.githubusercontent.com/mintproject/Mint-ModelCatalog-Ontology/master/release/0.3.0/ontology.ttl"
            },
            {
                "uri": "https://w3id.org/okn/o/sdm",
                "file_url": "https://raw.githubusercontent.com/mintproject/Mint-ModelCatalog-Ontology/master/release/1.3.0/ontology.nt"
            },
            {
                "uri": "https://w3id.org/okn/o/sdm",
                "file_url": "https://raw.githubusercontent.com/mintproject/Mint-ModelCatalog-Ontology/master/release/1.3.0/ontology.xml"
            },
            {
                "uri": "https://w3id.org/okn/o/sdm",
                "file_url": "https://raw.githubusercontent.com/mintproject/Mint-ModelCatalog-Ontology/master/release/1.3.0/ontology.ttl"
            },
            {
                "uri": "https://w3id.org/okn/o/sdm",
                "file_url": "https://raw.githubusercontent.com/mintproject/Mint-ModelCatalog-Ontology/master/release/1.6.0-nm/ontology.nt"
            },
            {
                "uri": "https://w3id.org/okn/o/sdm",
                "file_url": "https://raw.githubusercontent.com/mintproject/Mint-ModelCatalog-Ontology/master/release/1.6.0-nm/ontology.xml"
            },
            {
                "uri": "https://w3id.org/okn/o/sdm",
                "file_url": "https://raw.githubusercontent.com/mintproject/Mint-ModelCatalog-Ontology/master/release/1.6.0-nm/ontology.ttl"
            },
            {
                "uri": "https://w3id.org/okn/o/sdm",
                "file_url": "https://raw.githubusercontent.com/mintproject/Mint-ModelCatalog-Ontology/master/release/1.7.0/ontology.nt"
            },
            {
                "uri": "https://w3id.org/okn/o/sdm",
                "file_url": "https://raw.githubusercontent.com/mintproject/Mint-ModelCatalog-Ontology/master/release/1.7.0/ontology.xml"
            },
            {
                "uri": "https://w3id.org/okn/o/sdm",
                "file_url": "https://raw.githubusercontent.com/mintproject/Mint-ModelCatalog-Ontology/master/release/1.7.0/ontology.ttl"
            },
            {
                "uri": "https://w3id.org/okn/o/sdm",
                "file_url": "https://raw.githubusercontent.com/mintproject/Mint-ModelCatalog-Ontology/master/release/1.0.0/ontology.nt"
            },
            {
                "uri": "https://w3id.org/okn/o/sdm",
                "file_url": "https://raw.githubusercontent.com/mintproject/Mint-ModelCatalog-Ontology/master/release/1.0.0/ontology.xml"
            },
            {
                "uri": "https://w3id.org/okn/o/sdm",
                "file_url": "https://raw.githubusercontent.com/mintproject/Mint-ModelCatalog-Ontology/master/release/1.0.0/ontology.ttl"
            },
            {
                "uri": "https://w3id.org/mint/modelCatalog",
                "file_url": "https://raw.githubusercontent.com/mintproject/Mint-ModelCatalog-Ontology/master/release/0.4.0/ontology.nt"
            },
            {
                "uri": "https://w3id.org/mint/modelCatalog",
                "file_url": "https://raw.githubusercontent.com/mintproject/Mint-ModelCatalog-Ontology/master/release/0.4.0/ontology.xml"
            },
            {
                "uri": "https://w3id.org/mint/modelCatalog",
                "file_url": "https://raw.githubusercontent.com/mintproject/Mint-ModelCatalog-Ontology/master/release/0.4.0/ontology.ttl"
            },
            {
                "uri": "https://w3id.org/okn/o/sdm",
                "file_url": "https://raw.githubusercontent.com/mintproject/Mint-ModelCatalog-Ontology/master/release/1.4.0/ontology.nt"
            },
            {
                "uri": "https://w3id.org/okn/o/sdm",
                "file_url": "https://raw.githubusercontent.com/mintproject/Mint-ModelCatalog-Ontology/master/release/1.4.0/ontology.xml"
            },
            {
                "uri": "https://w3id.org/okn/o/sdm",
                "file_url": "https://raw.githubusercontent.com/mintproject/Mint-ModelCatalog-Ontology/master/release/1.4.0/ontology.ttl"
            },
            {
                "uri": "https://w3id.org/mint/modelCatalog",
                "file_url": "https://raw.githubusercontent.com/mintproject/Mint-ModelCatalog-Ontology/master/release/0.0.1/ontology.nt"
            },
            {
                "uri": "https://w3id.org/mint/modelCatalog",
                "file_url": "https://raw.githubusercontent.com/mintproject/Mint-ModelCatalog-Ontology/master/release/0.0.1/ontology.xml"
            },
            {
                "uri": "https://w3id.org/mint/modelCatalog",
                "file_url": "https://raw.githubusercontent.com/mintproject/Mint-ModelCatalog-Ontology/master/release/0.0.1/ontology.ttl"
            },
            {
                "uri": "https://w3id.org/okn/o/sdm",
                "file_url": "https://raw.githubusercontent.com/mintproject/Mint-ModelCatalog-Ontology/master/release/1.1.0/ontology.nt"
            },
            {
                "uri": "https://w3id.org/okn/o/sdm",
                "file_url": "https://raw.githubusercontent.com/mintproject/Mint-ModelCatalog-Ontology/master/release/1.1.0/ontology.xml"
            },
            {
                "uri": "https://w3id.org/okn/o/sdm",
                "file_url": "https://raw.githubusercontent.com/mintproject/Mint-ModelCatalog-Ontology/master/release/1.1.0/ontology.ttl"
            },
            {
                "uri": "https://w3id.org/mint/commons",
                "file_url": "https://raw.githubusercontent.com/mintproject/Mint-ModelCatalog-Ontology/master/release/0.1.0/commons.ttl"
            },
            {
                "uri": "https://w3id.org/mint/modelCatalog",
                "file_url": "https://raw.githubusercontent.com/mintproject/Mint-ModelCatalog-Ontology/master/release/0.1.0/ontology.nt"
            },
            {
                "uri": "https://w3id.org/mint/modelCatalog",
                "file_url": "https://raw.githubusercontent.com/mintproject/Mint-ModelCatalog-Ontology/master/release/0.1.0/ontology.xml"
            },
            {
                "uri": "https://w3id.org/mint/modelCatalog",
                "file_url": "https://raw.githubusercontent.com/mintproject/Mint-ModelCatalog-Ontology/master/release/0.1.0/ontology.ttl"
            },
            {
                "uri": "https://w3id.org/okn/o/sdm",
                "file_url": "https://raw.githubusercontent.com/mintproject/Mint-ModelCatalog-Ontology/master/release/1.5.0/ontology.nt"
            },
            {
                "uri": "https://w3id.org/okn/o/sdm",
                "file_url": "https://raw.githubusercontent.com/mintproject/Mint-ModelCatalog-Ontology/master/release/1.5.0/ontology.xml"
            },
            {
                "uri": "https://w3id.org/okn/o/sdm",
                "file_url": "https://raw.githubusercontent.com/mintproject/Mint-ModelCatalog-Ontology/master/release/1.5.0/ontology.ttl"
            },
            {
                "uri": "https://w3id.org/okn/o/sdm",
                "file_url": "https://raw.githubusercontent.com/mintproject/Mint-ModelCatalog-Ontology/master/release/1.5.0-nm/ontology.nt"
            },
            {
                "uri": "https://w3id.org/okn/o/sdm",
                "file_url": "https://raw.githubusercontent.com/mintproject/Mint-ModelCatalog-Ontology/master/release/1.5.0-nm/ontology.xml"
            },
            {
                "uri": "https://w3id.org/okn/o/sdm",
                "file_url": "https://raw.githubusercontent.com/mintproject/Mint-ModelCatalog-Ontology/master/release/1.5.0-nm/ontology.ttl"
            },
            {
                "uri": "https://w3id.org/mint/modelCatalog",
                "file_url": "https://raw.githubusercontent.com/mintproject/Mint-ModelCatalog-Ontology/master/release/0.2.0/ontology.nt"
            },
            {
                "uri": "https://w3id.org/mint/modelCatalog",
                "file_url": "https://raw.githubusercontent.com/mintproject/Mint-ModelCatalog-Ontology/master/release/0.2.0/ontology.xml"
            },
            {
                "uri": "https://w3id.org/mint/modelCatalog",
                "file_url": "https://raw.githubusercontent.com/mintproject/Mint-ModelCatalog-Ontology/master/release/0.2.0/ontology.ttl"
            },
            {
                "uri": "https://w3id.org/okn/o/sdm",
                "file_url": "https://raw.githubusercontent.com/mintproject/Mint-ModelCatalog-Ontology/master/release/1.2.0/ontology.nt"
            },
            {
                "uri": "https://w3id.org/okn/o/sdm",
                "file_url": "https://raw.githubusercontent.com/mintproject/Mint-ModelCatalog-Ontology/master/release/1.2.0/ontology.xml"
            },
            {
                "uri": "https://w3id.org/okn/o/sdm",
                "file_url": "https://raw.githubusercontent.com/mintproject/Mint-ModelCatalog-Ontology/master/release/1.2.0/ontology.ttl"
            },
            {
                "uri": "https://w3id.org/okn/o/sdm",
                "file_url": "https://raw.githubusercontent.com/mintproject/Mint-ModelCatalog-Ontology/master/release/1.8.0/ontology.nt"
            },
            {
                "uri": "https://w3id.org/okn/o/sdm",
                "file_url": "https://raw.githubusercontent.com/mintproject/Mint-ModelCatalog-Ontology/master/release/1.8.0/ontology.xml"
            },
            {
                "uri": "https://w3id.org/okn/o/sdm",
                "file_url": "https://raw.githubusercontent.com/mintproject/Mint-ModelCatalog-Ontology/master/release/1.8.0/ontology.ttl"
            },
            {
                "uri": "https://w3id.org/okn/o/sdm",
                "file_url": "https://raw.githubusercontent.com/mintproject/Mint-ModelCatalog-Ontology/master/release/1.8.0-nm/ontology.nt"
            },
            {
                "uri": "https://w3id.org/okn/o/sdm",
                "file_url": "https://raw.githubusercontent.com/mintproject/Mint-ModelCatalog-Ontology/master/release/1.8.0-nm/ontology.xml"
            },
            {
                "uri": "https://w3id.org/okn/o/sdm",
                "file_url": "https://raw.githubusercontent.com/mintproject/Mint-ModelCatalog-Ontology/master/release/1.8.0-nm/ontology.ttl"
            },
            {
                "uri": "https://w3id.org/okn/o/sdm",
                "file_url": "https://raw.githubusercontent.com/mintproject/Mint-ModelCatalog-Ontology/master/release/1.6.0/ontology.nt"
            },
            {
                "uri": "https://w3id.org/okn/o/sdm",
                "file_url": "https://raw.githubusercontent.com/mintproject/Mint-ModelCatalog-Ontology/master/release/1.6.0/ontology.xml"
            },
            {
                "uri": "https://w3id.org/okn/o/sdm",
                "file_url": "https://raw.githubusercontent.com/mintproject/Mint-ModelCatalog-Ontology/master/release/1.6.0/ontology.ttl"
            }
        ],
        "confidence": [
            1.0
        ],
        "technique": "File Exploration"
    },
    "releases": {
        "excerpt": [
            {
                "tagName": "v1.8.0",
                "name": "Model Catalog 1.8.0",
                "authorName": "hvarg",
                "authorType": "User",
                "body": "This version of the ontology introduces new properties to describe the runtime estimation, parameterization, limitations and theoretical basis of a model configuration.\r\n\r\nAlso adds input and output variables directly to the model level, so users can describe a model without a specific configuration.\r\n\r\nA detailed changelog can be seen here: https://mintproject.github.io/Mint-ModelCatalog-Ontology/release/1.8.0/index-en.html#changes",
                "tarballUrl": "https://api.github.com/repos/mintproject/Mint-ModelCatalog-Ontology/tarball/v1.8.0",
                "zipballUrl": "https://api.github.com/repos/mintproject/Mint-ModelCatalog-Ontology/zipball/v1.8.0",
                "htmlUrl": "https://github.com/mintproject/Mint-ModelCatalog-Ontology/releases/tag/v1.8.0",
                "url": "https://api.github.com/repos/mintproject/Mint-ModelCatalog-Ontology/releases/42387589",
                "dateCreated": "2021-05-03T23:30:01Z",
                "datePublished": "2021-05-03T23:41:06Z"
            },
            {
                "tagName": "v1.7.0",
                "name": "Model Catalog 1.7.0",
                "authorName": "dgarijo",
                "authorType": "User",
                "body": "This version of the ontology introduces the class `sdm:CouplesModel` and properties to describe the models that are used in a coupled model (`sdm:usesModel`). In addition, now categories are described as instances instead of text.\r\n\r\nA detailed changelog can be seen here: https://mintproject.github.io/Mint-ModelCatalog-Ontology/release/1.7.0/index-en.html#changes",
                "tarballUrl": "https://api.github.com/repos/mintproject/Mint-ModelCatalog-Ontology/tarball/v1.7.0",
                "zipballUrl": "https://api.github.com/repos/mintproject/Mint-ModelCatalog-Ontology/zipball/v1.7.0",
                "htmlUrl": "https://github.com/mintproject/Mint-ModelCatalog-Ontology/releases/tag/v1.7.0",
                "url": "https://api.github.com/repos/mintproject/Mint-ModelCatalog-Ontology/releases/32020917",
                "dateCreated": "2020-10-01T01:24:03Z",
                "datePublished": "2020-10-01T01:51:57Z"
            },
            {
                "tagName": "v1.6.0",
                "name": "Model Catalog 1.6.0",
                "authorName": "dgarijo",
                "authorType": "User",
                "body": "This version of the ontology has the following improvements:\r\n- Separated documentation of SD and SDM to make them easier to browse.\r\n- Added definitions that were missing in some terms.\r\n- Changed \"hasPart\" to \"hasDiagramPart\" to avoid inconsistencies with SD.",
                "tarballUrl": "https://api.github.com/repos/mintproject/Mint-ModelCatalog-Ontology/tarball/v1.6.0",
                "zipballUrl": "https://api.github.com/repos/mintproject/Mint-ModelCatalog-Ontology/zipball/v1.6.0",
                "htmlUrl": "https://github.com/mintproject/Mint-ModelCatalog-Ontology/releases/tag/v1.6.0",
                "url": "https://api.github.com/repos/mintproject/Mint-ModelCatalog-Ontology/releases/28085289",
                "dateCreated": "2020-06-30T19:41:53Z",
                "datePublished": "2020-06-30T19:49:12Z"
            },
            {
                "tagName": "v1.5.0",
                "name": "Model Catalog 1.5.0",
                "authorName": "dgarijo",
                "authorType": "User",
                "body": "This version removes two types of intervention classes that are deprecated in MINT. It also reflects the latest changes of the Software Description Ontology regarding data transformations.",
                "tarballUrl": "https://api.github.com/repos/mintproject/Mint-ModelCatalog-Ontology/tarball/v1.5.0",
                "zipballUrl": "https://api.github.com/repos/mintproject/Mint-ModelCatalog-Ontology/zipball/v1.5.0",
                "htmlUrl": "https://github.com/mintproject/Mint-ModelCatalog-Ontology/releases/tag/v1.5.0",
                "url": "https://api.github.com/repos/mintproject/Mint-ModelCatalog-Ontology/releases/27052413",
                "dateCreated": "2020-05-30T00:50:00Z",
                "datePublished": "2020-05-30T00:59:14Z"
            },
            {
                "tagName": "v1.4.0",
                "name": "Model Catalog 1.4.0",
                "authorName": "dgarijo",
                "authorType": "User",
                "body": "This version of the ontology moves some classes to sd, importing the latest version (1.5.0) to be consistent. Changelog: https://mintproject.github.io/Mint-ModelCatalog-Ontology/release/1.4.0/index-en.html#changes",
                "tarballUrl": "https://api.github.com/repos/mintproject/Mint-ModelCatalog-Ontology/tarball/v1.4.0",
                "zipballUrl": "https://api.github.com/repos/mintproject/Mint-ModelCatalog-Ontology/zipball/v1.4.0",
                "htmlUrl": "https://github.com/mintproject/Mint-ModelCatalog-Ontology/releases/tag/v1.4.0",
                "url": "https://api.github.com/repos/mintproject/Mint-ModelCatalog-Ontology/releases/25067732",
                "dateCreated": "2020-04-01T00:53:29Z",
                "datePublished": "2020-04-01T00:57:16Z"
            },
            {
                "tagName": "1.3.0",
                "name": "Model Catalog 1.3.0: Small changes",
                "authorName": "dgarijo",
                "authorType": "User",
                "body": "Changelog can be seen here: https://mintproject.github.io/Mint-ModelCatalog-Ontology/release/1.3.0/index-en.html#changes\r\n\r\nAdded 2 properties, modified one.",
                "tarballUrl": "https://api.github.com/repos/mintproject/Mint-ModelCatalog-Ontology/tarball/1.3.0",
                "zipballUrl": "https://api.github.com/repos/mintproject/Mint-ModelCatalog-Ontology/zipball/1.3.0",
                "htmlUrl": "https://github.com/mintproject/Mint-ModelCatalog-Ontology/releases/tag/1.3.0",
                "url": "https://api.github.com/repos/mintproject/Mint-ModelCatalog-Ontology/releases/23864076",
                "dateCreated": "2020-02-20T22:46:50Z",
                "datePublished": "2020-02-21T02:09:06Z"
            }
        ],
        "confidence": [
            1.0
        ],
        "technique": "GitHub API"
    }
}