{
    "description": [
        {
            "excerpt": "navigate to the folder of your consuming project and run one of the following commands. \n",
            "confidence": [
                [
                    0.9026412601575814
                ]
            ],
            "technique": "Supervised classification",
            "originalHeader": "Consuming",
            "parentHeader": [
                "@mintproject/modelcatalog_client@8.0.1"
            ]
        },
        {
            "excerpt": "Package",
            "confidence": [
                1.0
            ],
            "technique": "GitHub API"
        }
    ],
    "installation": [
        {
            "excerpt": "To build and compile the typescript sources to javascript use:\n```\nnpm install\nnpm run build\n```\n \n",
            "confidence": [
                [
                    0.9931061403143296
                ]
            ],
            "technique": "Supervised classification",
            "originalHeader": "Building",
            "parentHeader": [
                "@mintproject/modelcatalog_client@8.0.1"
            ]
        },
        {
            "excerpt": "First build the package then run ```npm publish```\n \n",
            "confidence": [
                [
                    0.9411190145604126
                ]
            ],
            "technique": "Supervised classification",
            "originalHeader": "Publishing",
            "parentHeader": [
                "@mintproject/modelcatalog_client@8.0.1"
            ]
        },
        {
            "excerpt": "_published:_\n```\nnpm install @mintproject/modelcatalog_client@8.0.1 --save\n```\n \n```\nnpm install PATH_TO_GENERATED_PACKAGE --save\n \n",
            "confidence": [
                [
                    0.9972525786325531,
                    0.9972525786325531
                ]
            ],
            "technique": "Supervised classification",
            "originalHeader": "Consuming",
            "parentHeader": [
                "@mintproject/modelcatalog_client@8.0.1"
            ]
        }
    ],
    "codeRepository": {
        "excerpt": "https://github.com/mintproject/model-catalog-fetch-api-client",
        "confidence": [
            1.0
        ],
        "technique": "GitHub API"
    },
    "owner": {
        "excerpt": "mintproject",
        "confidence": [
            1.0
        ],
        "technique": "GitHub API"
    },
    "ownerType": {
        "excerpt": "Organization",
        "confidence": [
            1.0
        ],
        "technique": "GitHub API"
    },
    "dateCreated": {
        "excerpt": "2019-10-01T16:15:06Z",
        "confidence": [
            1.0
        ],
        "technique": "GitHub API"
    },
    "dateModified": {
        "excerpt": "2022-03-04T20:55:24Z",
        "confidence": [
            1.0
        ],
        "technique": "GitHub API"
    },
    "name": {
        "excerpt": "model-catalog-fetch-api-client",
        "confidence": [
            1.0
        ],
        "technique": "GitHub API"
    },
    "fullName": {
        "excerpt": "mintproject/model-catalog-fetch-api-client",
        "confidence": [
            1.0
        ],
        "technique": "GitHub API"
    },
    "issueTracker": {
        "excerpt": "https://api.github.com/repos/mintproject/model-catalog-fetch-api-client/issues",
        "confidence": [
            1.0
        ],
        "technique": "GitHub API"
    },
    "forksUrl": {
        "excerpt": "https://api.github.com/repos/mintproject/model-catalog-fetch-api-client/forks",
        "confidence": [
            1.0
        ],
        "technique": "GitHub API"
    },
    "downloadUrl": {
        "excerpt": "https://github.com/mintproject/model-catalog-fetch-api-client/releases",
        "confidence": [
            1.0
        ],
        "technique": "GitHub API"
    },
    "stargazersCount": {
        "excerpt": {
            "count": 0,
            "date": "Wed, 18 May 2022 21:38:00 GMT"
        },
        "confidence": [
            1.0
        ],
        "technique": "GitHub API"
    },
    "forksCount": {
        "excerpt": {
            "count": 0,
            "date": "Wed, 18 May 2022 21:38:00 GMT"
        },
        "confidence": [
            1.0
        ],
        "technique": "GitHub API"
    },
    "languages": {
        "excerpt": [
            "TypeScript",
            "Mustache",
            "Shell"
        ],
        "confidence": [
            1.0
        ],
        "technique": "GitHub API"
    },
    "readmeUrl": {
        "excerpt": "https://raw.githubusercontent.com/mintproject/model-catalog-fetch-api-client/master/README.md",
        "confidence": [
            1.0
        ],
        "technique": "GitHub API"
    },
    "hasScriptFile": {
        "excerpt": [
            "https://raw.githubusercontent.com/mintproject/model-catalog-fetch-api-client/master/generate-client-dev.sh",
            "https://raw.githubusercontent.com/mintproject/model-catalog-fetch-api-client/master/generate-client.sh",
            "https://raw.githubusercontent.com/mintproject/model-catalog-fetch-api-client/master/generate-client-nodocker.sh"
        ],
        "confidence": [
            1.0
        ],
        "technique": "File Exploration"
    },
    "releases": {
        "excerpt": [
            {
                "tagName": "6.0.0",
                "name": "Release 6.0.0",
                "authorName": "hvarg",
                "authorType": "User",
                "body": "Updated to use data from the model-catalog v1.6.0 https://github.com/mintproject/model-catalog-fetch-api-client/issues/2",
                "tarballUrl": "https://api.github.com/repos/mintproject/model-catalog-fetch-api-client/tarball/6.0.0",
                "zipballUrl": "https://api.github.com/repos/mintproject/model-catalog-fetch-api-client/zipball/6.0.0",
                "htmlUrl": "https://github.com/mintproject/model-catalog-fetch-api-client/releases/tag/6.0.0",
                "url": "https://api.github.com/repos/mintproject/model-catalog-fetch-api-client/releases/34652414",
                "dateCreated": "2020-12-01T19:31:39Z",
                "datePublished": "2020-12-01T19:32:49Z"
            },
            {
                "tagName": "5.0.0",
                "name": "New version numbers",
                "authorName": "hvarg",
                "authorType": "User",
                "body": "And CI!",
                "tarballUrl": "https://api.github.com/repos/mintproject/model-catalog-fetch-api-client/tarball/5.0.0",
                "zipballUrl": "https://api.github.com/repos/mintproject/model-catalog-fetch-api-client/zipball/5.0.0",
                "htmlUrl": "https://github.com/mintproject/model-catalog-fetch-api-client/releases/tag/5.0.0",
                "url": "https://api.github.com/repos/mintproject/model-catalog-fetch-api-client/releases/33735106",
                "dateCreated": "2020-11-10T18:18:43Z",
                "datePublished": "2020-11-10T18:24:02Z"
            },
            {
                "tagName": "1.6",
                "name": "Model catalog 1.6",
                "authorName": "hvarg",
                "authorType": "User",
                "body": "Using model catalog API 1.6 (data from 1.7)",
                "tarballUrl": "https://api.github.com/repos/mintproject/model-catalog-fetch-api-client/tarball/1.6",
                "zipballUrl": "https://api.github.com/repos/mintproject/model-catalog-fetch-api-client/zipball/1.6",
                "htmlUrl": "https://github.com/mintproject/model-catalog-fetch-api-client/releases/tag/1.6",
                "url": "https://api.github.com/repos/mintproject/model-catalog-fetch-api-client/releases/33671349",
                "dateCreated": "2020-11-09T20:21:14Z",
                "datePublished": "2020-11-09T20:22:51Z"
            },
            {
                "tagName": "2.6.0",
                "name": "Release 2.6.0",
                "authorName": "mosoriob",
                "authorType": "User",
                "tarballUrl": "https://api.github.com/repos/mintproject/model-catalog-fetch-api-client/tarball/2.6.0",
                "zipballUrl": "https://api.github.com/repos/mintproject/model-catalog-fetch-api-client/zipball/2.6.0",
                "htmlUrl": "https://github.com/mintproject/model-catalog-fetch-api-client/releases/tag/2.6.0",
                "url": "https://api.github.com/repos/mintproject/model-catalog-fetch-api-client/releases/28420622",
                "dateCreated": "2020-07-09T21:53:05Z",
                "datePublished": "2020-07-09T21:53:12Z"
            },
            {
                "tagName": "2.5.2-dev",
                "name": "Release 2.5.2-dev",
                "authorName": "mosoriob",
                "authorType": "User",
                "tarballUrl": "https://api.github.com/repos/mintproject/model-catalog-fetch-api-client/tarball/2.5.2-dev",
                "zipballUrl": "https://api.github.com/repos/mintproject/model-catalog-fetch-api-client/zipball/2.5.2-dev",
                "htmlUrl": "https://github.com/mintproject/model-catalog-fetch-api-client/releases/tag/2.5.2-dev",
                "url": "https://api.github.com/repos/mintproject/model-catalog-fetch-api-client/releases/28135723",
                "dateCreated": "2020-07-01T22:52:57Z",
                "datePublished": "2020-07-01T22:53:05Z"
            },
            {
                "tagName": "2.5.1-dev",
                "name": "Release 2.5.1-dev",
                "authorName": "mosoriob",
                "authorType": "User",
                "body": "* release 1.5.0 (b70f01f)",
                "tarballUrl": "https://api.github.com/repos/mintproject/model-catalog-fetch-api-client/tarball/2.5.1-dev",
                "zipballUrl": "https://api.github.com/repos/mintproject/model-catalog-fetch-api-client/zipball/2.5.1-dev",
                "htmlUrl": "https://github.com/mintproject/model-catalog-fetch-api-client/releases/tag/2.5.1-dev",
                "url": "https://api.github.com/repos/mintproject/model-catalog-fetch-api-client/releases/28097733",
                "dateCreated": "2020-07-01T04:25:03Z",
                "datePublished": "2020-07-01T04:25:12Z"
            },
            {
                "tagName": "2.5.0-dev.0",
                "name": "Release 2.5.0-dev.0",
                "authorName": "mosoriob",
                "authorType": "User",
                "body": "* Revert \"fix: remove tags on deploy\" (52e76d4)",
                "tarballUrl": "https://api.github.com/repos/mintproject/model-catalog-fetch-api-client/tarball/2.5.0-dev.0",
                "zipballUrl": "https://api.github.com/repos/mintproject/model-catalog-fetch-api-client/zipball/2.5.0-dev.0",
                "htmlUrl": "https://github.com/mintproject/model-catalog-fetch-api-client/releases/tag/2.5.0-dev.0",
                "url": "https://api.github.com/repos/mintproject/model-catalog-fetch-api-client/releases/27423053",
                "dateCreated": "2020-06-10T17:51:28Z",
                "datePublished": "2020-06-10T17:51:37Z"
            },
            {
                "tagName": "2.4.1",
                "name": "Release 2.4.1",
                "authorName": "mosoriob",
                "authorType": "User",
                "body": "* encrypt api key (375c8fe)\n* delete npmrc (ec662ef)\n* add @ (8d052d0)\n* removing @ (4d297bb)\n* change token (da59e20)\n* fix: remove tags on deploy (970cc76)",
                "tarballUrl": "https://api.github.com/repos/mintproject/model-catalog-fetch-api-client/tarball/2.4.1",
                "zipballUrl": "https://api.github.com/repos/mintproject/model-catalog-fetch-api-client/zipball/2.4.1",
                "htmlUrl": "https://github.com/mintproject/model-catalog-fetch-api-client/releases/tag/2.4.1",
                "url": "https://api.github.com/repos/mintproject/model-catalog-fetch-api-client/releases/24445696",
                "dateCreated": "2020-03-11T22:52:51Z",
                "datePublished": "2020-03-11T22:52:57Z"
            },
            {
                "tagName": "2.4.1-5",
                "name": "Release 2.4.1-5",
                "authorName": "mosoriob",
                "authorType": "User",
                "tarballUrl": "https://api.github.com/repos/mintproject/model-catalog-fetch-api-client/tarball/2.4.1-5",
                "zipballUrl": "https://api.github.com/repos/mintproject/model-catalog-fetch-api-client/zipball/2.4.1-5",
                "htmlUrl": "https://github.com/mintproject/model-catalog-fetch-api-client/releases/tag/2.4.1-5",
                "url": "https://api.github.com/repos/mintproject/model-catalog-fetch-api-client/releases/24442377",
                "dateCreated": "2020-03-11T20:36:46Z",
                "datePublished": "2020-03-11T20:37:04Z"
            },
            {
                "tagName": "2.4.1-4",
                "name": "Release 2.4.1-4",
                "authorName": "mosoriob",
                "authorType": "User",
                "tarballUrl": "https://api.github.com/repos/mintproject/model-catalog-fetch-api-client/tarball/2.4.1-4",
                "zipballUrl": "https://api.github.com/repos/mintproject/model-catalog-fetch-api-client/zipball/2.4.1-4",
                "htmlUrl": "https://github.com/mintproject/model-catalog-fetch-api-client/releases/tag/2.4.1-4",
                "url": "https://api.github.com/repos/mintproject/model-catalog-fetch-api-client/releases/24441582",
                "dateCreated": "2020-03-11T20:12:39Z",
                "datePublished": "2020-03-11T20:12:46Z"
            },
            {
                "tagName": "2.4.1-3",
                "name": "Release 2.4.1-3",
                "authorName": "mosoriob",
                "authorType": "User",
                "body": "* fix: using tsc as dependencies (fc93f9c)",
                "tarballUrl": "https://api.github.com/repos/mintproject/model-catalog-fetch-api-client/tarball/2.4.1-3",
                "zipballUrl": "https://api.github.com/repos/mintproject/model-catalog-fetch-api-client/zipball/2.4.1-3",
                "htmlUrl": "https://github.com/mintproject/model-catalog-fetch-api-client/releases/tag/2.4.1-3",
                "url": "https://api.github.com/repos/mintproject/model-catalog-fetch-api-client/releases/24441422",
                "dateCreated": "2020-03-11T20:06:27Z",
                "datePublished": "2020-03-11T20:06:34Z"
            },
            {
                "tagName": "2.4.1-2",
                "name": "Release 2.4.1-2",
                "authorName": "mosoriob",
                "authorType": "User",
                "body": "* fix: install global (e936167)",
                "tarballUrl": "https://api.github.com/repos/mintproject/model-catalog-fetch-api-client/tarball/2.4.1-2",
                "zipballUrl": "https://api.github.com/repos/mintproject/model-catalog-fetch-api-client/zipball/2.4.1-2",
                "htmlUrl": "https://github.com/mintproject/model-catalog-fetch-api-client/releases/tag/2.4.1-2",
                "url": "https://api.github.com/repos/mintproject/model-catalog-fetch-api-client/releases/24441098",
                "dateCreated": "2020-03-11T19:54:19Z",
                "datePublished": "2020-03-11T19:54:34Z"
            },
            {
                "tagName": "2.4.1-1",
                "name": "Release 2.4.1-1",
                "authorName": "mosoriob",
                "authorType": "User",
                "body": "* add npm install (cb85611)",
                "tarballUrl": "https://api.github.com/repos/mintproject/model-catalog-fetch-api-client/tarball/2.4.1-1",
                "zipballUrl": "https://api.github.com/repos/mintproject/model-catalog-fetch-api-client/zipball/2.4.1-1",
                "htmlUrl": "https://github.com/mintproject/model-catalog-fetch-api-client/releases/tag/2.4.1-1",
                "url": "https://api.github.com/repos/mintproject/model-catalog-fetch-api-client/releases/24441023",
                "dateCreated": "2020-03-11T19:51:46Z",
                "datePublished": "2020-03-11T19:51:54Z"
            },
            {
                "tagName": "2.4.1-0",
                "name": "Release 2.4.1-0",
                "authorName": "mosoriob",
                "authorType": "User",
                "body": "* fix: moving GlobalFetch to WindowOrWorkerGlobalScope (6be207b)\n* fix: update tsc to 3.8.3 (13aede3)",
                "tarballUrl": "https://api.github.com/repos/mintproject/model-catalog-fetch-api-client/tarball/2.4.1-0",
                "zipballUrl": "https://api.github.com/repos/mintproject/model-catalog-fetch-api-client/zipball/2.4.1-0",
                "htmlUrl": "https://github.com/mintproject/model-catalog-fetch-api-client/releases/tag/2.4.1-0",
                "url": "https://api.github.com/repos/mintproject/model-catalog-fetch-api-client/releases/24437218",
                "dateCreated": "2020-03-11T17:59:43Z",
                "datePublished": "2020-03-11T17:59:49Z"
            },
            {
                "tagName": "2.4.0-dev.1",
                "name": "Release 2.4.0-dev.1",
                "authorName": "mosoriob",
                "authorType": "User",
                "body": "* add: build step (555bb1e)",
                "tarballUrl": "https://api.github.com/repos/mintproject/model-catalog-fetch-api-client/tarball/2.4.0-dev.1",
                "zipballUrl": "https://api.github.com/repos/mintproject/model-catalog-fetch-api-client/zipball/2.4.0-dev.1",
                "htmlUrl": "https://github.com/mintproject/model-catalog-fetch-api-client/releases/tag/2.4.0-dev.1",
                "url": "https://api.github.com/repos/mintproject/model-catalog-fetch-api-client/releases/24436032",
                "dateCreated": "2020-03-11T17:26:25Z",
                "datePublished": "2020-03-11T17:26:32Z"
            },
            {
                "tagName": "2.4.0-dev.0",
                "name": "Release 2.4.0-dev.0",
                "authorName": "mosoriob",
                "authorType": "User",
                "body": "* add typescript (7268bd6)",
                "tarballUrl": "https://api.github.com/repos/mintproject/model-catalog-fetch-api-client/tarball/2.4.0-dev.0",
                "zipballUrl": "https://api.github.com/repos/mintproject/model-catalog-fetch-api-client/zipball/2.4.0-dev.0",
                "htmlUrl": "https://github.com/mintproject/model-catalog-fetch-api-client/releases/tag/2.4.0-dev.0",
                "url": "https://api.github.com/repos/mintproject/model-catalog-fetch-api-client/releases/24408344",
                "dateCreated": "2020-03-11T00:20:15Z",
                "datePublished": "2020-03-11T00:20:22Z"
            },
            {
                "tagName": "2.4.0-dev",
                "name": "Release 2.4.0-dev",
                "authorName": "mosoriob",
                "authorType": "User",
                "body": "* release 2.4.0-dev (31f6b65)",
                "tarballUrl": "https://api.github.com/repos/mintproject/model-catalog-fetch-api-client/tarball/2.4.0-dev",
                "zipballUrl": "https://api.github.com/repos/mintproject/model-catalog-fetch-api-client/zipball/2.4.0-dev",
                "htmlUrl": "https://github.com/mintproject/model-catalog-fetch-api-client/releases/tag/2.4.0-dev",
                "url": "https://api.github.com/repos/mintproject/model-catalog-fetch-api-client/releases/24408293",
                "dateCreated": "2020-03-11T00:16:26Z",
                "datePublished": "2020-03-11T00:16:40Z"
            },
            {
                "tagName": "2.0.0",
                "name": "Release 2.0.0",
                "authorName": "mosoriob",
                "authorType": "User",
                "body": "* add: api v1.4.0 (d0d8a34)",
                "tarballUrl": "https://api.github.com/repos/mintproject/model-catalog-fetch-api-client/tarball/2.0.0",
                "zipballUrl": "https://api.github.com/repos/mintproject/model-catalog-fetch-api-client/zipball/2.0.0",
                "htmlUrl": "https://github.com/mintproject/model-catalog-fetch-api-client/releases/tag/2.0.0",
                "url": "https://api.github.com/repos/mintproject/model-catalog-fetch-api-client/releases/24362560",
                "dateCreated": "2020-03-09T19:17:37Z",
                "datePublished": "2020-03-09T19:17:58Z"
            },
            {
                "tagName": "1.7.4",
                "name": "Release 1.7.4",
                "authorName": "mosoriob",
                "authorType": "User",
                "body": "* Merge branch 'master' of github.com:mintproject/model-catalog-fetch-api-client (68e9030)\n* Release 1.7.1 (dd87587)",
                "tarballUrl": "https://api.github.com/repos/mintproject/model-catalog-fetch-api-client/tarball/1.7.4",
                "zipballUrl": "https://api.github.com/repos/mintproject/model-catalog-fetch-api-client/zipball/1.7.4",
                "htmlUrl": "https://github.com/mintproject/model-catalog-fetch-api-client/releases/tag/1.7.4",
                "url": "https://api.github.com/repos/mintproject/model-catalog-fetch-api-client/releases/24055300",
                "dateCreated": "2020-02-27T21:33:14Z",
                "datePublished": "2020-02-27T21:33:23Z"
            },
            {
                "tagName": "1.7.1",
                "name": "Release 1.7.1",
                "authorName": "mosoriob",
                "authorType": "User",
                "body": "* using v1.3.1 (c7bf7a2)",
                "tarballUrl": "https://api.github.com/repos/mintproject/model-catalog-fetch-api-client/tarball/1.7.1",
                "zipballUrl": "https://api.github.com/repos/mintproject/model-catalog-fetch-api-client/zipball/1.7.1",
                "htmlUrl": "https://github.com/mintproject/model-catalog-fetch-api-client/releases/tag/1.7.1",
                "url": "https://api.github.com/repos/mintproject/model-catalog-fetch-api-client/releases/23975422",
                "dateCreated": "2020-02-25T18:39:48Z",
                "datePublished": "2020-02-25T18:39:59Z"
            },
            {
                "tagName": "1.6.0",
                "name": "Release 1.6.0",
                "authorName": "mosoriob",
                "authorType": "User",
                "body": "* Release 1.5.0 (df4dcef)",
                "tarballUrl": "https://api.github.com/repos/mintproject/model-catalog-fetch-api-client/tarball/1.6.0",
                "zipballUrl": "https://api.github.com/repos/mintproject/model-catalog-fetch-api-client/zipball/1.6.0",
                "htmlUrl": "https://github.com/mintproject/model-catalog-fetch-api-client/releases/tag/1.6.0",
                "url": "https://api.github.com/repos/mintproject/model-catalog-fetch-api-client/releases/23687614",
                "dateCreated": "2020-02-14T17:15:56Z",
                "datePublished": "2020-02-14T17:16:05Z"
            },
            {
                "tagName": "1.5.0",
                "name": "Release 1.5.0",
                "authorName": "mosoriob",
                "authorType": "User",
                "tarballUrl": "https://api.github.com/repos/mintproject/model-catalog-fetch-api-client/tarball/1.5.0",
                "zipballUrl": "https://api.github.com/repos/mintproject/model-catalog-fetch-api-client/zipball/1.5.0",
                "htmlUrl": "https://github.com/mintproject/model-catalog-fetch-api-client/releases/tag/1.5.0",
                "url": "https://api.github.com/repos/mintproject/model-catalog-fetch-api-client/releases/23580794",
                "dateCreated": "2020-02-11T19:21:45Z",
                "datePublished": "2020-02-11T19:21:52Z"
            },
            {
                "tagName": "1.4.3",
                "name": "Release 1.4.3",
                "authorName": "mosoriob",
                "authorType": "User",
                "body": "* add custom queries to get model (9ae20df)",
                "tarballUrl": "https://api.github.com/repos/mintproject/model-catalog-fetch-api-client/tarball/1.4.3",
                "zipballUrl": "https://api.github.com/repos/mintproject/model-catalog-fetch-api-client/zipball/1.4.3",
                "htmlUrl": "https://github.com/mintproject/model-catalog-fetch-api-client/releases/tag/1.4.3",
                "url": "https://api.github.com/repos/mintproject/model-catalog-fetch-api-client/releases/23580769",
                "dateCreated": "2020-02-11T19:20:41Z",
                "datePublished": "2020-02-11T19:20:50Z"
            },
            {
                "tagName": "1.4.1",
                "name": "Release 1.4.1",
                "authorName": "mosoriob",
                "authorType": "User",
                "tarballUrl": "https://api.github.com/repos/mintproject/model-catalog-fetch-api-client/tarball/1.4.1",
                "zipballUrl": "https://api.github.com/repos/mintproject/model-catalog-fetch-api-client/zipball/1.4.1",
                "htmlUrl": "https://github.com/mintproject/model-catalog-fetch-api-client/releases/tag/1.4.1",
                "url": "https://api.github.com/repos/mintproject/model-catalog-fetch-api-client/releases/22270045",
                "dateCreated": "2019-12-16T21:33:17Z",
                "datePublished": "2019-12-16T21:33:23Z"
            },
            {
                "tagName": "1.4.0",
                "name": "Release 1.4.0",
                "authorName": "mosoriob",
                "authorType": "User",
                "tarballUrl": "https://api.github.com/repos/mintproject/model-catalog-fetch-api-client/tarball/1.4.0",
                "zipballUrl": "https://api.github.com/repos/mintproject/model-catalog-fetch-api-client/zipball/1.4.0",
                "htmlUrl": "https://github.com/mintproject/model-catalog-fetch-api-client/releases/tag/1.4.0",
                "url": "https://api.github.com/repos/mintproject/model-catalog-fetch-api-client/releases/22221083",
                "dateCreated": "2019-12-13T20:14:41Z",
                "datePublished": "2019-12-13T20:14:55Z"
            },
            {
                "tagName": "1.3.1",
                "name": "Release 1.3.1",
                "authorName": "mosoriob",
                "authorType": "User",
                "tarballUrl": "https://api.github.com/repos/mintproject/model-catalog-fetch-api-client/tarball/1.3.1",
                "zipballUrl": "https://api.github.com/repos/mintproject/model-catalog-fetch-api-client/zipball/1.3.1",
                "htmlUrl": "https://github.com/mintproject/model-catalog-fetch-api-client/releases/tag/1.3.1",
                "url": "https://api.github.com/repos/mintproject/model-catalog-fetch-api-client/releases/21631680",
                "dateCreated": "2019-11-20T19:32:32Z",
                "datePublished": "2019-11-20T19:32:48Z"
            },
            {
                "tagName": "1.3.0",
                "name": "Release 1.3.0",
                "authorName": "mosoriob",
                "authorType": "User",
                "body": "* Release 1.3.2 (911f91b)",
                "tarballUrl": "https://api.github.com/repos/mintproject/model-catalog-fetch-api-client/tarball/1.3.0",
                "zipballUrl": "https://api.github.com/repos/mintproject/model-catalog-fetch-api-client/zipball/1.3.0",
                "htmlUrl": "https://github.com/mintproject/model-catalog-fetch-api-client/releases/tag/1.3.0",
                "url": "https://api.github.com/repos/mintproject/model-catalog-fetch-api-client/releases/21410697",
                "dateCreated": "2019-11-12T16:19:48Z",
                "datePublished": "2019-11-12T16:21:08Z"
            },
            {
                "tagName": "1.2.3",
                "name": "Release 1.2.3",
                "authorName": "mosoriob",
                "authorType": "User",
                "tarballUrl": "https://api.github.com/repos/mintproject/model-catalog-fetch-api-client/tarball/1.2.3",
                "zipballUrl": "https://api.github.com/repos/mintproject/model-catalog-fetch-api-client/zipball/1.2.3",
                "htmlUrl": "https://github.com/mintproject/model-catalog-fetch-api-client/releases/tag/1.2.3",
                "url": "https://api.github.com/repos/mintproject/model-catalog-fetch-api-client/releases/21156220",
                "dateCreated": "2019-11-01T18:24:16Z",
                "datePublished": "2019-11-01T18:24:20Z"
            },
            {
                "tagName": "1.2.2",
                "name": "Release 1.2.2",
                "authorName": "mosoriob",
                "authorType": "User",
                "body": "* Release 1.2.1 (c3326c9)\n* Add: npm (2e95b4f)\n* add: release (e411f64)",
                "tarballUrl": "https://api.github.com/repos/mintproject/model-catalog-fetch-api-client/tarball/1.2.2",
                "zipballUrl": "https://api.github.com/repos/mintproject/model-catalog-fetch-api-client/zipball/1.2.2",
                "htmlUrl": "https://github.com/mintproject/model-catalog-fetch-api-client/releases/tag/1.2.2",
                "url": "https://api.github.com/repos/mintproject/model-catalog-fetch-api-client/releases/21154062",
                "dateCreated": "2019-11-01T16:57:37Z",
                "datePublished": "2019-11-01T16:57:40Z"
            },
            {
                "tagName": "1.2.1",
                "name": "Release 1.2.1",
                "authorName": "mosoriob",
                "authorType": "User",
                "body": "* fix: pass args (06cbc4d)",
                "tarballUrl": "https://api.github.com/repos/mintproject/model-catalog-fetch-api-client/tarball/1.2.1",
                "zipballUrl": "https://api.github.com/repos/mintproject/model-catalog-fetch-api-client/zipball/1.2.1",
                "htmlUrl": "https://github.com/mintproject/model-catalog-fetch-api-client/releases/tag/1.2.1",
                "url": "https://api.github.com/repos/mintproject/model-catalog-fetch-api-client/releases/20779666",
                "dateCreated": "2019-10-17T15:38:42Z",
                "datePublished": "2019-10-17T15:38:49Z"
            }
        ],
        "confidence": [
            1.0
        ],
        "technique": "GitHub API"
    }
}