{
    "description": [
        {
            "excerpt": "Contraint Reasoning Over MOdels. Cromo is built over the MINT platform, and it Recommends Models for a given combination of a Scenario, Time Period and a reagion. The Scenario provides a text keyword search to narrow down the list of matching models, and the Time Period & Region are used to match available input datasets for each of the models. \nThe Model Constraints themselves are written in SWRL (swirl), which stands for Semantic Web Rule Language.\n \n",
            "confidence": [
                [
                    0.9947623021651589,
                    0.9738883638591816
                ]
            ],
            "technique": "Supervised classification",
            "originalHeader": "CROMO"
        },
        {
            "excerpt": "Contraint Reasoning Over MOdels",
            "confidence": [
                1.0
            ],
            "technique": "GitHub API"
        }
    ],
    "installation": [
        {
            "originalHeader": "Installation",
            "excerpt": "------------\n`pip install cromo`\n",
            "parentHeader": [
                "CROMO"
            ],
            "confidence": [
                1.0
            ],
            "technique": "Header extraction"
        }
    ],
    "longTitle": {
        "excerpt": "CROMO",
        "confidence": [
            1.0
        ],
        "technique": "Regular expression"
    },
    "usage": [
        {
            "originalHeader": "Example Usage",
            "excerpt": "-------------\n* Clone the repository\n* Go to the cromo directory\n* Example run of cromo on rough terrain\n`cromo search start Fire src/cromo/test/georgetown.geojson \"2020-10-20\" \"2020-10-30\"\n* Example run of cromo on flat terrain\n`cromo search start Fire src/cromo/test/whiterock.geojson \"2021-03-01\" \"2021-03-31\"`\n",
            "parentHeader": [
                "CROMO"
            ],
            "confidence": [
                1.0
            ],
            "technique": "Header extraction"
        }
    ],
    "codeRepository": {
        "excerpt": "https://github.com/mintproject/cromo",
        "confidence": [
            1.0
        ],
        "technique": "GitHub API"
    },
    "owner": {
        "excerpt": "mintproject",
        "confidence": [
            1.0
        ],
        "technique": "GitHub API"
    },
    "ownerType": {
        "excerpt": "Organization",
        "confidence": [
            1.0
        ],
        "technique": "GitHub API"
    },
    "dateCreated": {
        "excerpt": "2021-03-26T07:57:23Z",
        "confidence": [
            1.0
        ],
        "technique": "GitHub API"
    },
    "dateModified": {
        "excerpt": "2021-10-05T16:53:20Z",
        "confidence": [
            1.0
        ],
        "technique": "GitHub API"
    },
    "name": {
        "excerpt": "cromo",
        "confidence": [
            1.0
        ],
        "technique": "GitHub API"
    },
    "fullName": {
        "excerpt": "mintproject/cromo",
        "confidence": [
            1.0
        ],
        "technique": "GitHub API"
    },
    "issueTracker": {
        "excerpt": "https://api.github.com/repos/mintproject/cromo/issues",
        "confidence": [
            1.0
        ],
        "technique": "GitHub API"
    },
    "forksUrl": {
        "excerpt": "https://api.github.com/repos/mintproject/cromo/forks",
        "confidence": [
            1.0
        ],
        "technique": "GitHub API"
    },
    "downloadUrl": {
        "excerpt": "https://github.com/mintproject/cromo/releases",
        "confidence": [
            1.0
        ],
        "technique": "GitHub API"
    },
    "stargazersCount": {
        "excerpt": {
            "count": 1,
            "date": "Wed, 18 May 2022 21:47:53 GMT"
        },
        "confidence": [
            1.0
        ],
        "technique": "GitHub API"
    },
    "forksCount": {
        "excerpt": {
            "count": 0,
            "date": "Wed, 18 May 2022 21:47:53 GMT"
        },
        "confidence": [
            1.0
        ],
        "technique": "GitHub API"
    },
    "languages": {
        "excerpt": [
            "Python",
            "Jupyter Notebook",
            "Dockerfile"
        ],
        "confidence": [
            1.0
        ],
        "technique": "GitHub API"
    },
    "readmeUrl": {
        "excerpt": "https://raw.githubusercontent.com/mintproject/cromo/main/README.md",
        "confidence": [
            1.0
        ],
        "technique": "GitHub API"
    },
    "hasExecutableNotebook": {
        "excerpt": [
            "https://raw.githubusercontent.com/mintproject/cromo/main/DemoNotebook.ipynb"
        ],
        "confidence": [
            1.0
        ],
        "technique": "File Exploration",
        "format": "jupyter notebook"
    },
    "hasBuildFile": [
        {
            "excerpt": [
                "https://raw.githubusercontent.com/mintproject/cromo/main/docker-compose.yml"
            ],
            "confidence": [
                1.0
            ],
            "technique": "File Exploration",
            "format": "Docker compose file"
        },
        {
            "excerpt": [
                "https://raw.githubusercontent.com/mintproject/cromo/main/Dockerfile"
            ],
            "confidence": [
                1.0
            ],
            "technique": "File Exploration",
            "format": "Docker file"
        }
    ],
    "ontologies": {
        "excerpt": [
            {
                "uri": "https://w3id.org/mint/execution.owl",
                "file_url": "https://raw.githubusercontent.com/mintproject/cromo/main/src/cromo/resources/ontology/execution.owl"
            }
        ],
        "confidence": [
            1.0
        ],
        "technique": "File Exploration"
    },
    "inspect4py": {
        "software_type": "package",
        "run": [
            "cromo"
        ]
    }
}