{
    "description": [
        {
            "excerpt": "This server was generated by the [OpenAPI Generator](https://openapi-generator.tech) project. By using the\n[OpenAPI-Spec](https://openapis.org) from a remote server, you can easily generate a server stub.  This\nis an example of building a OpenAPI-enabled Flask server. \n",
            "confidence": [
                [
                    0.9371783649011273
                ]
            ],
            "technique": "Supervised classification",
            "originalHeader": "Overview",
            "parentHeader": [
                "OpenAPI generated server"
            ]
        },
        {
            "excerpt": "To configure the endpoint and the rdf graph, please modify the file [config.ini](server/openapi_server/settings/config.ini)\n \n",
            "confidence": [
                [
                    0.9196793439933065
                ]
            ],
            "technique": "Supervised classification",
            "originalHeader": "Configure",
            "parentHeader": [
                "OpenAPI generated server"
            ]
        },
        {
            "excerpt": "A repository for documenting and developing the API forms and structure to add models in the model catalog",
            "confidence": [
                1.0
            ],
            "technique": "GitHub API"
        }
    ],
    "longTitle": {
        "excerpt": "OpenAPI generated server",
        "confidence": [
            1.0
        ],
        "technique": "Regular expression"
    },
    "requirement": [
        {
            "originalHeader": "Requirements",
            "excerpt": "Python 3.5.2+\n",
            "parentHeader": [
                "OpenAPI generated server"
            ],
            "confidence": [
                1.0
            ],
            "technique": "Header extraction"
        }
    ],
    "run": [
        {
            "originalHeader": "Running with Docker",
            "excerpt": "To run the server on a Docker container, please execute the following from the root directory:\n\n```bash\n# building the image\ndocker build -t openapi_server .\n\n# starting up a container\ndocker run -p 8080:8080 openapi_server\n```\n",
            "parentHeader": [
                "OpenAPI generated server"
            ],
            "confidence": [
                1.0
            ],
            "technique": "Header extraction"
        }
    ],
    "usage": [
        {
            "originalHeader": "Usage",
            "excerpt": "To run the server, please execute the following from the root directory:\n\n```\npip3 install -r requirements.txt\npython3 -m openapi_server\n```\n\nand open your browser to here:\n\n```\nhttp://localhost:8080/v1.7.0/ui/\n```\n\nYour OpenAPI definition lives here:\n\n```\nhttp://localhost:8080/v1.7.0/openapi.json\n```\n\nTo launch the integration tests, use tox:\n```\nsudo pip install tox\ntox\n```\n",
            "parentHeader": [
                "OpenAPI generated server"
            ],
            "confidence": [
                1.0
            ],
            "technique": "Header extraction"
        }
    ],
    "codeRepository": {
        "excerpt": "https://github.com/mintproject/model-catalog-api",
        "confidence": [
            1.0
        ],
        "technique": "GitHub API"
    },
    "owner": {
        "excerpt": "mintproject",
        "confidence": [
            1.0
        ],
        "technique": "GitHub API"
    },
    "ownerType": {
        "excerpt": "Organization",
        "confidence": [
            1.0
        ],
        "technique": "GitHub API"
    },
    "dateCreated": {
        "excerpt": "2019-03-08T19:58:41Z",
        "confidence": [
            1.0
        ],
        "technique": "GitHub API"
    },
    "dateModified": {
        "excerpt": "2021-12-09T21:16:18Z",
        "confidence": [
            1.0
        ],
        "technique": "GitHub API"
    },
    "license": {
        "excerpt": {
            "name": "Apache License 2.0",
            "url": "https://api.github.com/licenses/apache-2.0"
        },
        "confidence": [
            1.0
        ],
        "technique": "GitHub API"
    },
    "name": {
        "excerpt": "model-catalog-api",
        "confidence": [
            1.0
        ],
        "technique": "GitHub API"
    },
    "fullName": {
        "excerpt": "mintproject/model-catalog-api",
        "confidence": [
            1.0
        ],
        "technique": "GitHub API"
    },
    "issueTracker": {
        "excerpt": "https://api.github.com/repos/mintproject/model-catalog-api/issues",
        "confidence": [
            1.0
        ],
        "technique": "GitHub API"
    },
    "forksUrl": {
        "excerpt": "https://api.github.com/repos/mintproject/model-catalog-api/forks",
        "confidence": [
            1.0
        ],
        "technique": "GitHub API"
    },
    "downloadUrl": {
        "excerpt": "https://github.com/mintproject/model-catalog-api/releases",
        "confidence": [
            1.0
        ],
        "technique": "GitHub API"
    },
    "stargazersCount": {
        "excerpt": {
            "count": 2,
            "date": "Wed, 18 May 2022 21:30:38 GMT"
        },
        "confidence": [
            1.0
        ],
        "technique": "GitHub API"
    },
    "forksCount": {
        "excerpt": {
            "count": 0,
            "date": "Wed, 18 May 2022 21:30:38 GMT"
        },
        "confidence": [
            1.0
        ],
        "technique": "GitHub API"
    },
    "languages": {
        "excerpt": [
            "Python",
            "Mustache",
            "Shell",
            "Dockerfile"
        ],
        "confidence": [
            1.0
        ],
        "technique": "GitHub API"
    },
    "licenseText": {
        "excerpt": "b'                                 Apache License\\n                           Version 2.0, January 2004\\n                        http://www.apache.org/licenses/\\n\\n   TERMS AND CONDITIONS FOR USE, REPRODUCTION, AND DISTRIBUTION\\n\\n   1. Definitions.\\n\\n      \"License\" shall mean the terms and conditions for use, reproduction,\\n      and distribution as defined by Sections 1 through 9 of this document.\\n\\n      \"Licensor\" shall mean the copyright owner or entity authorized by\\n      the copyright owner that is granting the License.\\n\\n      \"Legal Entity\" shall mean the union of the acting entity and all\\n      other entities that control, are controlled by, or are under common\\n      control with that entity. For the purposes of this definition,\\n      \"control\" means (i) the power, direct or indirect, to cause the\\n      direction or management of such entity, whether by contract or\\n      otherwise, or (ii) ownership of fifty percent (50%) or more of the\\n      outstanding shares, or (iii) beneficial ownership of such entity.\\n\\n      \"You\" (or \"Your\") shall mean an individual or Legal Entity\\n      exercising permissions granted by this License.\\n\\n      \"Source\" form shall mean the preferred form for making modifications,\\n      including but not limited to software source code, documentation\\n      source, and configuration files.\\n\\n      \"Object\" form shall mean any form resulting from mechanical\\n      transformation or translation of a Source form, including but\\n      not limited to compiled object code, generated documentation,\\n      and conversions to other media types.\\n\\n      \"Work\" shall mean the work of authorship, whether in Source or\\n      Object form, made available under the License, as indicated by a\\n      copyright notice that is included in or attached to the work\\n      (an example is provided in the Appendix below).\\n\\n      \"Derivative Works\" shall mean any work, whether in Source or Object\\n      form, that is based on (or derived from) the Work and for which the\\n      editorial revisions, annotations, elaborations, or other modifications\\n      represent, as a whole, an original work of authorship. For the purposes\\n      of this License, Derivative Works shall not include works that remain\\n      separable from, or merely link (or bind by name) to the interfaces of,\\n      the Work and Derivative Works thereof.\\n\\n      \"Contribution\" shall mean any work of authorship, including\\n      the original version of the Work and any modifications or additions\\n      to that Work or Derivative Works thereof, that is intentionally\\n      submitted to Licensor for inclusion in the Work by the copyright owner\\n      or by an individual or Legal Entity authorized to submit on behalf of\\n      the copyright owner. For the purposes of this definition, \"submitted\"\\n      means any form of electronic, verbal, or written communication sent\\n      to the Licensor or its representatives, including but not limited to\\n      communication on electronic mailing lists, source code control systems,\\n      and issue tracking systems that are managed by, or on behalf of, the\\n      Licensor for the purpose of discussing and improving the Work, but\\n      excluding communication that is conspicuously marked or otherwise\\n      designated in writing by the copyright owner as \"Not a Contribution.\"\\n\\n      \"Contributor\" shall mean Licensor and any individual or Legal Entity\\n      on behalf of whom a Contribution has been received by Licensor and\\n      subsequently incorporated within the Work.\\n\\n   2. Grant of Copyright License. Subject to the terms and conditions of\\n      this License, each Contributor hereby grants to You a perpetual,\\n      worldwide, non-exclusive, no-charge, royalty-free, irrevocable\\n      copyright license to reproduce, prepare Derivative Works of,\\n      publicly display, publicly perform, sublicense, and distribute the\\n      Work and such Derivative Works in Source or Object form.\\n\\n   3. Grant of Patent License. Subject to the terms and conditions of\\n      this License, each Contributor hereby grants to You a perpetual,\\n      worldwide, non-exclusive, no-charge, royalty-free, irrevocable\\n      (except as stated in this section) patent license to make, have made,\\n      use, offer to sell, sell, import, and otherwise transfer the Work,\\n      where such license applies only to those patent claims licensable\\n      by such Contributor that are necessarily infringed by their\\n      Contribution(s) alone or by combination of their Contribution(s)\\n      with the Work to which such Contribution(s) was submitted. If You\\n      institute patent litigation against any entity (including a\\n      cross-claim or counterclaim in a lawsuit) alleging that the Work\\n      or a Contribution incorporated within the Work constitutes direct\\n      or contributory patent infringement, then any patent licenses\\n      granted to You under this License for that Work shall terminate\\n      as of the date such litigation is filed.\\n\\n   4. Redistribution. You may reproduce and distribute copies of the\\n      Work or Derivative Works thereof in any medium, with or without\\n      modifications, and in Source or Object form, provided that You\\n      meet the following conditions:\\n\\n      (a) You must give any other recipients of the Work or\\n          Derivative Works a copy of this License; and\\n\\n      (b) You must cause any modified files to carry prominent notices\\n          stating that You changed the files; and\\n\\n      (c) You must retain, in the Source form of any Derivative Works\\n          that You distribute, all copyright, patent, trademark, and\\n          attribution notices from the Source form of the Work,\\n          excluding those notices that do not pertain to any part of\\n          the Derivative Works; and\\n\\n      (d) If the Work includes a \"NOTICE\" text file as part of its\\n          distribution, then any Derivative Works that You distribute must\\n          include a readable copy of the attribution notices contained\\n          within such NOTICE file, excluding those notices that do not\\n          pertain to any part of the Derivative Works, in at least one\\n          of the following places: within a NOTICE text file distributed\\n          as part of the Derivative Works; within the Source form or\\n          documentation, if provided along with the Derivative Works; or,\\n          within a display generated by the Derivative Works, if and\\n          wherever such third-party notices normally appear. The contents\\n          of the NOTICE file are for informational purposes only and\\n          do not modify the License. You may add Your own attribution\\n          notices within Derivative Works that You distribute, alongside\\n          or as an addendum to the NOTICE text from the Work, provided\\n          that such additional attribution notices cannot be construed\\n          as modifying the License.\\n\\n      You may add Your own copyright statement to Your modifications and\\n      may provide additional or different license terms and conditions\\n      for use, reproduction, or distribution of Your modifications, or\\n      for any such Derivative Works as a whole, provided Your use,\\n      reproduction, and distribution of the Work otherwise complies with\\n      the conditions stated in this License.\\n\\n   5. Submission of Contributions. Unless You explicitly state otherwise,\\n      any Contribution intentionally submitted for inclusion in the Work\\n      by You to the Licensor shall be under the terms and conditions of\\n      this License, without any additional terms or conditions.\\n      Notwithstanding the above, nothing herein shall supersede or modify\\n      the terms of any separate license agreement you may have executed\\n      with Licensor regarding such Contributions.\\n\\n   6. Trademarks. This License does not grant permission to use the trade\\n      names, trademarks, service marks, or product names of the Licensor,\\n      except as required for reasonable and customary use in describing the\\n      origin of the Work and reproducing the content of the NOTICE file.\\n\\n   7. Disclaimer of Warranty. Unless required by applicable law or\\n      agreed to in writing, Licensor provides the Work (and each\\n      Contributor provides its Contributions) on an \"AS IS\" BASIS,\\n      WITHOUT WARRANTIES OR CONDITIONS OF ANY KIND, either express or\\n      implied, including, without limitation, any warranties or conditions\\n      of TITLE, NON-INFRINGEMENT, MERCHANTABILITY, or FITNESS FOR A\\n      PARTICULAR PURPOSE. You are solely responsible for determining the\\n      appropriateness of using or redistributing the Work and assume any\\n      risks associated with Your exercise of permissions under this License.\\n\\n   8. Limitation of Liability. In no event and under no legal theory,\\n      whether in tort (including negligence), contract, or otherwise,\\n      unless required by applicable law (such as deliberate and grossly\\n      negligent acts) or agreed to in writing, shall any Contributor be\\n      liable to You for damages, including any direct, indirect, special,\\n      incidental, or consequential damages of any character arising as a\\n      result of this License or out of the use or inability to use the\\n      Work (including but not limited to damages for loss of goodwill,\\n      work stoppage, computer failure or malfunction, or any and all\\n      other commercial damages or losses), even if such Contributor\\n      has been advised of the possibility of such damages.\\n\\n   9. Accepting Warranty or Additional Liability. While redistributing\\n      the Work or Derivative Works thereof, You may choose to offer,\\n      and charge a fee for, acceptance of support, warranty, indemnity,\\n      or other liability obligations and/or rights consistent with this\\n      License. However, in accepting such obligations, You may act only\\n      on Your own behalf and on Your sole responsibility, not on behalf\\n      of any other Contributor, and only if You agree to indemnify,\\n      defend, and hold each Contributor harmless for any liability\\n      incurred by, or claims asserted against, such Contributor by reason\\n      of your accepting any such warranty or additional liability.\\n\\n   END OF TERMS AND CONDITIONS\\n\\n   APPENDIX: How to apply the Apache License to your work.\\n\\n      To apply the Apache License to your work, attach the following\\n      boilerplate notice, with the fields enclosed by brackets \"[]\"\\n      replaced with your own identifying information. (Don\\'t include\\n      the brackets!)  The text should be enclosed in the appropriate\\n      comment syntax for the file format. We also recommend that a\\n      file or class name and description of purpose be included on the\\n      same \"printed page\" as the copyright notice for easier\\n      identification within third-party archives.\\n\\n   Copyright [yyyy] [name of copyright owner]\\n\\n   Licensed under the Apache License, Version 2.0 (the \"License\");\\n   you may not use this file except in compliance with the License.\\n   You may obtain a copy of the License at\\n\\n       http://www.apache.org/licenses/LICENSE-2.0\\n\\n   Unless required by applicable law or agreed to in writing, software\\n   distributed under the License is distributed on an \"AS IS\" BASIS,\\n   WITHOUT WARRANTIES OR CONDITIONS OF ANY KIND, either express or implied.\\n   See the License for the specific language governing permissions and\\n   limitations under the License.\\n'",
        "confidence": [
            1.0
        ],
        "technique": "File Exploration"
    },
    "readmeUrl": {
        "excerpt": "https://raw.githubusercontent.com/mintproject/model-catalog-api/master/README.md",
        "confidence": [
            1.0
        ],
        "technique": "GitHub API"
    },
    "hasBuildFile": [
        {
            "excerpt": [
                "https://raw.githubusercontent.com/mintproject/model-catalog-api/master/server/docker-compose.yml"
            ],
            "confidence": [
                1.0
            ],
            "technique": "File Exploration",
            "format": "Docker compose file"
        },
        {
            "excerpt": [
                "https://raw.githubusercontent.com/mintproject/model-catalog-api/master/server/Dockerfile"
            ],
            "confidence": [
                1.0
            ],
            "technique": "File Exploration",
            "format": "Docker file"
        }
    ],
    "hasDocumentation": {
        "excerpt": [
            "https://github.com/mintproject/model-catalog-api/tree/master/docs"
        ],
        "confidence": [
            1.0
        ],
        "technique": "File Exploration"
    },
    "hasScriptFile": {
        "excerpt": [
            "https://raw.githubusercontent.com/mintproject/model-catalog-api/master/install.sh",
            "https://raw.githubusercontent.com/mintproject/model-catalog-api/master/fix-any-of.sh",
            "https://raw.githubusercontent.com/mintproject/model-catalog-api/master/update.sh",
            "https://raw.githubusercontent.com/mintproject/model-catalog-api/master/generate-server.sh",
            "https://raw.githubusercontent.com/mintproject/model-catalog-api/master/tools/context.sh",
            "https://raw.githubusercontent.com/mintproject/model-catalog-api/master/tools/init-templates.sh",
            "https://raw.githubusercontent.com/mintproject/model-catalog-api/master/tools/v1/save-changes.sh",
            "https://raw.githubusercontent.com/mintproject/model-catalog-api/master/tools/tests/get-one.sh",
            "https://raw.githubusercontent.com/mintproject/model-catalog-api/master/tools/tests/get.sh",
            "https://raw.githubusercontent.com/mintproject/model-catalog-api/master/tools/tests/put.sh",
            "https://raw.githubusercontent.com/mintproject/model-catalog-api/master/tools/tests/delete.sh",
            "https://raw.githubusercontent.com/mintproject/model-catalog-api/master/tools/tests/post.sh",
            "https://raw.githubusercontent.com/mintproject/model-catalog-api/master/tools/tests/post-person.sh",
            "https://raw.githubusercontent.com/mintproject/model-catalog-api/master/server/git_push.sh"
        ],
        "confidence": [
            1.0
        ],
        "technique": "File Exploration"
    },
    "releases": {
        "excerpt": [
            {
                "tagName": "1.7.4",
                "name": "Ontology changes",
                "authorName": "hvarg",
                "authorType": "User",
                "body": "Moved constraints from SDM to SD ontology",
                "tarballUrl": "https://api.github.com/repos/mintproject/model-catalog-api/tarball/1.7.4",
                "zipballUrl": "https://api.github.com/repos/mintproject/model-catalog-api/zipball/1.7.4",
                "htmlUrl": "https://github.com/mintproject/model-catalog-api/releases/tag/1.7.4",
                "url": "https://api.github.com/repos/mintproject/model-catalog-api/releases/42108133",
                "dateCreated": "2021-04-28T01:38:29Z",
                "datePublished": "2021-04-28T01:39:16Z"
            },
            {
                "tagName": "1.7.3",
                "name": "",
                "authorName": "hvarg",
                "authorType": "User",
                "body": "Added configuration constraints",
                "tarballUrl": "https://api.github.com/repos/mintproject/model-catalog-api/tarball/1.7.3",
                "zipballUrl": "https://api.github.com/repos/mintproject/model-catalog-api/zipball/1.7.3",
                "htmlUrl": "https://github.com/mintproject/model-catalog-api/releases/tag/1.7.3",
                "url": "https://api.github.com/repos/mintproject/model-catalog-api/releases/41744517",
                "dateCreated": "2021-04-16T02:05:41Z",
                "datePublished": "2021-04-20T22:52:06Z"
            },
            {
                "tagName": "1.7.2",
                "name": "",
                "authorName": "hvarg",
                "authorType": "User",
                "body": "",
                "tarballUrl": "https://api.github.com/repos/mintproject/model-catalog-api/tarball/1.7.2",
                "zipballUrl": "https://api.github.com/repos/mintproject/model-catalog-api/zipball/1.7.2",
                "htmlUrl": "https://github.com/mintproject/model-catalog-api/releases/tag/1.7.2",
                "url": "https://api.github.com/repos/mintproject/model-catalog-api/releases/39740422",
                "dateCreated": "2021-03-12T21:48:24Z",
                "datePublished": "2021-03-12T21:54:49Z"
            },
            {
                "tagName": "1.7.1",
                "name": "",
                "authorName": "hvarg",
                "authorType": "User",
                "body": "",
                "tarballUrl": "https://api.github.com/repos/mintproject/model-catalog-api/tarball/1.7.1",
                "zipballUrl": "https://api.github.com/repos/mintproject/model-catalog-api/zipball/1.7.1",
                "htmlUrl": "https://github.com/mintproject/model-catalog-api/releases/tag/1.7.1",
                "url": "https://api.github.com/repos/mintproject/model-catalog-api/releases/39549064",
                "dateCreated": "2021-03-09T21:38:47Z",
                "datePublished": "2021-03-09T21:51:20Z"
            },
            {
                "tagName": "1.7.0",
                "name": "",
                "authorName": "hvarg",
                "authorType": "User",
                "body": "",
                "tarballUrl": "https://api.github.com/repos/mintproject/model-catalog-api/tarball/1.7.0",
                "zipballUrl": "https://api.github.com/repos/mintproject/model-catalog-api/zipball/1.7.0",
                "htmlUrl": "https://github.com/mintproject/model-catalog-api/releases/tag/1.7.0",
                "url": "https://api.github.com/repos/mintproject/model-catalog-api/releases/36528566",
                "dateCreated": "2021-01-18T02:56:40Z",
                "datePublished": "2021-01-18T03:10:41Z"
            },
            {
                "tagName": "1.6.0",
                "name": "Release 1.6.0",
                "authorName": "hvarg",
                "authorType": "User",
                "body": "",
                "tarballUrl": "https://api.github.com/repos/mintproject/model-catalog-api/tarball/1.6.0",
                "zipballUrl": "https://api.github.com/repos/mintproject/model-catalog-api/zipball/1.6.0",
                "htmlUrl": "https://github.com/mintproject/model-catalog-api/releases/tag/1.6.0",
                "url": "https://api.github.com/repos/mintproject/model-catalog-api/releases/33385790",
                "dateCreated": "2020-11-03T05:49:25Z",
                "datePublished": "2020-11-03T05:50:55Z"
            },
            {
                "tagName": "1.5.1",
                "name": "Release 1.5.1",
                "authorName": "mosoriob",
                "authorType": "User",
                "body": "* fix: force data transformation list (f8fa177)",
                "tarballUrl": "https://api.github.com/repos/mintproject/model-catalog-api/tarball/1.5.1",
                "zipballUrl": "https://api.github.com/repos/mintproject/model-catalog-api/zipball/1.5.1",
                "htmlUrl": "https://github.com/mintproject/model-catalog-api/releases/tag/1.5.1",
                "url": "https://api.github.com/repos/mintproject/model-catalog-api/releases/29131823",
                "dateCreated": "2020-07-30T18:13:49Z",
                "datePublished": "2020-07-30T18:13:57Z"
            },
            {
                "tagName": "1.4.0",
                "name": "Release 1.4.0",
                "authorName": "mosoriob",
                "authorType": "User",
                "body": "* add: test circular (4f21dd0)\n* add subresource without id (59fec35)\n* fix: post with the subresource with id (1deb72f)\n* Fixing recursive insert bug (#101) (9877a43)\n* add: internal tools to generate context.json (7b22751)\n* add prefix (22fb56f)\n* Merge branch 'master' of https://github.com/mintproject/model-catalog-api (df1a69e)\n* fix: update context.json (e4e58cf)\n* Update README.md (5bfc8d4)\n* Update README.md (1fd8924)\n* fix:add get unittest for all classes (0d7dfee)\n* fix: updating obasparql (34ff60c)\n* add: responses validation (a3f47c5)\n* delete release-it hooks (53ae608)",
                "tarballUrl": "https://api.github.com/repos/mintproject/model-catalog-api/tarball/1.4.0",
                "zipballUrl": "https://api.github.com/repos/mintproject/model-catalog-api/zipball/1.4.0",
                "htmlUrl": "https://github.com/mintproject/model-catalog-api/releases/tag/1.4.0",
                "url": "https://api.github.com/repos/mintproject/model-catalog-api/releases/24645938",
                "dateCreated": "2020-03-18T18:31:14Z",
                "datePublished": "2020-03-18T18:31:19Z"
            },
            {
                "tagName": "1.4.0-dev0.0",
                "name": "Release 1.4.0-dev0.0",
                "authorName": "mosoriob",
                "authorType": "User",
                "body": "* fix: move to build dir (234e826)\n* Release (6976a3d)",
                "tarballUrl": "https://api.github.com/repos/mintproject/model-catalog-api/tarball/1.4.0-dev0.0",
                "zipballUrl": "https://api.github.com/repos/mintproject/model-catalog-api/zipball/1.4.0-dev0.0",
                "htmlUrl": "https://github.com/mintproject/model-catalog-api/releases/tag/1.4.0-dev0.0",
                "url": "https://api.github.com/repos/mintproject/model-catalog-api/releases/24408025",
                "dateCreated": "2020-03-11T00:02:28Z",
                "datePublished": "2020-03-11T00:02:35Z"
            },
            {
                "tagName": "1.4.0-dev0",
                "name": "1.4.0-dev0",
                "authorName": "mosoriob",
                "authorType": "User",
                "body": "* Release (6976a3d)\r\n* fix: deploy (3955f24)\r\n* Merge branch 'master' of https://github.com/mintproject/model-catalog-api (5568ee7)\r\n* add: logging to test commit 57cfef52845f5fc290f58e2e5b9bdf34ddb41f7f Author: Maximiliano Osorio <maxiosorio@gmail.com> Date:   Tue Mar 10 16:40:03 2020 -0700 (afc97d8)\r\n* Fixed recursive insert bug (#91) (c95f774)\r\n* Fix: travis (df79bce)\r\n* fix: #90 (67d5ed9)\r\n* migrating custom query from v1.3.1 (7a34003)\r\n* add: missing property (c48ac33)\r\n* add relevantforintervention (72a6d7d)\r\n* save point (82df1a7)\r\n* copy the static files (fe8150a)\r\n* fix: unnecesary reorder (41d6a38)\r\n* Merge remote-tracking branch 'origin/master' into develop (d0f2785)\r\n* Squashed commit of the following: (4841811)\r\n* add unitest full post (e0ce835)\r\n* fix: inputs test (3f08b39)\r\n* add docs (821f220)\r\n* add: unit test (8db3b71)\r\n* add: unit test (ddab7b7)\r\n* fix: context author (26149ba)\r\n* add: openapi cache (d3779bc)\r\n* log: inserting resource (a221938)\r\n",
                "tarballUrl": "https://api.github.com/repos/mintproject/model-catalog-api/tarball/1.4.0-dev0",
                "zipballUrl": "https://api.github.com/repos/mintproject/model-catalog-api/zipball/1.4.0-dev0",
                "htmlUrl": "https://github.com/mintproject/model-catalog-api/releases/tag/1.4.0-dev0",
                "url": "https://api.github.com/repos/mintproject/model-catalog-api/releases/24407841",
                "dateCreated": "2020-03-10T23:46:35Z",
                "datePublished": "2020-03-10T23:50:56Z"
            },
            {
                "tagName": "1.3.2-0",
                "name": "Release 1.3.2-0",
                "authorName": "mosoriob",
                "authorType": "User",
                "body": "* fix travis (6e53314)",
                "tarballUrl": "https://api.github.com/repos/mintproject/model-catalog-api/tarball/1.3.2-0",
                "zipballUrl": "https://api.github.com/repos/mintproject/model-catalog-api/zipball/1.3.2-0",
                "htmlUrl": "https://github.com/mintproject/model-catalog-api/releases/tag/1.3.2-0",
                "url": "https://api.github.com/repos/mintproject/model-catalog-api/releases/24084107",
                "dateCreated": "2020-02-28T18:07:12Z",
                "datePublished": "2020-02-28T18:07:19Z"
            },
            {
                "tagName": "1.3.1",
                "name": "Release 1.3.1",
                "authorName": "mosoriob",
                "authorType": "User",
                "body": "* add: unitests (6b64f2c)\n* add: generate the server (1319d2f)\n* add tests (9135368)\n* fix: openapi generator ignores (67e17e5)\n* fix: sync static files (176e7e5)\n* add: custom queries (34aadd8)\n* add custom queries (c3e18a7)\n* delete old test (667c979)\n* fix: deploy client (8a7493b)\n* fix: wrong name custom_modelconfigurationsetups. (8ecb72c)\n* add cache and region (f004397)\n* update context (4031ffd)\n* release v1.3.1 (4b5170c)\n* release v1.3.1 (e9ed34d)\n* Revert \"add: v1.3.1\" (de60cc4)\n* add: v1.3.1 (976c566)\n* update endpoint (c7590f1)\n* fix: move port (2d4fc85)\n* add ontology sd v1.3.0 (3417dfd)\n* add custom queries modelconfiguration (33ff886)\n* fix: return models (0f728a7)\n* add feature label (45da532)\n* fix: custom modelconfiguration and model by region (4e6ee6e)\n* Add custom queries (#71) (f1262c4)\n* fix: returns 404 if the resource doesn't exist (3312a0f)\n* add: prefix rdf (e112f6f)\n* Merge branch 'master' of https://github.com/mintproject/model-catalog-api (fae257c)\n* change msater default port (75dd935)\n* custom query model configuration setup (0004d22)\n* add path custom model configuration (#67) (31d2959)\n* add path custom model configuration (d2cd0d6)\n* default server using 22139 (040622c)",
                "tarballUrl": "https://api.github.com/repos/mintproject/model-catalog-api/tarball/1.3.1",
                "zipballUrl": "https://api.github.com/repos/mintproject/model-catalog-api/zipball/1.3.1",
                "htmlUrl": "https://github.com/mintproject/model-catalog-api/releases/tag/1.3.1",
                "url": "https://api.github.com/repos/mintproject/model-catalog-api/releases/24055029",
                "dateCreated": "2020-02-27T21:24:24Z",
                "datePublished": "2020-02-27T21:24:28Z"
            },
            {
                "tagName": "1.3.0",
                "name": "Release 1.3.0",
                "authorName": "mosoriob",
                "authorType": "User",
                "body": "* Release 1.3.0 (54550c9)\n* add: delete incoming relations (0b9e698)\n* Release 1.3.0 (eac6c74)",
                "tarballUrl": "https://api.github.com/repos/mintproject/model-catalog-api/tarball/1.3.0",
                "zipballUrl": "https://api.github.com/repos/mintproject/model-catalog-api/zipball/1.3.0",
                "htmlUrl": "https://github.com/mintproject/model-catalog-api/releases/tag/1.3.0",
                "url": "https://api.github.com/repos/mintproject/model-catalog-api/releases/22338204",
                "dateCreated": "2019-12-18T22:21:13Z",
                "datePublished": "2019-12-18T22:21:20Z"
            },
            {
                "tagName": "1.2.6",
                "name": "Release 1.2.6",
                "authorName": "mosoriob",
                "authorType": "User",
                "body": "* fix: prepare release 1.3.0 (2c3e6c7)\n* fix: save changes (a66d11f)\n* Revert \"fix: update openapi spec to v1.3.0\" (433c74b)\n* fix: update openapi spec to v1.3.0 (a72149a)\n* fix: prepare release 1.3.0 (a03e418)\n* fix: context of new version ontology (1fbb4bb)\n* enable custom queries (#65) (c7913ac)",
                "tarballUrl": "https://api.github.com/repos/mintproject/model-catalog-api/tarball/1.2.6",
                "zipballUrl": "https://api.github.com/repos/mintproject/model-catalog-api/zipball/1.2.6",
                "htmlUrl": "https://github.com/mintproject/model-catalog-api/releases/tag/1.2.6",
                "url": "https://api.github.com/repos/mintproject/model-catalog-api/releases/22220936",
                "dateCreated": "2019-12-13T20:07:37Z",
                "datePublished": "2019-12-13T20:07:42Z"
            },
            {
                "tagName": "1.2.5",
                "name": "Release 1.2.5",
                "authorName": "mosoriob",
                "authorType": "User",
                "body": "* fix: uri for sd:value (#63) (96efca8)",
                "tarballUrl": "https://api.github.com/repos/mintproject/model-catalog-api/tarball/1.2.5",
                "zipballUrl": "https://api.github.com/repos/mintproject/model-catalog-api/zipball/1.2.5",
                "htmlUrl": "https://github.com/mintproject/model-catalog-api/releases/tag/1.2.5",
                "url": "https://api.github.com/repos/mintproject/model-catalog-api/releases/22040337",
                "dateCreated": "2019-12-06T21:03:13Z",
                "datePublished": "2019-12-06T21:03:19Z"
            },
            {
                "tagName": "1.2.4",
                "name": "Release 1.2.4",
                "authorName": "mosoriob",
                "authorType": "User",
                "body": "* fix: update obasparql version (b981b9c)",
                "tarballUrl": "https://api.github.com/repos/mintproject/model-catalog-api/tarball/1.2.4",
                "zipballUrl": "https://api.github.com/repos/mintproject/model-catalog-api/zipball/1.2.4",
                "htmlUrl": "https://github.com/mintproject/model-catalog-api/releases/tag/1.2.4",
                "url": "https://api.github.com/repos/mintproject/model-catalog-api/releases/21640704",
                "dateCreated": "2019-11-21T03:20:05Z",
                "datePublished": "2019-11-21T03:20:22Z"
            },
            {
                "tagName": "1.2.3",
                "name": "Release 1.2.3",
                "authorName": "mosoriob",
                "authorType": "User",
                "body": "* Fix: handle the delete method for PUT (8e925a3)\n* fix: some numbers must be integers (f9a746f)",
                "tarballUrl": "https://api.github.com/repos/mintproject/model-catalog-api/tarball/1.2.3",
                "zipballUrl": "https://api.github.com/repos/mintproject/model-catalog-api/zipball/1.2.3",
                "htmlUrl": "https://github.com/mintproject/model-catalog-api/releases/tag/1.2.3",
                "url": "https://api.github.com/repos/mintproject/model-catalog-api/releases/21640067",
                "dateCreated": "2019-11-21T02:34:09Z",
                "datePublished": "2019-11-21T02:34:21Z"
            },
            {
                "tagName": "1.2.2",
                "name": "Release 1.2.2",
                "authorName": "mosoriob",
                "authorType": "User",
                "body": "* Merge branch 'master' of https://github.com/mintproject/model-catalog-api (adfb1f8)\n* fix: regenerate server using AnyType (67488b3)\n* Update README.md (7c0807a)",
                "tarballUrl": "https://api.github.com/repos/mintproject/model-catalog-api/tarball/1.2.2",
                "zipballUrl": "https://api.github.com/repos/mintproject/model-catalog-api/zipball/1.2.2",
                "htmlUrl": "https://github.com/mintproject/model-catalog-api/releases/tag/1.2.2",
                "url": "https://api.github.com/repos/mintproject/model-catalog-api/releases/21631616",
                "dateCreated": "2019-11-20T19:29:59Z",
                "datePublished": "2019-11-20T19:30:12Z"
            },
            {
                "tagName": "1.2.1",
                "name": "Release 1.2.1",
                "authorName": "mosoriob",
                "authorType": "User",
                "body": "* fix: wrong match type and @type (11b8586)",
                "tarballUrl": "https://api.github.com/repos/mintproject/model-catalog-api/tarball/1.2.1",
                "zipballUrl": "https://api.github.com/repos/mintproject/model-catalog-api/zipball/1.2.1",
                "htmlUrl": "https://github.com/mintproject/model-catalog-api/releases/tag/1.2.1",
                "url": "https://api.github.com/repos/mintproject/model-catalog-api/releases/21420935",
                "dateCreated": "2019-11-12T21:12:51Z",
                "datePublished": "2019-11-12T21:12:59Z"
            },
            {
                "tagName": "1.2.1-dev",
                "name": "Release 1.2.1-dev",
                "authorName": "mosoriob",
                "authorType": "User",
                "body": "* fix: context (3224adf)\n* fix: change Index to NumericalIndex (954d62d)",
                "tarballUrl": "https://api.github.com/repos/mintproject/model-catalog-api/tarball/1.2.1-dev",
                "zipballUrl": "https://api.github.com/repos/mintproject/model-catalog-api/zipball/1.2.1-dev",
                "htmlUrl": "https://github.com/mintproject/model-catalog-api/releases/tag/1.2.1-dev",
                "url": "https://api.github.com/repos/mintproject/model-catalog-api/releases/21417832",
                "dateCreated": "2019-11-12T19:12:12Z",
                "datePublished": "2019-11-12T19:12:20Z"
            },
            {
                "tagName": "1.2.0-dev",
                "name": "Release 1.2.0-dev",
                "authorName": "mosoriob",
                "authorType": "User",
                "body": "* Release v1.2.0 (#58) (b653b81)",
                "tarballUrl": "https://api.github.com/repos/mintproject/model-catalog-api/tarball/1.2.0-dev",
                "zipballUrl": "https://api.github.com/repos/mintproject/model-catalog-api/zipball/1.2.0-dev",
                "htmlUrl": "https://github.com/mintproject/model-catalog-api/releases/tag/1.2.0-dev",
                "url": "https://api.github.com/repos/mintproject/model-catalog-api/releases/21153920",
                "dateCreated": "2019-11-01T16:52:06Z",
                "datePublished": "2019-11-01T16:52:14Z"
            },
            {
                "tagName": "1.1.8",
                "name": "Release 1.1.8",
                "authorName": "mosoriob",
                "authorType": "User",
                "body": "* Add new version of oba (2a81624)",
                "tarballUrl": "https://api.github.com/repos/mintproject/model-catalog-api/tarball/1.1.8",
                "zipballUrl": "https://api.github.com/repos/mintproject/model-catalog-api/zipball/1.1.8",
                "htmlUrl": "https://github.com/mintproject/model-catalog-api/releases/tag/1.1.8",
                "url": "https://api.github.com/repos/mintproject/model-catalog-api/releases/20824901",
                "dateCreated": "2019-10-19T13:42:29Z",
                "datePublished": "2019-10-19T13:44:58Z"
            },
            {
                "tagName": "1.1.8-1",
                "name": "Release 1.1.8-1",
                "authorName": "mosoriob",
                "authorType": "User",
                "tarballUrl": "https://api.github.com/repos/mintproject/model-catalog-api/tarball/1.1.8-1",
                "zipballUrl": "https://api.github.com/repos/mintproject/model-catalog-api/zipball/1.1.8-1",
                "htmlUrl": "https://github.com/mintproject/model-catalog-api/releases/tag/1.1.8-1",
                "url": "https://api.github.com/repos/mintproject/model-catalog-api/releases/20822516",
                "dateCreated": "2019-10-19T07:22:06Z",
                "datePublished": "2019-10-19T07:22:12Z"
            },
            {
                "tagName": "1.1.8-0",
                "name": "Release 1.1.8-0",
                "authorName": "mosoriob",
                "authorType": "User",
                "tarballUrl": "https://api.github.com/repos/mintproject/model-catalog-api/tarball/1.1.8-0",
                "zipballUrl": "https://api.github.com/repos/mintproject/model-catalog-api/zipball/1.1.8-0",
                "htmlUrl": "https://github.com/mintproject/model-catalog-api/releases/tag/1.1.8-0",
                "url": "https://api.github.com/repos/mintproject/model-catalog-api/releases/20822450",
                "dateCreated": "2019-10-19T07:10:10Z",
                "datePublished": "2019-10-19T07:11:17Z"
            },
            {
                "tagName": "1.1.7",
                "name": "Release 1.1.7",
                "authorName": "mosoriob",
                "authorType": "User",
                "body": "* fix: rollback upgrade dependencies (7573cff)",
                "tarballUrl": "https://api.github.com/repos/mintproject/model-catalog-api/tarball/1.1.7",
                "zipballUrl": "https://api.github.com/repos/mintproject/model-catalog-api/zipball/1.1.7",
                "htmlUrl": "https://github.com/mintproject/model-catalog-api/releases/tag/1.1.7",
                "url": "https://api.github.com/repos/mintproject/model-catalog-api/releases/20822411",
                "dateCreated": "2019-10-19T07:01:48Z",
                "datePublished": "2019-10-19T07:01:53Z"
            },
            {
                "tagName": "1.1.7-5",
                "name": "Release 1.1.7-5",
                "authorName": "mosoriob",
                "authorType": "User",
                "body": "* add: netrc login (d5cbb42)",
                "tarballUrl": "https://api.github.com/repos/mintproject/model-catalog-api/tarball/1.1.7-5",
                "zipballUrl": "https://api.github.com/repos/mintproject/model-catalog-api/zipball/1.1.7-5",
                "htmlUrl": "https://github.com/mintproject/model-catalog-api/releases/tag/1.1.7-5",
                "url": "https://api.github.com/repos/mintproject/model-catalog-api/releases/20821973",
                "dateCreated": "2019-10-19T05:45:32Z",
                "datePublished": "2019-10-19T05:45:40Z"
            },
            {
                "tagName": "1.1.7-4",
                "name": "Release 1.1.7-4",
                "authorName": "mosoriob",
                "authorType": "User",
                "body": "* fix: removing vars (7659bb3)",
                "tarballUrl": "https://api.github.com/repos/mintproject/model-catalog-api/tarball/1.1.7-4",
                "zipballUrl": "https://api.github.com/repos/mintproject/model-catalog-api/zipball/1.1.7-4",
                "htmlUrl": "https://github.com/mintproject/model-catalog-api/releases/tag/1.1.7-4",
                "url": "https://api.github.com/repos/mintproject/model-catalog-api/releases/20821927",
                "dateCreated": "2019-10-19T05:33:43Z",
                "datePublished": "2019-10-19T05:33:50Z"
            },
            {
                "tagName": "1.1.7-3",
                "name": "Release 1.1.7-3",
                "authorName": "mosoriob",
                "authorType": "User",
                "body": "* fix: add tests (724a148)",
                "tarballUrl": "https://api.github.com/repos/mintproject/model-catalog-api/tarball/1.1.7-3",
                "zipballUrl": "https://api.github.com/repos/mintproject/model-catalog-api/zipball/1.1.7-3",
                "htmlUrl": "https://github.com/mintproject/model-catalog-api/releases/tag/1.1.7-3",
                "url": "https://api.github.com/repos/mintproject/model-catalog-api/releases/20821800",
                "dateCreated": "2019-10-19T05:01:39Z",
                "datePublished": "2019-10-19T05:01:56Z"
            },
            {
                "tagName": "1.1.7-2",
                "name": "Release 1.1.7-2",
                "authorName": "mosoriob",
                "authorType": "User",
                "body": "* fix: skip_cleanup travis (2d97273)",
                "tarballUrl": "https://api.github.com/repos/mintproject/model-catalog-api/tarball/1.1.7-2",
                "zipballUrl": "https://api.github.com/repos/mintproject/model-catalog-api/zipball/1.1.7-2",
                "htmlUrl": "https://github.com/mintproject/model-catalog-api/releases/tag/1.1.7-2",
                "url": "https://api.github.com/repos/mintproject/model-catalog-api/releases/20821774",
                "dateCreated": "2019-10-19T04:54:50Z",
                "datePublished": "2019-10-19T04:54:58Z"
            },
            {
                "tagName": "1.1.7-1",
                "name": "Release 1.1.7-1",
                "authorName": "mosoriob",
                "authorType": "User",
                "body": "* add: push code  travis (6ba1142)",
                "tarballUrl": "https://api.github.com/repos/mintproject/model-catalog-api/tarball/1.1.7-1",
                "zipballUrl": "https://api.github.com/repos/mintproject/model-catalog-api/zipball/1.1.7-1",
                "htmlUrl": "https://github.com/mintproject/model-catalog-api/releases/tag/1.1.7-1",
                "url": "https://api.github.com/repos/mintproject/model-catalog-api/releases/20821744",
                "dateCreated": "2019-10-19T04:46:26Z",
                "datePublished": "2019-10-19T04:46:33Z"
            }
        ],
        "confidence": [
            1.0
        ],
        "technique": "GitHub API"
    },
    "inspect4py": {
        "software_type": "service",
        "run": "python /Users/dakixr/Desktop/github/scc/tmp/metadata/KnowledgeCaptureAndDiscoveryANDmintproject/model-catalog-api/server/openapi_server/__main__.py"
    }
}