{
    "longTitle": {
        "excerpt": "Examples",
        "confidence": [
            1.0
        ],
        "technique": "Regular expression"
    },
    "documentation": [
        {
            "excerpt": "https://github.com/mintproject/data_registration/wiki",
            "confidence": [
                1.0
            ],
            "technique": "Regular expression",
            "type": "wiki"
        }
    ],
    "usage": [
        {
            "originalHeader": "Examples",
            "excerpt": "This repository contains scripts to create a dataset, resources and variables.\n\n```bash\n$ python register_dataset.py -h\nusage: register_dataset.py [-h] FILE DATA_CATALOG_URL PROVENANCE_ID\n\nRegister a dataset\n\npositional arguments:\n  FILE              dataset details file\n  DATA_CATALOG_URL  data catalog url\n  PROVENANCE_ID     provenance id of the user\n\noptional arguments:\n  -h, --help        show this help message and exit\n```\n",
            "confidence": [
                1.0
            ],
            "technique": "Header extraction"
        },
        {
            "originalHeader": "How to use it?",
            "excerpt": "You must create 3 files:\n\n- dataset: the set (dataset) where the resources are stored\n- resources: The resources of the dataset\n- variables: The variables required to describe the resources.\n\nWe provide a example a [small example](./example/small_soil/)\n",
            "parentHeader": [
                "Examples"
            ],
            "confidence": [
                1.0
            ],
            "technique": "Header extraction"
        },
        {
            "originalHeader": "Registering",
            "excerpt": "You must set up the server and provenance id.\n\n- Datacatalog server: For testing purposes, we recommend to use the *dev catalog server*.\n- Provenance id: For testing purposes, we recommend to use the id: `9ef60317-5da5-4050-8bbc-7d6826fee49f`\n\n```bash\nDATA_CATALOG_URL=\"https://datacatalog.dev.mint.isi.edu\"\nPROVENANCE_ID=\"9ef60317-5da5-4050-8bbc-7d6826fee49f\"\ncd example/small_soil\npython ../../register_dataset.py ./dataset.json ${DATA_CATALOG_URL} ${PROVENANCE_ID}\n```\n\n",
            "parentHeader": [
                "Examples",
                "How to use it?"
            ],
            "confidence": [
                1.0
            ],
            "technique": "Header extraction"
        }
    ],
    "codeRepository": {
        "excerpt": "https://github.com/mintproject/data_registration",
        "confidence": [
            1.0
        ],
        "technique": "GitHub API"
    },
    "owner": {
        "excerpt": "mintproject",
        "confidence": [
            1.0
        ],
        "technique": "GitHub API"
    },
    "ownerType": {
        "excerpt": "Organization",
        "confidence": [
            1.0
        ],
        "technique": "GitHub API"
    },
    "dateCreated": {
        "excerpt": "2021-07-03T17:59:07Z",
        "confidence": [
            1.0
        ],
        "technique": "GitHub API"
    },
    "dateModified": {
        "excerpt": "2021-11-15T14:48:11Z",
        "confidence": [
            1.0
        ],
        "technique": "GitHub API"
    },
    "license": {
        "excerpt": {
            "name": "MIT License",
            "url": "https://api.github.com/licenses/mit"
        },
        "confidence": [
            1.0
        ],
        "technique": "GitHub API"
    },
    "name": {
        "excerpt": "data_registration",
        "confidence": [
            1.0
        ],
        "technique": "GitHub API"
    },
    "fullName": {
        "excerpt": "mintproject/data_registration",
        "confidence": [
            1.0
        ],
        "technique": "GitHub API"
    },
    "issueTracker": {
        "excerpt": "https://api.github.com/repos/mintproject/data_registration/issues",
        "confidence": [
            1.0
        ],
        "technique": "GitHub API"
    },
    "forksUrl": {
        "excerpt": "https://api.github.com/repos/mintproject/data_registration/forks",
        "confidence": [
            1.0
        ],
        "technique": "GitHub API"
    },
    "downloadUrl": {
        "excerpt": "https://github.com/mintproject/data_registration/releases",
        "confidence": [
            1.0
        ],
        "technique": "GitHub API"
    },
    "stargazersCount": {
        "excerpt": {
            "count": 0,
            "date": "Wed, 18 May 2022 21:48:42 GMT"
        },
        "confidence": [
            1.0
        ],
        "technique": "GitHub API"
    },
    "forksCount": {
        "excerpt": {
            "count": 1,
            "date": "Wed, 18 May 2022 21:48:42 GMT"
        },
        "confidence": [
            1.0
        ],
        "technique": "GitHub API"
    },
    "languages": {
        "excerpt": [
            "Python",
            "Makefile"
        ],
        "confidence": [
            1.0
        ],
        "technique": "GitHub API"
    },
    "licenseText": {
        "excerpt": "b'MIT License\\n\\nCopyright (c) 2021, Maximiliano Osorio\\n\\nPermission is hereby granted, free of charge, to any person obtaining a copy\\nof this software and associated documentation files (the \"Software\"), to deal\\nin the Software without restriction, including without limitation the rights\\nto use, copy, modify, merge, publish, distribute, sublicense, and/or sell\\ncopies of the Software, and to permit persons to whom the Software is\\nfurnished to do so, subject to the following conditions:\\n\\nThe above copyright notice and this permission notice shall be included in all\\ncopies or substantial portions of the Software.\\n\\nTHE SOFTWARE IS PROVIDED \"AS IS\", WITHOUT WARRANTY OF ANY KIND, EXPRESS OR\\nIMPLIED, INCLUDING BUT NOT LIMITED TO THE WARRANTIES OF MERCHANTABILITY,\\nFITNESS FOR A PARTICULAR PURPOSE AND NONINFRINGEMENT. IN NO EVENT SHALL THE\\nAUTHORS OR COPYRIGHT HOLDERS BE LIABLE FOR ANY CLAIM, DAMAGES OR OTHER\\nLIABILITY, WHETHER IN AN ACTION OF CONTRACT, TORT OR OTHERWISE, ARISING FROM,\\nOUT OF OR IN CONNECTION WITH THE SOFTWARE OR THE USE OR OTHER DEALINGS IN THE\\nSOFTWARE.\\n\\n'",
        "confidence": [
            1.0
        ],
        "technique": "File Exploration"
    },
    "readmeUrl": {
        "excerpt": "https://raw.githubusercontent.com/mintproject/data_registration/master/README.md",
        "confidence": [
            1.0
        ],
        "technique": "GitHub API"
    },
    "inspect4py": {
        "software_type": "package",
        "run": [
            "dcatregister"
        ]
    }
}