{
    "description": [
        {
            "excerpt": "B-Clean is a library built to support `Bring Your Own Data (BYOD)` project. B-Clean provides different functionalities to detect outliers in tabular datasets and suggest possible transformations to clean the data.\n \n",
            "confidence": [
                [
                    0.9813744375249169
                ]
            ],
            "technique": "Supervised classification",
            "originalHeader": "B-Clean"
        },
        {
            "excerpt": "We define and detect three different types of outliers as follows:\n* Global outliers: values that rarely appear in the real-world data. \n* Local outliers: values that are different from other values in the same attribute. \n* Null outliers: values that have no meaning\n \n",
            "confidence": [
                [
                    0.9300383971631618
                ]
            ],
            "technique": "Supervised classification",
            "originalHeader": "Background",
            "parentHeader": [
                "B-Clean",
                "Outlier Detection"
            ]
        }
    ],
    "longTitle": {
        "excerpt": "B-Clean",
        "confidence": [
            1.0
        ],
        "technique": "Regular expression"
    },
    "arxivLinks": {
        "excerpt": [
            "https://arxiv.org/pdf/1904.02285.pdf"
        ],
        "confidence": [
            1.0
        ],
        "technique": "Regular expression"
    },
    "usage": [
        {
            "originalHeader": "Usage",
            "excerpt": "1. Install and activate  conda environment \n```\nconda env create -f environment.yml\nconda activate byod\n```\n2. For evaluation on demo dataset, run command\n```\nPYTHONPATH=.:$PYTHONPATH python kbclean/experiments/error_detection.py evaluate --data_path demo/data  --method lstm  -i -k 2 -e 5\n```\n",
            "parentHeader": [
                "B-Clean",
                "Outlier Detection"
            ],
            "confidence": [
                1.0
            ],
            "technique": "Header extraction"
        }
    ],
    "codeRepository": {
        "excerpt": "https://github.com/mintproject/byod-cleaning-api",
        "confidence": [
            1.0
        ],
        "technique": "GitHub API"
    },
    "owner": {
        "excerpt": "mintproject",
        "confidence": [
            1.0
        ],
        "technique": "GitHub API"
    },
    "ownerType": {
        "excerpt": "Organization",
        "confidence": [
            1.0
        ],
        "technique": "GitHub API"
    },
    "dateCreated": {
        "excerpt": "2020-06-30T01:42:33Z",
        "confidence": [
            1.0
        ],
        "technique": "GitHub API"
    },
    "dateModified": {
        "excerpt": "2022-03-09T03:16:20Z",
        "confidence": [
            1.0
        ],
        "technique": "GitHub API"
    },
    "name": {
        "excerpt": "byod-cleaning-api",
        "confidence": [
            1.0
        ],
        "technique": "GitHub API"
    },
    "fullName": {
        "excerpt": "mintproject/byod-cleaning-api",
        "confidence": [
            1.0
        ],
        "technique": "GitHub API"
    },
    "issueTracker": {
        "excerpt": "https://api.github.com/repos/mintproject/byod-cleaning-api/issues",
        "confidence": [
            1.0
        ],
        "technique": "GitHub API"
    },
    "forksUrl": {
        "excerpt": "https://api.github.com/repos/mintproject/byod-cleaning-api/forks",
        "confidence": [
            1.0
        ],
        "technique": "GitHub API"
    },
    "downloadUrl": {
        "excerpt": "https://github.com/mintproject/byod-cleaning-api/releases",
        "confidence": [
            1.0
        ],
        "technique": "GitHub API"
    },
    "stargazersCount": {
        "excerpt": {
            "count": 1,
            "date": "Wed, 18 May 2022 21:47:14 GMT"
        },
        "confidence": [
            1.0
        ],
        "technique": "GitHub API"
    },
    "forksCount": {
        "excerpt": {
            "count": 1,
            "date": "Wed, 18 May 2022 21:47:14 GMT"
        },
        "confidence": [
            1.0
        ],
        "technique": "GitHub API"
    },
    "languages": {
        "excerpt": [
            "Jupyter Notebook",
            "Python",
            "Dockerfile"
        ],
        "confidence": [
            1.0
        ],
        "technique": "GitHub API"
    },
    "readmeUrl": {
        "excerpt": "https://raw.githubusercontent.com/mintproject/byod-cleaning-api/release/README.md",
        "confidence": [
            1.0
        ],
        "technique": "GitHub API"
    },
    "hasExecutableNotebook": {
        "excerpt": [
            "https://raw.githubusercontent.com/mintproject/byod-cleaning-api/release/kbclean/experiments/notebooks/result_report.ipynb",
            "https://raw.githubusercontent.com/mintproject/byod-cleaning-api/release/kbclean/experiments/notebooks/supervised_poc.ipynb",
            "https://raw.githubusercontent.com/mintproject/byod-cleaning-api/release/kbclean/experiments/notebooks/plaground.ipynb",
            "https://raw.githubusercontent.com/mintproject/byod-cleaning-api/release/kbclean/experiments/notebooks/result_viewer.ipynb",
            "https://raw.githubusercontent.com/mintproject/byod-cleaning-api/release/kbclean/experiments/notebooks/candidate_gen.ipynb",
            "https://raw.githubusercontent.com/mintproject/byod-cleaning-api/release/kbclean/experiments/notebooks/cluster_poc.ipynb",
            "https://raw.githubusercontent.com/mintproject/byod-cleaning-api/release/kbclean/preprocessing/notebooks/viznet2train_ncooc.ipynb",
            "https://raw.githubusercontent.com/mintproject/byod-cleaning-api/release/kbclean/preprocessing/notebooks/elasticsearch_index.ipynb",
            "https://raw.githubusercontent.com/mintproject/byod-cleaning-api/release/kbclean/preprocessing/notebooks/viznet2train_pattern.ipynb",
            "https://raw.githubusercontent.com/mintproject/byod-cleaning-api/release/kbclean/preprocessing/notebooks/viznet2train.ipynb",
            "https://raw.githubusercontent.com/mintproject/byod-cleaning-api/release/kbclean/preprocessing/notebooks/cfd2train.ipynb",
            "https://raw.githubusercontent.com/mintproject/byod-cleaning-api/release/kbclean/preprocessing/notebooks/viznet2train_token.ipynb",
            "https://raw.githubusercontent.com/mintproject/byod-cleaning-api/release/kbclean/preprocessing/notebooks/viznet2train_cooc.ipynb"
        ],
        "confidence": [
            1.0
        ],
        "technique": "File Exploration",
        "format": "jupyter notebook"
    },
    "hasBuildFile": [
        {
            "excerpt": [
                "https://raw.githubusercontent.com/mintproject/byod-cleaning-api/release/Dockerfile"
            ],
            "confidence": [
                1.0
            ],
            "technique": "File Exploration",
            "format": "Docker file"
        }
    ],
    "releases": {
        "excerpt": [
            {
                "tagName": "v0.4",
                "name": "BYOD Data Cleaning v0.4",
                "authorName": "minhptx",
                "authorType": "User",
                "body": "",
                "tarballUrl": "https://api.github.com/repos/mintproject/byod-cleaning-api/tarball/v0.4",
                "zipballUrl": "https://api.github.com/repos/mintproject/byod-cleaning-api/zipball/v0.4",
                "htmlUrl": "https://github.com/mintproject/byod-cleaning-api/releases/tag/v0.4",
                "url": "https://api.github.com/repos/mintproject/byod-cleaning-api/releases/33482961",
                "dateCreated": "2020-11-05T03:06:58Z",
                "datePublished": "2020-11-05T03:08:10Z"
            },
            {
                "tagName": "v0.3",
                "name": "BYOD Data Cleaning v0.3",
                "authorName": "minhptx",
                "authorType": "User",
                "body": "",
                "tarballUrl": "https://api.github.com/repos/mintproject/byod-cleaning-api/tarball/v0.3",
                "zipballUrl": "https://api.github.com/repos/mintproject/byod-cleaning-api/zipball/v0.3",
                "htmlUrl": "https://github.com/mintproject/byod-cleaning-api/releases/tag/v0.3",
                "url": "https://api.github.com/repos/mintproject/byod-cleaning-api/releases/30472457",
                "dateCreated": "2020-09-01T01:16:10Z",
                "datePublished": "2020-09-01T01:28:50Z"
            }
        ],
        "confidence": [
            1.0
        ],
        "technique": "GitHub API"
    },
    "inspect4py": {
        "software_type": "script",
        "run": "python /Users/dakixr/Desktop/github/scc/tmp/metadata/KnowledgeCaptureAndDiscoveryANDmintproject/byod-cleaning-api/kbclean/experiments/error_detection.py"
    }
}