{
    "description": [
        {
            "excerpt": "A sample MINT workflow, currently using PIHM and Cycles",
            "confidence": [
                1.0
            ],
            "technique": "GitHub API"
        }
    ],
    "longTitle": {
        "excerpt": "MINT-Workflow",
        "confidence": [
            1.0
        ],
        "technique": "Regular expression"
    },
    "image": [
        {
            "excerpt": "https://raw.githubusercontent.com/mintproject/MINT-Workflow/master/figures/dag.png",
            "confidence": [
                1.0
            ],
            "technique": "Regular expression"
        },
        {
            "excerpt": "https://raw.githubusercontent.com/mintproject/MINT-Workflow/master/figures/dax.png",
            "confidence": [
                1.0
            ],
            "technique": "Regular expression"
        }
    ],
    "codeRepository": {
        "excerpt": "https://github.com/mintproject/MINT-Workflow",
        "confidence": [
            1.0
        ],
        "technique": "GitHub API"
    },
    "owner": {
        "excerpt": "mintproject",
        "confidence": [
            1.0
        ],
        "technique": "GitHub API"
    },
    "ownerType": {
        "excerpt": "Organization",
        "confidence": [
            1.0
        ],
        "technique": "GitHub API"
    },
    "dateCreated": {
        "excerpt": "2018-05-07T23:36:34Z",
        "confidence": [
            1.0
        ],
        "technique": "GitHub API"
    },
    "dateModified": {
        "excerpt": "2022-01-08T22:27:18Z",
        "confidence": [
            1.0
        ],
        "technique": "GitHub API"
    },
    "name": {
        "excerpt": "MINT-Workflow",
        "confidence": [
            1.0
        ],
        "technique": "GitHub API"
    },
    "fullName": {
        "excerpt": "mintproject/MINT-Workflow",
        "confidence": [
            1.0
        ],
        "technique": "GitHub API"
    },
    "issueTracker": {
        "excerpt": "https://api.github.com/repos/mintproject/MINT-Workflow/issues",
        "confidence": [
            1.0
        ],
        "technique": "GitHub API"
    },
    "forksUrl": {
        "excerpt": "https://api.github.com/repos/mintproject/MINT-Workflow/forks",
        "confidence": [
            1.0
        ],
        "technique": "GitHub API"
    },
    "downloadUrl": {
        "excerpt": "https://github.com/mintproject/MINT-Workflow/releases",
        "confidence": [
            1.0
        ],
        "technique": "GitHub API"
    },
    "stargazersCount": {
        "excerpt": {
            "count": 1,
            "date": "Wed, 18 May 2022 21:23:08 GMT"
        },
        "confidence": [
            1.0
        ],
        "technique": "GitHub API"
    },
    "forksCount": {
        "excerpt": {
            "count": 0,
            "date": "Wed, 18 May 2022 21:23:08 GMT"
        },
        "confidence": [
            1.0
        ],
        "technique": "GitHub API"
    },
    "languages": {
        "excerpt": [
            "Python",
            "R",
            "GAMS",
            "Shell"
        ],
        "confidence": [
            1.0
        ],
        "technique": "GitHub API"
    },
    "readmeUrl": {
        "excerpt": "https://raw.githubusercontent.com/mintproject/MINT-Workflow/master/README.md",
        "confidence": [
            1.0
        ],
        "technique": "GitHub API"
    },
    "hasScriptFile": {
        "excerpt": [
            "https://raw.githubusercontent.com/mintproject/MINT-Workflow/master/transformations/LDAS-PIHM-transformation.sh",
            "https://raw.githubusercontent.com/mintproject/MINT-Workflow/master/economic/economic-wrapper.sh",
            "https://raw.githubusercontent.com/mintproject/MINT-Workflow/master/workflow/generate-graphs.sh",
            "https://raw.githubusercontent.com/mintproject/MINT-Workflow/master/workflow/submit.sh",
            "https://raw.githubusercontent.com/mintproject/MINT-Workflow/master/workflow/tc-generator.sh"
        ],
        "confidence": [
            1.0
        ],
        "technique": "File Exploration"
    },
    "inspect4py": {
        "software_type": "script",
        "run": "python /Users/dakixr/Desktop/github/scc/tmp/metadata/KnowledgeCaptureAndDiscoveryANDmintproject/MINT-Workflow/Cycles/Cycles-wrapper.py"
    }
}