{
    "description": [
        {
            "excerpt": "A repository to discuss, define and implement an approach for easily uploading models \n",
            "confidence": [
                [
                    0.9832944083343533
                ]
            ],
            "technique": "Supervised classification",
            "originalHeader": "CAPS Command Line Interface"
        },
        {
            "excerpt": "A repository to discuss, define and implement an approach for easily uploading models",
            "confidence": [
                1.0
            ],
            "technique": "GitHub API"
        }
    ],
    "installation": [
        {
            "originalHeader": "Building the Project",
            "excerpt": "Now navigate to the project folder (ModelCatalogInsertion)\n```\ncd ModelCatalogInsertion\n```\n\n\nBuild the project\n```\npython3 setup.py install\n```\n",
            "parentHeader": [
                "CAPS Command Line Interface",
                "Installing"
            ],
            "confidence": [
                1.0
            ],
            "technique": "Header extraction"
        },
        {
            "originalHeader": "Windows Guide for creating virtual environment",
            "excerpt": "Create a python3 virtual environment from the parent directory of this project\n```\npy -m venv caps-cli-dev\n```\n\nActivate the python3 virtualenv\n```\n.\\caps-cli-dev\\Scripts\\activate\n```\n\nFor more info [visit this](https://packaging.python.org/guides/installing-using-pip-and-virtual-environments/)\n",
            "parentHeader": [
                "CAPS Command Line Interface",
                "Installing"
            ],
            "confidence": [
                1.0
            ],
            "technique": "Header extraction"
        },
        {
            "originalHeader": "MacOS and Linux Guide for creating virtual environment",
            "excerpt": "Create a python3 virtual environment from the parent directory of this project\n```\npython3 -m venv caps-cli-dev\n```\n\nActivate the python3 virtualenv\n```\nsource caps-cli-dev/bin/activate\n```\n",
            "parentHeader": [
                "CAPS Command Line Interface",
                "Installing"
            ],
            "confidence": [
                1.0
            ],
            "technique": "Header extraction"
        },
        {
            "originalHeader": "Installing",
            "excerpt": "A step by step series of examples that tell you how to get a development env running\n",
            "parentHeader": [
                "CAPS Command Line Interface"
            ],
            "confidence": [
                1.0
            ],
            "technique": "Header extraction"
        }
    ],
    "longTitle": {
        "excerpt": "CAPS Command Line Interface",
        "confidence": [
            1.0
        ],
        "technique": "Regular expression"
    },
    "requirement": [
        {
            "originalHeader": "Prerequisites",
            "excerpt": "What things you need to install to run the software and how to install them\n\n```\nPython3\n```\n",
            "parentHeader": [
                "CAPS Command Line Interface"
            ],
            "confidence": [
                1.0
            ],
            "technique": "Header extraction"
        }
    ],
    "run": [
        {
            "originalHeader": "Running the Project",
            "excerpt": "Help functionality in the CLI\n```\ncaps-cli --help\n```\n\nUse this command to configure username and password for the Model Catalog API\n```\ncaps-cli configure --profile=<NAME_OF_PROFILE>\n```\n\nUse this command to know the details of each CLI function (options, arguments)\n```\ncaps-cli <initialize, push, validate> --help\n```\n\nRun this command to test the template creation functionality (with 2 inputs, 3 outputs and 1 parameter)\n```\ncaps-cli initialize -i 2 -o 3 -p 1\n```\nRunning the above command will generate a yaml outline. By default this will create the outline in the current directory, use -d path/to/location to speciy a location. By default the yaml will be named example_yaml.yaml, user can also use -d fileName.yaml to name the output (note the user must specify .yaml after the name. Otherwise the program does not know if it is a directory or filename). By default this will not override an existing file if they share the same name. use flag -f to force override.\n\n\n\nRun this command to transform the input YAML into a postable JSON object\n```\ncaps-cli push --profile=<NAME_OF_PROFILE> <path_of_yaml_file_from_root_of_the_project>\n```\n\nRun this command to validate the JSON schema obtained by using the above command\n```\ncaps-cli validate <path_of_json_file_from_root_of_the_project>\n```\n\nUse this command to deactivate the python virtual environment\n```\ndeactivate\n```\n",
            "parentHeader": [
                "CAPS Command Line Interface",
                "Installing"
            ],
            "confidence": [
                1.0
            ],
            "technique": "Header extraction"
        }
    ],
    "codeRepository": {
        "excerpt": "https://github.com/mintproject/ModelCatalogInsertion",
        "confidence": [
            1.0
        ],
        "technique": "GitHub API"
    },
    "owner": {
        "excerpt": "mintproject",
        "confidence": [
            1.0
        ],
        "technique": "GitHub API"
    },
    "ownerType": {
        "excerpt": "Organization",
        "confidence": [
            1.0
        ],
        "technique": "GitHub API"
    },
    "dateCreated": {
        "excerpt": "2020-02-02T03:02:56Z",
        "confidence": [
            1.0
        ],
        "technique": "GitHub API"
    },
    "dateModified": {
        "excerpt": "2020-04-01T19:15:38Z",
        "confidence": [
            1.0
        ],
        "technique": "GitHub API"
    },
    "name": {
        "excerpt": "ModelCatalogInsertion",
        "confidence": [
            1.0
        ],
        "technique": "GitHub API"
    },
    "fullName": {
        "excerpt": "mintproject/ModelCatalogInsertion",
        "confidence": [
            1.0
        ],
        "technique": "GitHub API"
    },
    "issueTracker": {
        "excerpt": "https://api.github.com/repos/mintproject/ModelCatalogInsertion/issues",
        "confidence": [
            1.0
        ],
        "technique": "GitHub API"
    },
    "forksUrl": {
        "excerpt": "https://api.github.com/repos/mintproject/ModelCatalogInsertion/forks",
        "confidence": [
            1.0
        ],
        "technique": "GitHub API"
    },
    "downloadUrl": {
        "excerpt": "https://github.com/mintproject/ModelCatalogInsertion/releases",
        "confidence": [
            1.0
        ],
        "technique": "GitHub API"
    },
    "stargazersCount": {
        "excerpt": {
            "count": 0,
            "date": "Wed, 18 May 2022 21:46:11 GMT"
        },
        "confidence": [
            1.0
        ],
        "technique": "GitHub API"
    },
    "forksCount": {
        "excerpt": {
            "count": 1,
            "date": "Wed, 18 May 2022 21:46:11 GMT"
        },
        "confidence": [
            1.0
        ],
        "technique": "GitHub API"
    },
    "languages": {
        "excerpt": [
            "Python"
        ],
        "confidence": [
            1.0
        ],
        "technique": "GitHub API"
    },
    "readmeUrl": {
        "excerpt": "https://raw.githubusercontent.com/mintproject/ModelCatalogInsertion/master/README.md",
        "confidence": [
            1.0
        ],
        "technique": "GitHub API"
    },
    "releases": {
        "excerpt": [
            {
                "tagName": "0.3.0",
                "name": "Added the ability to push the data to Model Catalog API",
                "authorName": "dhruvp-8",
                "authorType": "User",
                "body": "This release consists of the following features:\r\n\r\n- Making the CLI pip-installable\r\n- Adding the support for pushing data to Model Catalog API\r\n- Adding the configure command in the CLI to configure username and password for Model Catalog API\r\n- Support for ModelConfiguration and ModelConfigurationSetup with and without variables\r\n- Fixed issues on initialize command\r\n",
                "tarballUrl": "https://api.github.com/repos/mintproject/ModelCatalogInsertion/tarball/0.3.0",
                "zipballUrl": "https://api.github.com/repos/mintproject/ModelCatalogInsertion/zipball/0.3.0",
                "htmlUrl": "https://github.com/mintproject/ModelCatalogInsertion/releases/tag/0.3.0",
                "url": "https://api.github.com/repos/mintproject/ModelCatalogInsertion/releases/24484324",
                "dateCreated": "2020-03-12T23:26:18Z",
                "datePublished": "2020-03-12T23:36:37Z"
            },
            {
                "tagName": "0.2.1",
                "name": "Fixed the bug associated with automated package creation on PyPI",
                "authorName": "dhruvp-8",
                "authorType": "User",
                "body": "This release consists of resolving the following bug:\r\n- Resolving the issue of making the CAPS-CLI pip installable\r\n- Restructuring the code base into modular functions",
                "tarballUrl": "https://api.github.com/repos/mintproject/ModelCatalogInsertion/tarball/0.2.1",
                "zipballUrl": "https://api.github.com/repos/mintproject/ModelCatalogInsertion/zipball/0.2.1",
                "htmlUrl": "https://github.com/mintproject/ModelCatalogInsertion/releases/tag/0.2.1",
                "url": "https://api.github.com/repos/mintproject/ModelCatalogInsertion/releases/24361861",
                "dateCreated": "2020-03-09T18:54:08Z",
                "datePublished": "2020-03-09T18:58:01Z"
            },
            {
                "tagName": "0.2.0",
                "name": "Caps-cli 0.2.0: First version of client for model encapsulation",
                "authorName": "dgarijo",
                "authorType": "User",
                "body": "This initial version allows:\r\n * Initialize JSON file (will be transformed to YAML in future iterations)\r\n * Transform YAML to JSON to prepare to push\r\n * Validate JSON file to be pushed.\r\n \r\nThis version does not yet pushes to the model catalog yet. ",
                "tarballUrl": "https://api.github.com/repos/mintproject/ModelCatalogInsertion/tarball/0.2.0",
                "zipballUrl": "https://api.github.com/repos/mintproject/ModelCatalogInsertion/zipball/0.2.0",
                "htmlUrl": "https://github.com/mintproject/ModelCatalogInsertion/releases/tag/0.2.0",
                "url": "https://api.github.com/repos/mintproject/ModelCatalogInsertion/releases/23889449",
                "dateCreated": "2020-02-21T20:03:19Z",
                "datePublished": "2020-02-21T20:09:55Z"
            },
            {
                "tagName": "0.1.1",
                "name": "Release 0.1.1",
                "authorName": "mosoriob",
                "authorType": "User",
                "tarballUrl": "https://api.github.com/repos/mintproject/ModelCatalogInsertion/tarball/0.1.1",
                "zipballUrl": "https://api.github.com/repos/mintproject/ModelCatalogInsertion/zipball/0.1.1",
                "htmlUrl": "https://github.com/mintproject/ModelCatalogInsertion/releases/tag/0.1.1",
                "url": "https://api.github.com/repos/mintproject/ModelCatalogInsertion/releases/23888328",
                "dateCreated": "2020-02-21T19:26:42Z",
                "datePublished": "2020-02-21T19:26:49Z"
            }
        ],
        "confidence": [
            1.0
        ],
        "technique": "GitHub API"
    },
    "inspect4py": {
        "software_type": "package",
        "run": [
            "caps-cli"
        ]
    }
}