{
    "description": [
        {
            "excerpt": "Currently, nested jQuery get requests are limiting the number of datasets displayed on each chart. \n",
            "confidence": [
                [
                    0.9261300328013654
                ]
            ],
            "technique": "Supervised classification",
            "originalHeader": "MINT-Charts"
        }
    ],
    "invocation": [
        {
            "excerpt": "To convert CSV files to JSON array format, use the CSVtoJSON file. Paste the values in the value column. Copy and paste from the concatenated field into a text editor, such as Atom, then save as .json.  \n",
            "confidence": [
                [
                    0.9188043500581369
                ]
            ],
            "technique": "Supervised classification",
            "originalHeader": "MINT-Charts"
        }
    ],
    "longTitle": {
        "excerpt": "MINT-Charts",
        "confidence": [
            1.0
        ],
        "technique": "Regular expression"
    },
    "codeRepository": {
        "excerpt": "https://github.com/mintproject/MINT-Charts",
        "confidence": [
            1.0
        ],
        "technique": "GitHub API"
    },
    "owner": {
        "excerpt": "mintproject",
        "confidence": [
            1.0
        ],
        "technique": "GitHub API"
    },
    "ownerType": {
        "excerpt": "Organization",
        "confidence": [
            1.0
        ],
        "technique": "GitHub API"
    },
    "dateCreated": {
        "excerpt": "2018-07-13T23:02:36Z",
        "confidence": [
            1.0
        ],
        "technique": "GitHub API"
    },
    "dateModified": {
        "excerpt": "2019-02-22T02:39:05Z",
        "confidence": [
            1.0
        ],
        "technique": "GitHub API"
    },
    "name": {
        "excerpt": "MINT-Charts",
        "confidence": [
            1.0
        ],
        "technique": "GitHub API"
    },
    "fullName": {
        "excerpt": "mintproject/MINT-Charts",
        "confidence": [
            1.0
        ],
        "technique": "GitHub API"
    },
    "issueTracker": {
        "excerpt": "https://api.github.com/repos/mintproject/MINT-Charts/issues",
        "confidence": [
            1.0
        ],
        "technique": "GitHub API"
    },
    "forksUrl": {
        "excerpt": "https://api.github.com/repos/mintproject/MINT-Charts/forks",
        "confidence": [
            1.0
        ],
        "technique": "GitHub API"
    },
    "downloadUrl": {
        "excerpt": "https://github.com/mintproject/MINT-Charts/releases",
        "confidence": [
            1.0
        ],
        "technique": "GitHub API"
    },
    "stargazersCount": {
        "excerpt": {
            "count": 0,
            "date": "Wed, 18 May 2022 21:29:09 GMT"
        },
        "confidence": [
            1.0
        ],
        "technique": "GitHub API"
    },
    "forksCount": {
        "excerpt": {
            "count": 0,
            "date": "Wed, 18 May 2022 21:29:09 GMT"
        },
        "confidence": [
            1.0
        ],
        "technique": "GitHub API"
    },
    "languages": {
        "excerpt": [
            "HTML"
        ],
        "confidence": [
            1.0
        ],
        "technique": "GitHub API"
    },
    "readmeUrl": {
        "excerpt": "https://raw.githubusercontent.com/mintproject/MINT-Charts/master/README.md",
        "confidence": [
            1.0
        ],
        "technique": "GitHub API"
    }
}