{
    "description": [
        {
            "excerpt": "This Python package is automatically generated by the [OpenAPI Generator](https://openapi-generator.tech) project: \n",
            "confidence": [
                [
                    0.9435966255072976
                ]
            ],
            "technique": "Supervised classification",
            "originalHeader": "solutioncatalog-api"
        }
    ],
    "installation": [
        {
            "originalHeader": "Setuptools",
            "excerpt": "Install via [Setuptools](http://pypi.python.org/pypi/setuptools).\n\n```sh\npython setup.py install --user\n```\n(or `sudo python setup.py install` to install the package for all users)\n\nThen import the package:\n```python\nimport solutioncatalog\n```\n",
            "parentHeader": [
                "solutioncatalog-api",
                "Installation &amp; Usage"
            ],
            "confidence": [
                1.0
            ],
            "technique": "Header extraction"
        },
        {
            "originalHeader": "pip install",
            "excerpt": "If the python package is hosted on a repository, you can install directly using:\n\n```sh\npip install git+https://github.com/mintproject/solution-catalog-python-api-client.git\n```\n(you may need to run `pip` with root permission: `sudo pip install git+https://github.com/mintproject/solution-catalog-python-api-client.git`)\n\nThen import the package:\n```python\nimport solutioncatalog \n```\n",
            "parentHeader": [
                "solutioncatalog-api",
                "Installation &amp; Usage"
            ],
            "confidence": [
                1.0
            ],
            "technique": "Header extraction"
        },
        {
            "excerpt": "- API version: 0.0.1\n- Package version: 0.0.5\n- Build package: org.openapitools.codegen.languages.PythonClientCodegen\n \n",
            "confidence": [
                [
                    0.9471733056618963
                ]
            ],
            "technique": "Supervised classification",
            "originalHeader": "solutioncatalog-api"
        }
    ],
    "longTitle": {
        "excerpt": "solutioncatalog-api",
        "confidence": [
            1.0
        ],
        "technique": "Regular expression"
    },
    "documentation": [
        {
            "originalHeader": "Documentation for API Endpoints",
            "excerpt": "All URIs are relative to *https://api.solutions.mint.isi.edu/v0.0.1*\n\nClass | Method | HTTP request | Description\n------------ | ------------- | ------------- | -------------\n*ResultsApi* | [**results_scenario_id_subgoal_id_thread_id_get**](docs/endpoints/ResultsApi.md#results_scenario_id_subgoal_id_thread_id_get) | **GET** /results/{scenario_id}/{subgoal_id}/{thread_id} | Get the results of a thread\n\n",
            "parentHeader": [
                "solutioncatalog-api"
            ],
            "confidence": [
                1.0
            ],
            "technique": "Header extraction"
        },
        {
            "originalHeader": "Documentation For Models",
            "excerpt": " - [ProblemFormulation](docs/endpoints/ProblemFormulation.md)\n - [Scenario](docs/endpoints/Scenario.md)\n - [Thread](docs/endpoints/Thread.md)\n\n",
            "parentHeader": [
                "solutioncatalog-api"
            ],
            "confidence": [
                1.0
            ],
            "technique": "Header extraction"
        },
        {
            "originalHeader": "Documentation For Authorization",
            "excerpt": " All endpoints do not require authorization.\n",
            "parentHeader": [
                "solutioncatalog-api"
            ],
            "confidence": [
                1.0
            ],
            "technique": "Header extraction"
        }
    ],
    "requirement": [
        {
            "originalHeader": "Requirements.",
            "excerpt": "Python 2.7 and 3.4+\n\n## Installation & Usage\n### pip install\n\nIf the python package is hosted on a repository, you can install directly using:\n\n```sh\npip install git+https://github.com/mintproject/solution-catalog-python-api-client.git\n```\n(you may need to run `pip` with root permission: `sudo pip install git+https://github.com/mintproject/solution-catalog-python-api-client.git`)\n\nThen import the package:\n```python\nimport solutioncatalog \n```\n\n### Setuptools\n\nInstall via [Setuptools](http://pypi.python.org/pypi/setuptools).\n\n```sh\npython setup.py install --user\n```\n(or `sudo python setup.py install` to install the package for all users)\n\nThen import the package:\n```python\nimport solutioncatalog\n```\n\n## Getting Started\n\nPlease follow the [installation procedure](#installation--usage) and then run the following:\n\n```python\nfrom __future__ import print_function\nimport time\nimport solutioncatalog\nfrom solutioncatalog.rest import ApiException\nfrom pprint import pprint\n\n\n# Defining host is optional and default to https://api.solutions.mint.isi.edu/v0.0.1\nconfiguration.host = \"https://api.solutions.mint.isi.edu/v0.0.1\"\n# Create an instance of the API class\napi_instance = solutioncatalog.ResultsApi(solutioncatalog.ApiClient(configuration))\nscenario_id = 'scenario_id_example' # str | The ID of the scenario\nsubgoal_id = 'subgoal_id_example' # str | The ID of the subgoal\nthread_id = 'thread_id_example' # str | The ID of the thread\n\ntry:\n    # Get the results of a thread\n    api_response = api_instance.results_scenario_id_subgoal_id_thread_id_get(scenario_id, subgoal_id, thread_id)\n    pprint(api_response)\nexcept ApiException as e:\n    print(\"Exception when calling ResultsApi->results_scenario_id_subgoal_id_thread_id_get: %s\\n\" % e)\n\n```\n\n## Documentation for API Endpoints\n\nAll URIs are relative to *https://api.solutions.mint.isi.edu/v0.0.1*\n\nClass | Method | HTTP request | Description\n------------ | ------------- | ------------- | -------------\n*ResultsApi* | [**results_scenario_id_subgoal_id_thread_id_get**](docs/endpoints/ResultsApi.md#results_scenario_id_subgoal_id_thread_id_get) | **GET** /results/{scenario_id}/{subgoal_id}/{thread_id} | Get the results of a thread\n\n\n## Documentation For Models\n\n - [ProblemFormulation](docs/endpoints/ProblemFormulation.md)\n - [Scenario](docs/endpoints/Scenario.md)\n - [Thread](docs/endpoints/Thread.md)\n\n\n## Documentation For Authorization\n\n All endpoints do not require authorization.\n\n## Author\n\n\n\n\n",
            "parentHeader": [
                "solutioncatalog-api"
            ],
            "confidence": [
                1.0
            ],
            "technique": "Header extraction"
        }
    ],
    "usage": [
        {
            "originalHeader": "Setuptools",
            "excerpt": "Install via [Setuptools](http://pypi.python.org/pypi/setuptools).\n\n```sh\npython setup.py install --user\n```\n(or `sudo python setup.py install` to install the package for all users)\n\nThen import the package:\n```python\nimport solutioncatalog\n```\n",
            "parentHeader": [
                "solutioncatalog-api",
                "Installation &amp; Usage"
            ],
            "confidence": [
                1.0
            ],
            "technique": "Header extraction"
        },
        {
            "originalHeader": "Getting Started",
            "excerpt": "Please follow the [installation procedure](#installation--usage) and then run the following:\n\n```python\nfrom __future__ import print_function\nimport time\nimport solutioncatalog\nfrom solutioncatalog.rest import ApiException\nfrom pprint import pprint\n\n\n# Defining host is optional and default to https://api.solutions.mint.isi.edu/v0.0.1\nconfiguration.host = \"https://api.solutions.mint.isi.edu/v0.0.1\"\n# Create an instance of the API class\napi_instance = solutioncatalog.ResultsApi(solutioncatalog.ApiClient(configuration))\nscenario_id = 'scenario_id_example' # str | The ID of the scenario\nsubgoal_id = 'subgoal_id_example' # str | The ID of the subgoal\nthread_id = 'thread_id_example' # str | The ID of the thread\n\ntry:\n    # Get the results of a thread\n    api_response = api_instance.results_scenario_id_subgoal_id_thread_id_get(scenario_id, subgoal_id, thread_id)\n    pprint(api_response)\nexcept ApiException as e:\n    print(\"Exception when calling ResultsApi->results_scenario_id_subgoal_id_thread_id_get: %s\\n\" % e)\n\n```\n",
            "parentHeader": [
                "solutioncatalog-api"
            ],
            "confidence": [
                1.0
            ],
            "technique": "Header extraction"
        }
    ],
    "codeRepository": {
        "excerpt": "https://github.com/mintproject/solution-catalog-client",
        "confidence": [
            1.0
        ],
        "technique": "GitHub API"
    },
    "owner": {
        "excerpt": "mintproject",
        "confidence": [
            1.0
        ],
        "technique": "GitHub API"
    },
    "ownerType": {
        "excerpt": "Organization",
        "confidence": [
            1.0
        ],
        "technique": "GitHub API"
    },
    "dateCreated": {
        "excerpt": "2020-03-30T17:17:14Z",
        "confidence": [
            1.0
        ],
        "technique": "GitHub API"
    },
    "dateModified": {
        "excerpt": "2022-02-04T13:33:43Z",
        "confidence": [
            1.0
        ],
        "technique": "GitHub API"
    },
    "name": {
        "excerpt": "solution-catalog-client",
        "confidence": [
            1.0
        ],
        "technique": "GitHub API"
    },
    "fullName": {
        "excerpt": "mintproject/solution-catalog-client",
        "confidence": [
            1.0
        ],
        "technique": "GitHub API"
    },
    "issueTracker": {
        "excerpt": "https://api.github.com/repos/mintproject/solution-catalog-client/issues",
        "confidence": [
            1.0
        ],
        "technique": "GitHub API"
    },
    "forksUrl": {
        "excerpt": "https://api.github.com/repos/mintproject/solution-catalog-client/forks",
        "confidence": [
            1.0
        ],
        "technique": "GitHub API"
    },
    "downloadUrl": {
        "excerpt": "https://github.com/mintproject/solution-catalog-client/releases",
        "confidence": [
            1.0
        ],
        "technique": "GitHub API"
    },
    "stargazersCount": {
        "excerpt": {
            "count": 0,
            "date": "Wed, 18 May 2022 21:46:25 GMT"
        },
        "confidence": [
            1.0
        ],
        "technique": "GitHub API"
    },
    "forksCount": {
        "excerpt": {
            "count": 0,
            "date": "Wed, 18 May 2022 21:46:25 GMT"
        },
        "confidence": [
            1.0
        ],
        "technique": "GitHub API"
    },
    "languages": {
        "excerpt": [
            "Python",
            "Shell"
        ],
        "confidence": [
            1.0
        ],
        "technique": "GitHub API"
    },
    "readmeUrl": {
        "excerpt": "https://raw.githubusercontent.com/mintproject/solution-catalog-client/master/README.md",
        "confidence": [
            1.0
        ],
        "technique": "GitHub API"
    },
    "hasDocumentation": {
        "excerpt": [
            "https://github.com/mintproject/solution-catalog-client/tree/master/docs"
        ],
        "confidence": [
            1.0
        ],
        "technique": "File Exploration"
    },
    "hasScriptFile": {
        "excerpt": [
            "https://raw.githubusercontent.com/mintproject/solution-catalog-client/master/git_push.sh",
            "https://raw.githubusercontent.com/mintproject/solution-catalog-client/master/generate-client.sh"
        ],
        "confidence": [
            1.0
        ],
        "technique": "File Exploration"
    },
    "inspect4py": {
        "software_type": "library",
        "run": "import solutioncatalog-api"
    }
}