{
    "description": [
        {
            "excerpt": "The code and script can generate operation files, control files, and multi-mode files for the simulation matrix, and perform the simulations.\nThe input generator is adopted from [@PSUmodeling](https://github.com/PSUmodeling)'s [repository](https://github.com/PSUmodeling/Input-Generator).\nIt generates multiple input files by replacing keywords in a template with different options.\n`base.operation` is the operation file template that should be used to generate the operation matrix.\nThe `config.txt` contains the different options to replace the keywords in the template.\nFor details of the input generator, please check their README file. \n",
            "confidence": [
                [
                    0.9506095711077652
                ]
            ],
            "technique": "Supervised classification",
            "originalHeader": "Cycles-Simulation-Matrix"
        },
        {
            "excerpt": "Code to generate input files for Cycles simulation matrix",
            "confidence": [
                1.0
            ],
            "technique": "GitHub API"
        }
    ],
    "longTitle": {
        "excerpt": "Cycles-Simulation-Matrix",
        "confidence": [
            1.0
        ],
        "technique": "Regular expression"
    },
    "codeRepository": {
        "excerpt": "https://github.com/mintproject/Cycles-Simulation-Matrix",
        "confidence": [
            1.0
        ],
        "technique": "GitHub API"
    },
    "owner": {
        "excerpt": "mintproject",
        "confidence": [
            1.0
        ],
        "technique": "GitHub API"
    },
    "ownerType": {
        "excerpt": "Organization",
        "confidence": [
            1.0
        ],
        "technique": "GitHub API"
    },
    "dateCreated": {
        "excerpt": "2019-05-30T19:18:05Z",
        "confidence": [
            1.0
        ],
        "technique": "GitHub API"
    },
    "dateModified": {
        "excerpt": "2019-07-09T15:51:22Z",
        "confidence": [
            1.0
        ],
        "technique": "GitHub API"
    },
    "name": {
        "excerpt": "Cycles-Simulation-Matrix",
        "confidence": [
            1.0
        ],
        "technique": "GitHub API"
    },
    "fullName": {
        "excerpt": "mintproject/Cycles-Simulation-Matrix",
        "confidence": [
            1.0
        ],
        "technique": "GitHub API"
    },
    "issueTracker": {
        "excerpt": "https://api.github.com/repos/mintproject/Cycles-Simulation-Matrix/issues",
        "confidence": [
            1.0
        ],
        "technique": "GitHub API"
    },
    "forksUrl": {
        "excerpt": "https://api.github.com/repos/mintproject/Cycles-Simulation-Matrix/forks",
        "confidence": [
            1.0
        ],
        "technique": "GitHub API"
    },
    "downloadUrl": {
        "excerpt": "https://github.com/mintproject/Cycles-Simulation-Matrix/releases",
        "confidence": [
            1.0
        ],
        "technique": "GitHub API"
    },
    "stargazersCount": {
        "excerpt": {
            "count": 0,
            "date": "Wed, 18 May 2022 21:31:36 GMT"
        },
        "confidence": [
            1.0
        ],
        "technique": "GitHub API"
    },
    "forksCount": {
        "excerpt": {
            "count": 0,
            "date": "Wed, 18 May 2022 21:31:36 GMT"
        },
        "confidence": [
            1.0
        ],
        "technique": "GitHub API"
    },
    "languages": {
        "excerpt": [
            "C",
            "Shell",
            "Makefile"
        ],
        "confidence": [
            1.0
        ],
        "technique": "GitHub API"
    },
    "readmeUrl": {
        "excerpt": "https://raw.githubusercontent.com/mintproject/Cycles-Simulation-Matrix/master/README.md",
        "confidence": [
            1.0
        ],
        "technique": "GitHub API"
    },
    "hasScriptFile": {
        "excerpt": [
            "https://raw.githubusercontent.com/mintproject/Cycles-Simulation-Matrix/master/run_matrix_w_weeds.sh",
            "https://raw.githubusercontent.com/mintproject/Cycles-Simulation-Matrix/master/run_matrix.sh"
        ],
        "confidence": [
            1.0
        ],
        "technique": "File Exploration"
    }
}