{
    "description": [
        {
            "excerpt": "Backend to convert a Binder Repository into a MINT component.\n \n",
            "confidence": [
                [
                    0.9443121009181985
                ]
            ],
            "technique": "Supervised classification",
            "originalHeader": "IPython2MINT"
        }
    ],
    "longTitle": {
        "excerpt": "IPython2MINT",
        "confidence": [
            1.0
        ],
        "technique": "Regular expression"
    },
    "usage": [
        {
            "originalHeader": "How to use it?",
            "excerpt": "```sh\n$ docker-compose up -d --build\n```\n\nOpen your browser to [http://localhost:8004](http://localhost:8004) to view the app or to [http://localhost:5556](http://localhost:5556) to view the Flower dashboard.\n\nTrigger a new task:\n\n```sh\n$ curl http://localhost:8004/tasks -H \"Content-Type: application/json\" --data '{\"url\": \"https://github.com/giannisdoukas/cwl-annotated-jupyter-notebook.git\"}' \n```\n\nCheck the status:\n\n```sh\n$ curl http://localhost:8004/tasks/<TASK_ID>\n```\n\nGet the specs (notebooks transformed) list associated with a task\n\n```sh\n$ curl http://localhost:8004/tasks/<TASK_ID>/specs\n[\n  \"Model.cwl\"\n]\n\n```\n\nGet a spec (notebook transformed)\n\n```sh\n$ curl http://localhost:8004/tasks/<TASK_ID>?spec_file_name=<SPEC_NAME>\n{\n  \"arguments\": [\n    \"--\"\n  ],\n  \"baseCommand\": \"/app/cwl/bin/Model\",\n  \"class\": \"CommandLineTool\",\n  \"cwlVersion\": \"v1.1\",\n  \"hints\": {\n    \"DockerRequirement\": {\n      \"dockerImageId\": \"r2d-2ftmp-2frepo2cwl-5f636cexe-5f-2frepo1631821485\"\n    }\n  },\n  \"inputs\": {\n    \"input_file\": {\n      \"inputBinding\": {\n        \"prefix\": \"--input_file\"\n      },\n      \"type\": \"File\"\n    }\n  },\n  \"outputs\": {\n    \"output_file\": {\n      \"outputBinding\": {\n        \"glob\": \"./Output.csv\"\n      },\n      \"type\": \"File\"\n    }\n  },\n  \"requirements\": {\n    \"NetworkAccess\": {\n      \"networkAccess\": true\n    }\n  }\n}\n```\n\n\n\n",
            "parentHeader": [
                "IPython2MINT"
            ],
            "confidence": [
                1.0
            ],
            "technique": "Header extraction"
        }
    ],
    "codeRepository": {
        "excerpt": "https://github.com/mintproject/ipython2mint",
        "confidence": [
            1.0
        ],
        "technique": "GitHub API"
    },
    "owner": {
        "excerpt": "mintproject",
        "confidence": [
            1.0
        ],
        "technique": "GitHub API"
    },
    "ownerType": {
        "excerpt": "Organization",
        "confidence": [
            1.0
        ],
        "technique": "GitHub API"
    },
    "dateCreated": {
        "excerpt": "2021-09-14T14:16:28Z",
        "confidence": [
            1.0
        ],
        "technique": "GitHub API"
    },
    "dateModified": {
        "excerpt": "2021-12-02T14:51:40Z",
        "confidence": [
            1.0
        ],
        "technique": "GitHub API"
    },
    "license": {
        "excerpt": {
            "name": "MIT License",
            "url": "https://api.github.com/licenses/mit"
        },
        "confidence": [
            1.0
        ],
        "technique": "GitHub API"
    },
    "name": {
        "excerpt": "ipython2mint",
        "confidence": [
            1.0
        ],
        "technique": "GitHub API"
    },
    "fullName": {
        "excerpt": "mintproject/ipython2mint",
        "confidence": [
            1.0
        ],
        "technique": "GitHub API"
    },
    "issueTracker": {
        "excerpt": "https://api.github.com/repos/mintproject/ipython2mint/issues",
        "confidence": [
            1.0
        ],
        "technique": "GitHub API"
    },
    "forksUrl": {
        "excerpt": "https://api.github.com/repos/mintproject/ipython2mint/forks",
        "confidence": [
            1.0
        ],
        "technique": "GitHub API"
    },
    "downloadUrl": {
        "excerpt": "https://github.com/mintproject/ipython2mint/releases",
        "confidence": [
            1.0
        ],
        "technique": "GitHub API"
    },
    "topics": {
        "excerpt": [
            "mint-mic"
        ],
        "confidence": [
            1.0
        ],
        "technique": "GitHub API"
    },
    "stargazersCount": {
        "excerpt": {
            "count": 0,
            "date": "Wed, 18 May 2022 21:50:55 GMT"
        },
        "confidence": [
            1.0
        ],
        "technique": "GitHub API"
    },
    "forksCount": {
        "excerpt": {
            "count": 0,
            "date": "Wed, 18 May 2022 21:50:55 GMT"
        },
        "confidence": [
            1.0
        ],
        "technique": "GitHub API"
    },
    "languages": {
        "excerpt": [
            "Python",
            "HTML",
            "JavaScript",
            "Dockerfile",
            "CSS"
        ],
        "confidence": [
            1.0
        ],
        "technique": "GitHub API"
    },
    "licenseText": {
        "excerpt": "b'MIT License\\n\\nCopyright (c) 2021 Michael Herman\\n\\nPermission is hereby granted, free of charge, to any person obtaining a copy\\nof this software and associated documentation files (the \"Software\"), to deal\\nin the Software without restriction, including without limitation the rights\\nto use, copy, modify, merge, publish, distribute, sublicense, and/or sell\\ncopies of the Software, and to permit persons to whom the Software is\\nfurnished to do so, subject to the following conditions:\\n\\nThe above copyright notice and this permission notice shall be included in all\\ncopies or substantial portions of the Software.\\n\\nTHE SOFTWARE IS PROVIDED \"AS IS\", WITHOUT WARRANTY OF ANY KIND, EXPRESS OR\\nIMPLIED, INCLUDING BUT NOT LIMITED TO THE WARRANTIES OF MERCHANTABILITY,\\nFITNESS FOR A PARTICULAR PURPOSE AND NONINFRINGEMENT. IN NO EVENT SHALL THE\\nAUTHORS OR COPYRIGHT HOLDERS BE LIABLE FOR ANY CLAIM, DAMAGES OR OTHER\\nLIABILITY, WHETHER IN AN ACTION OF CONTRACT, TORT OR OTHERWISE, ARISING FROM,\\nOUT OF OR IN CONNECTION WITH THE SOFTWARE OR THE USE OR OTHER DEALINGS IN THE\\nSOFTWARE.\\n'",
        "confidence": [
            1.0
        ],
        "technique": "File Exploration"
    },
    "readmeUrl": {
        "excerpt": "https://raw.githubusercontent.com/mintproject/ipython2mint/master/README.md",
        "confidence": [
            1.0
        ],
        "technique": "GitHub API"
    },
    "hasBuildFile": [
        {
            "excerpt": [
                "https://raw.githubusercontent.com/mintproject/ipython2mint/master/docker-compose.yml"
            ],
            "confidence": [
                1.0
            ],
            "technique": "File Exploration",
            "format": "Docker compose file"
        },
        {
            "excerpt": [
                "https://raw.githubusercontent.com/mintproject/ipython2mint/master/project/Dockerfile"
            ],
            "confidence": [
                1.0
            ],
            "technique": "File Exploration",
            "format": "Docker file"
        }
    ],
    "inspect4py": {
        "software_type": "service",
        "run": "python /Users/dakixr/Desktop/github/scc/tmp/metadata/KnowledgeCaptureAndDiscoveryANDmintproject/ipython2mint/project/main.py"
    }
}