{
    "longTitle": {
        "excerpt": "base_images ",
        "confidence": [
            1.0
        ],
        "technique": "Regular expression"
    },
    "logo": {
        "excerpt": "https://travis-ci.com/mintproject/base_images.svg?branch=master",
        "confidence": [
            1.0
        ],
        "technique": "Regular expression"
    },
    "codeRepository": {
        "excerpt": "https://github.com/mintproject/base_images",
        "confidence": [
            1.0
        ],
        "technique": "GitHub API"
    },
    "owner": {
        "excerpt": "mintproject",
        "confidence": [
            1.0
        ],
        "technique": "GitHub API"
    },
    "ownerType": {
        "excerpt": "Organization",
        "confidence": [
            1.0
        ],
        "technique": "GitHub API"
    },
    "dateCreated": {
        "excerpt": "2020-06-16T21:31:01Z",
        "confidence": [
            1.0
        ],
        "technique": "GitHub API"
    },
    "dateModified": {
        "excerpt": "2020-07-28T22:23:58Z",
        "confidence": [
            1.0
        ],
        "technique": "GitHub API"
    },
    "name": {
        "excerpt": "base_images",
        "confidence": [
            1.0
        ],
        "technique": "GitHub API"
    },
    "fullName": {
        "excerpt": "mintproject/base_images",
        "confidence": [
            1.0
        ],
        "technique": "GitHub API"
    },
    "issueTracker": {
        "excerpt": "https://api.github.com/repos/mintproject/base_images/issues",
        "confidence": [
            1.0
        ],
        "technique": "GitHub API"
    },
    "forksUrl": {
        "excerpt": "https://api.github.com/repos/mintproject/base_images/forks",
        "confidence": [
            1.0
        ],
        "technique": "GitHub API"
    },
    "downloadUrl": {
        "excerpt": "https://github.com/mintproject/base_images/releases",
        "confidence": [
            1.0
        ],
        "technique": "GitHub API"
    },
    "stargazersCount": {
        "excerpt": {
            "count": 0,
            "date": "Wed, 18 May 2022 21:47:10 GMT"
        },
        "confidence": [
            1.0
        ],
        "technique": "GitHub API"
    },
    "forksCount": {
        "excerpt": {
            "count": 0,
            "date": "Wed, 18 May 2022 21:47:10 GMT"
        },
        "confidence": [
            1.0
        ],
        "technique": "GitHub API"
    },
    "languages": {
        "excerpt": [
            "Dockerfile",
            "Shell"
        ],
        "confidence": [
            1.0
        ],
        "technique": "GitHub API"
    },
    "readmeUrl": {
        "excerpt": "https://raw.githubusercontent.com/mintproject/base_images/master/README.md",
        "confidence": [
            1.0
        ],
        "technique": "GitHub API"
    },
    "hasBuildFile": [
        {
            "excerpt": [
                "https://raw.githubusercontent.com/mintproject/base_images/master/python/3.7/docker-compose.yml",
                "https://raw.githubusercontent.com/mintproject/base_images/master/python/3.8/docker-compose.yml",
                "https://raw.githubusercontent.com/mintproject/base_images/master/conda/4.7.12/docker-compose.yml",
                "https://raw.githubusercontent.com/mintproject/base_images/master/java/8/docker-compose.yml",
                "https://raw.githubusercontent.com/mintproject/base_images/master/generic/docker-compose.yml"
            ],
            "confidence": [
                1.0
            ],
            "technique": "File Exploration",
            "format": "Docker compose file"
        },
        {
            "excerpt": [
                "https://raw.githubusercontent.com/mintproject/base_images/master/python/3.7/Dockerfile",
                "https://raw.githubusercontent.com/mintproject/base_images/master/python/3.8/Dockerfile",
                "https://raw.githubusercontent.com/mintproject/base_images/master/conda/4.7.12/Dockerfile",
                "https://raw.githubusercontent.com/mintproject/base_images/master/java/8/Dockerfile",
                "https://raw.githubusercontent.com/mintproject/base_images/master/generic/Dockerfile"
            ],
            "confidence": [
                1.0
            ],
            "technique": "File Exploration",
            "format": "Docker file"
        }
    ],
    "hasScriptFile": {
        "excerpt": [
            "https://raw.githubusercontent.com/mintproject/base_images/master/build.sh"
        ],
        "confidence": [
            1.0
        ],
        "technique": "File Exploration"
    }
}