{
    "longTitle": {
        "excerpt": "NodeJS JWT authentication service using firebase-auth as a backend",
        "confidence": [
            1.0
        ],
        "technique": "Regular expression"
    },
    "run": [
        {
            "originalHeader": "Running the server",
            "excerpt": "Add the Firebase Web API key in the .env. \n\nTo run the server, follow these simple steps:\n\n```\nnpm run start\n```\n\nTo run the server in a docker container\n```\ndocker-compose up -d --build\n```\n",
            "parentHeader": [
                "NodeJS JWT authentication service using firebase-auth as a backend"
            ],
            "confidence": [
                1.0
            ],
            "technique": "Header extraction"
        }
    ],
    "codeRepository": {
        "excerpt": "https://github.com/mintproject/firebase_jwt_js",
        "confidence": [
            1.0
        ],
        "technique": "GitHub API"
    },
    "owner": {
        "excerpt": "mintproject",
        "confidence": [
            1.0
        ],
        "technique": "GitHub API"
    },
    "ownerType": {
        "excerpt": "Organization",
        "confidence": [
            1.0
        ],
        "technique": "GitHub API"
    },
    "dateCreated": {
        "excerpt": "2020-07-21T21:34:22Z",
        "confidence": [
            1.0
        ],
        "technique": "GitHub API"
    },
    "dateModified": {
        "excerpt": "2020-07-27T19:22:42Z",
        "confidence": [
            1.0
        ],
        "technique": "GitHub API"
    },
    "license": {
        "excerpt": {
            "name": "MIT License",
            "url": "https://api.github.com/licenses/mit"
        },
        "confidence": [
            1.0
        ],
        "technique": "GitHub API"
    },
    "name": {
        "excerpt": "firebase_jwt_js",
        "confidence": [
            1.0
        ],
        "technique": "GitHub API"
    },
    "fullName": {
        "excerpt": "mintproject/firebase_jwt_js",
        "confidence": [
            1.0
        ],
        "technique": "GitHub API"
    },
    "issueTracker": {
        "excerpt": "https://api.github.com/repos/mintproject/firebase_jwt_js/issues",
        "confidence": [
            1.0
        ],
        "technique": "GitHub API"
    },
    "forksUrl": {
        "excerpt": "https://api.github.com/repos/mintproject/firebase_jwt_js/forks",
        "confidence": [
            1.0
        ],
        "technique": "GitHub API"
    },
    "downloadUrl": {
        "excerpt": "https://github.com/mintproject/firebase_jwt_js/releases",
        "confidence": [
            1.0
        ],
        "technique": "GitHub API"
    },
    "stargazersCount": {
        "excerpt": {
            "count": 0,
            "date": "Wed, 18 May 2022 21:47:21 GMT"
        },
        "confidence": [
            1.0
        ],
        "technique": "GitHub API"
    },
    "forksCount": {
        "excerpt": {
            "count": 1,
            "date": "Wed, 18 May 2022 21:47:21 GMT"
        },
        "confidence": [
            1.0
        ],
        "technique": "GitHub API"
    },
    "languages": {
        "excerpt": [
            "TypeScript",
            "Dockerfile"
        ],
        "confidence": [
            1.0
        ],
        "technique": "GitHub API"
    },
    "licenseText": {
        "excerpt": "b'MIT License\\n\\nCopyright (c) 2019 MINT\\n\\nPermission is hereby granted, free of charge, to any person obtaining a copy\\nof this software and associated documentation files (the \"Software\"), to deal\\nin the Software without restriction, including without limitation the rights\\nto use, copy, modify, merge, publish, distribute, sublicense, and/or sell\\ncopies of the Software, and to permit persons to whom the Software is\\nfurnished to do so, subject to the following conditions:\\n\\nThe above copyright notice and this permission notice shall be included in all\\ncopies or substantial portions of the Software.\\n\\nTHE SOFTWARE IS PROVIDED \"AS IS\", WITHOUT WARRANTY OF ANY KIND, EXPRESS OR\\nIMPLIED, INCLUDING BUT NOT LIMITED TO THE WARRANTIES OF MERCHANTABILITY,\\nFITNESS FOR A PARTICULAR PURPOSE AND NONINFRINGEMENT. IN NO EVENT SHALL THE\\nAUTHORS OR COPYRIGHT HOLDERS BE LIABLE FOR ANY CLAIM, DAMAGES OR OTHER\\nLIABILITY, WHETHER IN AN ACTION OF CONTRACT, TORT OR OTHERWISE, ARISING FROM,\\nOUT OF OR IN CONNECTION WITH THE SOFTWARE OR THE USE OR OTHER DEALINGS IN THE\\nSOFTWARE.\\n'",
        "confidence": [
            1.0
        ],
        "technique": "File Exploration"
    },
    "readmeUrl": {
        "excerpt": "https://raw.githubusercontent.com/mintproject/firebase_jwt_js/master/README.md",
        "confidence": [
            1.0
        ],
        "technique": "GitHub API"
    },
    "hasBuildFile": [
        {
            "excerpt": [
                "https://raw.githubusercontent.com/mintproject/firebase_jwt_js/master/docker-compose.yml"
            ],
            "confidence": [
                1.0
            ],
            "technique": "File Exploration",
            "format": "Docker compose file"
        },
        {
            "excerpt": [
                "https://raw.githubusercontent.com/mintproject/firebase_jwt_js/master/Dockerfile"
            ],
            "confidence": [
                1.0
            ],
            "technique": "File Exploration",
            "format": "Docker file"
        }
    ]
}