{
    "description": [
        {
            "excerpt": "Model Insertion Checker (MIC) is a command line wizard for users to add new calibrated models and their metadata. \nMIC is an application that asks the information of your model, model version, model configuration, parameters, inputs, outputs, authors and contributors. \n",
            "confidence": [
                [
                    0.9241862242746846,
                    0.9673645123166907
                ]
            ],
            "technique": "Supervised classification",
            "originalHeader": "Model Insertion Checker (MIC) <a href=\"https://github.com/mintproject/mic/actions/workflows/python-packages.yml\"><img alt=\"Tests\" src=\"https://github.com/mintproject/mic/actions/workflows/python-packages.yml/badge.svg\" /></a><a href=\"https://github.com/mintproject/mic/actions/workflows/python-publish.yml\"><img alt=\"Upload Python Package\" src=\"https://github.com/mintproject/mic/actions/workflows/python-publish.yml/badge.svg\" /></a>"
        },
        {
            "excerpt": "- [x] Create a new model/model configuration entry including: Author, Contributors, Model Version, Model Configuration, Parameters, Inputs and Outputs.\n- [x] Save model metadata as a file\n- [x] Submit model metadata to the Model Catalog Server (you must have an account)\n- [x] Initializing a component making sure it is consistent with its metadata \n- [x] Testing that a component can be executed with local data.\n- [x] Upload a valid component to GitHub\n- [x] Help initializing a Docker image for capturing the dependencies of a component\n- [x] Help building a Docker image\n- [x] Test a Docker image with a component\n- [x] Support uploading a tested Docker image to DockerHub \n",
            "confidence": [
                [
                    0.971105215337923
                ]
            ],
            "technique": "Supervised classification",
            "originalHeader": "Features",
            "parentHeader": [
                "Model Insertion Checker (MIC) <a href=\"https://github.com/mintproject/mic/actions/workflows/python-packages.yml\"><img alt=\"Tests\" src=\"https://github.com/mintproject/mic/actions/workflows/python-packages.yml/badge.svg\" /></a><a href=\"https://github.com/mintproject/mic/actions/workflows/python-publish.yml\"><img alt=\"Upload Python Package\" src=\"https://github.com/mintproject/mic/actions/workflows/python-publish.yml/badge.svg\" /></a>"
            ]
        },
        {
            "excerpt": "- [ ] Automatically capture the invocation command of your model component\n- [ ] Automatic creation of the Docker image needed to execute your model\n- [ ] Advanced guidance to select parameters and inputs to expose in a model component.\n \n \n",
            "confidence": [
                [
                    0.9757441740533083
                ]
            ],
            "technique": "Supervised classification",
            "originalHeader": "Next Features",
            "parentHeader": [
                "Model Insertion Checker (MIC) <a href=\"https://github.com/mintproject/mic/actions/workflows/python-packages.yml\"><img alt=\"Tests\" src=\"https://github.com/mintproject/mic/actions/workflows/python-packages.yml/badge.svg\" /></a><a href=\"https://github.com/mintproject/mic/actions/workflows/python-publish.yml\"><img alt=\"Upload Python Package\" src=\"https://github.com/mintproject/mic/actions/workflows/python-publish.yml/badge.svg\" /></a>"
            ]
        },
        {
            "excerpt": "Model Insertion Checker ",
            "confidence": [
                1.0
            ],
            "technique": "GitHub API"
        }
    ],
    "installation": [
        {
            "excerpt": "`pip install mic` \n",
            "confidence": [
                [
                    0.999746712887969
                ]
            ],
            "technique": "Supervised classification",
            "originalHeader": "Model Insertion Checker (MIC) <a href=\"https://github.com/mintproject/mic/actions/workflows/python-packages.yml\"><img alt=\"Tests\" src=\"https://github.com/mintproject/mic/actions/workflows/python-packages.yml/badge.svg\" /></a><a href=\"https://github.com/mintproject/mic/actions/workflows/python-publish.yml\"><img alt=\"Upload Python Package\" src=\"https://github.com/mintproject/mic/actions/workflows/python-publish.yml/badge.svg\" /></a>"
        }
    ],
    "longTitle": {
        "excerpt": "Model Insertion Checker (MIC) ",
        "confidence": [
            1.0
        ],
        "technique": "Regular expression"
    },
    "documentation": [
        {
            "excerpt": "https://github.com/mintproject/mic/wiki",
            "confidence": [
                1.0
            ],
            "technique": "Regular expression",
            "type": "wiki"
        },
        {
            "excerpt": "https://mic-cli.readthedocs.io/",
            "confidence": [
                1.0
            ],
            "technique": "Regular expression",
            "type": "readthedocs"
        }
    ],
    "codeRepository": {
        "excerpt": "https://github.com/mintproject/mic",
        "confidence": [
            1.0
        ],
        "technique": "GitHub API"
    },
    "owner": {
        "excerpt": "mintproject",
        "confidence": [
            1.0
        ],
        "technique": "GitHub API"
    },
    "ownerType": {
        "excerpt": "Organization",
        "confidence": [
            1.0
        ],
        "technique": "GitHub API"
    },
    "dateCreated": {
        "excerpt": "2020-04-03T05:27:57Z",
        "confidence": [
            1.0
        ],
        "technique": "GitHub API"
    },
    "dateModified": {
        "excerpt": "2022-01-23T21:45:34Z",
        "confidence": [
            1.0
        ],
        "technique": "GitHub API"
    },
    "name": {
        "excerpt": "mic",
        "confidence": [
            1.0
        ],
        "technique": "GitHub API"
    },
    "fullName": {
        "excerpt": "mintproject/mic",
        "confidence": [
            1.0
        ],
        "technique": "GitHub API"
    },
    "issueTracker": {
        "excerpt": "https://api.github.com/repos/mintproject/mic/issues",
        "confidence": [
            1.0
        ],
        "technique": "GitHub API"
    },
    "forksUrl": {
        "excerpt": "https://api.github.com/repos/mintproject/mic/forks",
        "confidence": [
            1.0
        ],
        "technique": "GitHub API"
    },
    "downloadUrl": {
        "excerpt": "https://github.com/mintproject/mic/releases",
        "confidence": [
            1.0
        ],
        "technique": "GitHub API"
    },
    "stargazersCount": {
        "excerpt": {
            "count": 4,
            "date": "Wed, 18 May 2022 21:46:31 GMT"
        },
        "confidence": [
            1.0
        ],
        "technique": "GitHub API"
    },
    "forksCount": {
        "excerpt": {
            "count": 4,
            "date": "Wed, 18 May 2022 21:46:31 GMT"
        },
        "confidence": [
            1.0
        ],
        "technique": "GitHub API"
    },
    "languages": {
        "excerpt": [
            "Python",
            "Shell",
            "Dockerfile",
            "sed"
        ],
        "confidence": [
            1.0
        ],
        "technique": "GitHub API"
    },
    "readmeUrl": {
        "excerpt": "https://raw.githubusercontent.com/mintproject/mic/master/README.md",
        "confidence": [
            1.0
        ],
        "technique": "GitHub API"
    },
    "hasBuildFile": [
        {
            "excerpt": [
                "https://raw.githubusercontent.com/mintproject/mic/master/src/mic/tests/resources/188/mic/docker/Dockerfile",
                "https://raw.githubusercontent.com/mintproject/mic/master/src/mic/tests/resources/212/mic/docker/Dockerfile",
                "https://raw.githubusercontent.com/mintproject/mic/master/src/mic/tests/resources/swat/mic/docker/Dockerfile",
                "https://raw.githubusercontent.com/mintproject/mic/master/src/mic/tests/resources/issue_168/mic/docker/Dockerfile",
                "https://raw.githubusercontent.com/mintproject/mic/master/src/mic/templates/Dockerfile"
            ],
            "confidence": [
                1.0
            ],
            "technique": "File Exploration",
            "format": "Docker file"
        }
    ],
    "hasDocumentation": {
        "excerpt": [
            "https://github.com/mintproject/mic/tree/master/docs"
        ],
        "confidence": [
            1.0
        ],
        "technique": "File Exploration"
    },
    "hasScriptFile": {
        "excerpt": [
            "https://raw.githubusercontent.com/mintproject/mic/master/.ci/update_version.sh",
            "https://raw.githubusercontent.com/mintproject/mic/master/src/mic/tests/resources/187/start.sh",
            "https://raw.githubusercontent.com/mintproject/mic/master/src/mic/tests/resources/188/mic/src/.colors.sh",
            "https://raw.githubusercontent.com/mintproject/mic/master/src/mic/tests/resources/188/mic/src/output.sh",
            "https://raw.githubusercontent.com/mintproject/mic/master/src/mic/tests/resources/188/mic/src/io.sh",
            "https://raw.githubusercontent.com/mintproject/mic/master/src/mic/tests/resources/191/start.sh",
            "https://raw.githubusercontent.com/mintproject/mic/master/src/mic/tests/resources/212/mic/src/.colors.sh",
            "https://raw.githubusercontent.com/mintproject/mic/master/src/mic/tests/resources/212/mic/src/output.sh",
            "https://raw.githubusercontent.com/mintproject/mic/master/src/mic/tests/resources/212/mic/src/io.sh",
            "https://raw.githubusercontent.com/mintproject/mic/master/src/mic/tests/resources/206/start.sh",
            "https://raw.githubusercontent.com/mintproject/mic/master/src/mic/tests/resources/206/mic/src/.colors.sh",
            "https://raw.githubusercontent.com/mintproject/mic/master/src/mic/tests/resources/206/mic/src/output.sh",
            "https://raw.githubusercontent.com/mintproject/mic/master/src/mic/tests/resources/206/mic/src/io.sh",
            "https://raw.githubusercontent.com/mintproject/mic/master/src/mic/tests/resources/206/mic/src/start.sh",
            "https://raw.githubusercontent.com/mintproject/mic/master/src/mic/tests/resources/swat/mic/src/.colors.sh",
            "https://raw.githubusercontent.com/mintproject/mic/master/src/mic/tests/resources/swat/mic/src/output.sh",
            "https://raw.githubusercontent.com/mintproject/mic/master/src/mic/tests/resources/swat/mic/src/io.sh",
            "https://raw.githubusercontent.com/mintproject/mic/master/src/mic/tests/resources/issue_168/skeleton.sh",
            "https://raw.githubusercontent.com/mintproject/mic/master/src/mic/templates/.colors.sh",
            "https://raw.githubusercontent.com/mintproject/mic/master/src/mic/templates/install.sh",
            "https://raw.githubusercontent.com/mintproject/mic/master/src/mic/templates/output.sh",
            "https://raw.githubusercontent.com/mintproject/mic/master/src/mic/templates/io.sh",
            "https://raw.githubusercontent.com/mintproject/mic/master/src/mic/templates/entrypoint.sh"
        ],
        "confidence": [
            1.0
        ],
        "technique": "File Exploration"
    },
    "releases": {
        "excerpt": [
            {
                "tagName": "2.2.2",
                "name": "2.2.2",
                "authorName": "mosoriob",
                "authorType": "User",
                "body": "",
                "tarballUrl": "https://api.github.com/repos/mintproject/mic/tarball/2.2.2",
                "zipballUrl": "https://api.github.com/repos/mintproject/mic/zipball/2.2.2",
                "htmlUrl": "https://github.com/mintproject/mic/releases/tag/2.2.2",
                "url": "https://api.github.com/repos/mintproject/mic/releases/59128575",
                "dateCreated": "2022-02-09T14:20:12Z",
                "datePublished": "2022-02-09T14:23:34Z"
            },
            {
                "tagName": "2.2.1",
                "name": "Release 2.2.1",
                "authorName": "mosoriob",
                "authorType": "User",
                "body": "- fix: publishing - the model without versions [`#352`](https://github.com/mintproject/mic/pull/352)",
                "tarballUrl": "https://api.github.com/repos/mintproject/mic/tarball/2.2.1",
                "zipballUrl": "https://api.github.com/repos/mintproject/mic/zipball/2.2.1",
                "htmlUrl": "https://github.com/mintproject/mic/releases/tag/2.2.1",
                "url": "https://api.github.com/repos/mintproject/mic/releases/44065027",
                "dateCreated": "2021-06-03T18:45:58Z",
                "datePublished": "2021-06-03T18:46:03Z"
            },
            {
                "tagName": "2.2.0",
                "name": "2.2.0",
                "authorName": "mosoriob",
                "authorType": "User",
                "body": "- fix: Component uploaded to the wrong API [`#348`](https://github.com/mintproject/mic/pull/348)\r\n- Upload files to s3 [`#347`](https://github.com/mintproject/mic/pull/347)\r\n- Use fork ipython2cwl [`#346`](https://github.com/mintproject/mic/pull/346)\r\n- update jupyter doc [`677d3fd`](https://github.com/mintproject/mic/commit/677d3fd129b44556e9df9c553b1d615e0db37a51)\r\n- fix: remove mermaid plugin from docs [`3f80c19`](https://github.com/mintproject/mic/commit/3f80c1973fa0aedc379ba5123ab00092568c2585)",
                "tarballUrl": "https://api.github.com/repos/mintproject/mic/tarball/2.2.0",
                "zipballUrl": "https://api.github.com/repos/mintproject/mic/zipball/2.2.0",
                "htmlUrl": "https://github.com/mintproject/mic/releases/tag/2.2.0",
                "url": "https://api.github.com/repos/mintproject/mic/releases/44053841",
                "dateCreated": "2021-06-03T15:55:30Z",
                "datePublished": "2021-06-03T15:57:35Z"
            },
            {
                "tagName": "2.1.0",
                "name": "Release 2.1.0",
                "authorName": "mosoriob",
                "authorType": "User",
                "body": "- Upload files to s3 [`#347`](https://github.com/mintproject/mic/pull/347)\n- update jupyter doc [`677d3fd`](https://github.com/mintproject/mic/commit/677d3fd129b44556e9df9c553b1d615e0db37a51)\n- fix: remove mermaid plugin from docs [`3f80c19`](https://github.com/mintproject/mic/commit/3f80c1973fa0aedc379ba5123ab00092568c2585)",
                "tarballUrl": "https://api.github.com/repos/mintproject/mic/tarball/2.1.0",
                "zipballUrl": "https://api.github.com/repos/mintproject/mic/zipball/2.1.0",
                "htmlUrl": "https://github.com/mintproject/mic/releases/tag/2.1.0",
                "url": "https://api.github.com/repos/mintproject/mic/releases/43921661",
                "dateCreated": "2021-06-01T15:33:55Z",
                "datePublished": "2021-06-01T16:09:22Z"
            },
            {
                "tagName": "2.0.3",
                "name": "Release 2.0.3",
                "authorName": "mosoriob",
                "authorType": "User",
                "body": "- Use fork ipython2cwl [`#346`](https://github.com/mintproject/mic/pull/346)",
                "tarballUrl": "https://api.github.com/repos/mintproject/mic/tarball/2.0.3",
                "zipballUrl": "https://api.github.com/repos/mintproject/mic/zipball/2.0.3",
                "htmlUrl": "https://github.com/mintproject/mic/releases/tag/2.0.3",
                "url": "https://api.github.com/repos/mintproject/mic/releases/42845282",
                "dateCreated": "2021-05-12T14:32:08Z",
                "datePublished": "2021-05-12T14:33:11Z"
            },
            {
                "tagName": "2.0.2",
                "name": "Release 2.0.2",
                "authorName": "mosoriob",
                "authorType": "User",
                "tarballUrl": "https://api.github.com/repos/mintproject/mic/tarball/2.0.2",
                "zipballUrl": "https://api.github.com/repos/mintproject/mic/zipball/2.0.2",
                "htmlUrl": "https://github.com/mintproject/mic/releases/tag/2.0.2",
                "url": "https://api.github.com/repos/mintproject/mic/releases/42794174",
                "dateCreated": "2021-05-11T19:09:46Z",
                "datePublished": "2021-05-11T19:09:52Z"
            },
            {
                "tagName": "2.0.0",
                "name": "Release 2.0.0",
                "authorName": "mosoriob",
                "authorType": "User",
                "body": "- Prepare release Convert Ipython notebooks to model components [`#340`](https://github.com/mintproject/mic/pull/340)\n- Fix .reprozip-trace directory name [`#329`](https://github.com/mintproject/mic/pull/329)\n- Docs [`de63272`](https://github.com/mintproject/mic/commit/de6327249d927833cf94157f8947b41366242047)\n- fix: add ci tools [`ab31486`](https://github.com/mintproject/mic/commit/ab31486ac30aba482c2fde29dcfd18029ccdab36)\n- fix: docs wrong extension [`29db979`](https://github.com/mintproject/mic/commit/29db979daafed8e66ae9a9171620bb033b370766)\n- overview doc [`3d869ad`](https://github.com/mintproject/mic/commit/3d869ad6f02c86e77200b80a1302a4a38bb3b313)",
                "tarballUrl": "https://api.github.com/repos/mintproject/mic/tarball/2.0.0",
                "zipballUrl": "https://api.github.com/repos/mintproject/mic/zipball/2.0.0",
                "htmlUrl": "https://github.com/mintproject/mic/releases/tag/2.0.0",
                "url": "https://api.github.com/repos/mintproject/mic/releases/42145649",
                "dateCreated": "2021-04-28T15:06:35Z",
                "datePublished": "2021-04-28T15:06:46Z"
            },
            {
                "tagName": "1.4.0",
                "name": "Release 1.4.0",
                "authorName": "mosoriob",
                "authorType": "User",
                "body": "- Docs [`ba3090c`](https://github.com/mintproject/mic/commit/ba3090ce800832d3955a8661ce2b2a4494f54e9a)\n- Release 1.4.0 [`15dfa64`](https://github.com/mintproject/mic/commit/15dfa64ff6969091040c71f4dd6dfddbd23701de)\n- Update model catalog dependency [`f06d86d`](https://github.com/mintproject/mic/commit/f06d86dd7d1e6044f774a5fe94af3f9af0423b74)\n- Release 1.4.0 [`c821e79`](https://github.com/mintproject/mic/commit/c821e794bd44faa6cb441e0e8ac6aa1b85d397ad)",
                "tarballUrl": "https://api.github.com/repos/mintproject/mic/tarball/1.4.0",
                "zipballUrl": "https://api.github.com/repos/mintproject/mic/zipball/1.4.0",
                "htmlUrl": "https://github.com/mintproject/mic/releases/tag/1.4.0",
                "url": "https://api.github.com/repos/mintproject/mic/releases/41543490",
                "dateCreated": "2021-04-16T13:32:42Z",
                "datePublished": "2021-04-16T13:32:52Z"
            },
            {
                "tagName": "1.3.9",
                "name": "1.3.9",
                "authorName": "mosoriob",
                "authorType": "User",
                "body": "- Migrate to github actions [`#325`](https://github.com/mintproject/mic/pull/325)\r\n- automated mic [`6b77af3`](https://github.com/mintproject/mic/commit/6b77af37d45bd23971dea7061e16b6022bdbdd38)",
                "tarballUrl": "https://api.github.com/repos/mintproject/mic/tarball/1.3.9",
                "zipballUrl": "https://api.github.com/repos/mintproject/mic/zipball/1.3.9",
                "htmlUrl": "https://github.com/mintproject/mic/releases/tag/1.3.9",
                "url": "https://api.github.com/repos/mintproject/mic/releases/41288306",
                "dateCreated": "2021-04-12T15:30:55Z",
                "datePublished": "2021-04-12T15:37:17Z"
            },
            {
                "tagName": "1.3.7",
                "name": "Release 1.3.7",
                "authorName": "hvarg",
                "authorType": "User",
                "body": "Updated to work with model-catalog-api v1.6.0\r\n",
                "tarballUrl": "https://api.github.com/repos/mintproject/mic/tarball/1.3.7",
                "zipballUrl": "https://api.github.com/repos/mintproject/mic/zipball/1.3.7",
                "htmlUrl": "https://github.com/mintproject/mic/releases/tag/1.3.7",
                "url": "https://api.github.com/repos/mintproject/mic/releases/34651655",
                "dateCreated": "2020-11-30T16:48:40Z",
                "datePublished": "2020-12-01T19:13:19Z"
            },
            {
                "tagName": "1.3.4",
                "name": "1.3.4",
                "authorName": "mosoriob",
                "authorType": "User",
                "body": "[Full Changelog](https://github.com/mintproject/mic/compare/1.3.3...1.3.4)\r\n\r\n**Implemented enhancements:**\r\n\r\n- mintproject/generic:latest is not up to date [\\#287](https://github.com/mintproject/mic/issues/287)\r\n\r\n**Fixed bugs:**\r\n\r\n- files with hyphen in yaml causes issues with run [\\#293](https://github.com/mintproject/mic/issues/293)\r\n- Param auto detector will detect \"multiple words in quotes\" as several parameters [\\#290](https://github.com/mintproject/mic/issues/290)\r\n- String parameters in commands fail in components due to extra quotes. [\\#288](https://github.com/mintproject/mic/issues/288)\r\n\r\n**Merged pull requests:**\r\n\r\n- Executables file [\\#304](https://github.com/mintproject/mic/pull/304) ([mosoriob](https://github.com/mosoriob))\r\n- Fix: inputs bug for SWAT model [\\#303](https://github.com/mintproject/mic/pull/303) ([Cmheidelberg](https://github.com/Cmheidelberg))\r\n- Fix: start thinks mic dir exists every time [\\#297](https://github.com/mintproject/mic/pull/297) ([Cmheidelberg](https://github.com/Cmheidelberg))\r\n- Fix: replace hyphens with underscore for yaml input direcory names [\\#295](https://github.com/mintproject/mic/pull/295) ([Cmheidelberg](https://github.com/Cmheidelberg))",
                "tarballUrl": "https://api.github.com/repos/mintproject/mic/tarball/1.3.4",
                "zipballUrl": "https://api.github.com/repos/mintproject/mic/zipball/1.3.4",
                "htmlUrl": "https://github.com/mintproject/mic/releases/tag/1.3.4",
                "url": "https://api.github.com/repos/mintproject/mic/releases/31361493",
                "dateCreated": "2020-09-15T22:00:11Z",
                "datePublished": "2020-09-15T22:41:21Z"
            },
            {
                "tagName": "1.3.3",
                "name": "MIC 1.3.3",
                "authorName": "dgarijo",
                "authorType": "User",
                "body": "See full changelog [here](https://github.com/mintproject/mic/compare/1.3.1...1.3.3)\r\nThis version of MIC updates the documentation and fixes the following bugs:\r\n* Errors with double quotes when using string parameters (#291, #288))\r\n* Errors when CRLF endings when using MIC in Windows (#281)",
                "tarballUrl": "https://api.github.com/repos/mintproject/mic/tarball/1.3.3",
                "zipballUrl": "https://api.github.com/repos/mintproject/mic/zipball/1.3.3",
                "htmlUrl": "https://github.com/mintproject/mic/releases/tag/1.3.3",
                "url": "https://api.github.com/repos/mintproject/mic/releases/29240532",
                "dateCreated": "2020-08-03T17:22:15Z",
                "datePublished": "2020-08-03T18:06:56Z"
            },
            {
                "tagName": "1.3.1",
                "name": "1.3.1 (2020-07-27)",
                "authorName": "mosoriob",
                "authorType": "User",
                "body": "[Full Changelog](https://github.com/mintproject/mic/compare/1.3.0...1.3.1)\r\n\r\n**Fixed bugs:**\r\n\r\n- If the requerimients.txt contains uninstallable packages, mic fails [\\#284](https://github.com/mintproject/mic/issues/284)\r\n\r\n**Closed issues:**\r\n\r\n- Synchronize MIC in images [\\#277](https://github.com/mintproject/mic/issues/277)\r\n- feat detect parameters in the invocation line [\\#202](https://github.com/mintproject/mic/issues/202)\r\n\r\n**Merged pull requests:**\r\n\r\n- Edit: add mic.log field to bug report template \\(\\#279\\) [\\#280](https://github.com/mintproject/mic/pull/280) ([mosoriob](https://github.com/mosoriob))\r\n- Edit: add mic.log field to bug report template [\\#279](https://github.com/mintproject/mic/pull/279) ([Cmheidelberg](https://github.com/Cmheidelberg))",
                "tarballUrl": "https://api.github.com/repos/mintproject/mic/tarball/1.3.1",
                "zipballUrl": "https://api.github.com/repos/mintproject/mic/zipball/1.3.1",
                "htmlUrl": "https://github.com/mintproject/mic/releases/tag/1.3.1",
                "url": "https://api.github.com/repos/mintproject/mic/releases/29005153",
                "dateCreated": "2020-07-27T20:01:39Z",
                "datePublished": "2020-07-27T21:28:40Z"
            },
            {
                "tagName": "1.3.0",
                "name": "1.3.0",
                "authorName": "mosoriob",
                "authorType": "User",
                "body": " ## [1.3.0](https://github.com/mintproject/mic/tree/1.3.0) (2020-07-27)\r\n\r\n [Full Changelog](https://github.com/mintproject/mic/compare/1.2.1...1.3.0)\r\n\r\n **Fixed bugs:**\r\n\r\n - MIC is not committing the container [\\#265](https://github.com/mintproject/mic/issues/265)\r\n - Error when uploading component [\\#260](https://github.com/mintproject/mic/issues/260)\r\n - parameters should be automatically in run.sh [\\#254](https://github.com/mintproject/mic/issues/254)\r\n\r\n **Closed issues:**\r\n\r\n - Track debug info into a log file [\\#262](https://github.com/mintproject/mic/issues/262)\r\n - Shorten commands [\\#215](https://github.com/mintproject/mic/issues/215)",
                "tarballUrl": "https://api.github.com/repos/mintproject/mic/tarball/1.3.0",
                "zipballUrl": "https://api.github.com/repos/mintproject/mic/zipball/1.3.0",
                "htmlUrl": "https://github.com/mintproject/mic/releases/tag/1.3.0",
                "url": "https://api.github.com/repos/mintproject/mic/releases/28998527",
                "dateCreated": "2020-07-27T18:00:50Z",
                "datePublished": "2020-07-27T18:03:34Z"
            },
            {
                "tagName": "1.2.0",
                "name": "1.2.0",
                "authorName": "mosoriob",
                "authorType": "User",
                "body": "## [1.2.0](https://github.com/mintproject/mic/tree/1.2.0) (2020-07-13)\r\n\r\n[Full Changelog](https://github.com/mintproject/mic/compare/1.1.1...1.2.0)\r\n\r\n**Fixed bugs:**\r\n\r\n- Allow to upload dt without mc [\\#252](https://github.com/mintproject/mic/issues/252)\r\n- Inputs should be automatically in run.sh [\\#203](https://github.com/mintproject/mic/issues/203)\r\n- Fix permissions of outputs [\\#142](https://github.com/mintproject/mic/issues/142)\r\n",
                "tarballUrl": "https://api.github.com/repos/mintproject/mic/tarball/1.2.0",
                "zipballUrl": "https://api.github.com/repos/mintproject/mic/zipball/1.2.0",
                "htmlUrl": "https://github.com/mintproject/mic/releases/tag/1.2.0",
                "url": "https://api.github.com/repos/mintproject/mic/releases/28515916",
                "dateCreated": "2020-07-13T19:18:02Z",
                "datePublished": "2020-07-13T19:23:42Z"
            },
            {
                "tagName": "1.0.1",
                "name": "1.0.1",
                "authorName": "mosoriob",
                "authorType": "User",
                "body": "**Implemented enhancements:**\r\n\r\n- When publishing, show the URL of the model configuration [\\#201](https://github.com/mintproject/mic/issues/201)\r\n- Ease how parameters are declared [\\#160](https://github.com/mintproject/mic/issues/160)\r\n- Improve definitions with examples [\\#70](https://github.com/mintproject/mic/issues/70)\r\n\r\n**Fixed bugs:**\r\n\r\n- gitignore is missing [\\#209](https://github.com/mintproject/mic/issues/209)\r\n- \\[inputs command\\] remove outputs from inputs is not working well [\\#208](https://github.com/mintproject/mic/issues/208)\r\n- Step6 crashes if user does not edit Dockerfile [\\#151](https://github.com/mintproject/mic/issues/151)\r\n- github push will fail if remote repository is ahead of local  [\\#88](https://github.com/mintproject/mic/issues/88)\r\n\r\n\r\n\r\n**Merged pull requests:**\r\n\r\n- Release v1.0.1 [\\#232](https://github.com/mintproject/mic/pull/232) ([sirspock](https://github.com/sirspock))\r\n- F\\#185 [\\#230](https://github.com/mintproject/mic/pull/230) ([Cmheidelberg](https://github.com/Cmheidelberg))\r\n- F\\#209 [\\#229](https://github.com/mintproject/mic/pull/229) ([Cmheidelberg](https://github.com/Cmheidelberg))\r\n- fix: allow to upload a datatransformation [\\#228](https://github.com/mintproject/mic/pull/228) ([sirspock](https://github.com/sirspock))\r\n- fix: add docker image option [\\#226](https://github.com/mintproject/mic/pull/226) ([sirspock](https://github.com/sirspock))\r\n- add yaml comments and improve detection of code [\\#225](https://github.com/mintproject/mic/pull/225) ([sirspock](https://github.com/sirspock))\r\n- \\#223  fix: detect binary reprozip inside the default\\_path as code\\_file [\\#224](https://github.com/mintproject/mic/pull/224) ([sirspock](https://github.com/sirspock))\r\n- Yaml comments [\\#221](https://github.com/mintproject/mic/pull/221) ([Cmheidelberg](https://github.com/Cmheidelberg))",
                "tarballUrl": "https://api.github.com/repos/mintproject/mic/tarball/1.0.1",
                "zipballUrl": "https://api.github.com/repos/mintproject/mic/zipball/1.0.1",
                "htmlUrl": "https://github.com/mintproject/mic/releases/tag/1.0.1",
                "url": "https://api.github.com/repos/mintproject/mic/releases/28271986",
                "dateCreated": "2020-07-06T19:25:58Z",
                "datePublished": "2020-07-06T19:49:04Z"
            },
            {
                "tagName": "1.0.0",
                "name": "MIC encapsulation v1.0.0",
                "authorName": "mosoriob",
                "authorType": "User",
                "body": "\r\nThis version of MIC includes the following capabilities:\r\n\r\n - Start from a local directory where the model is available\r\n - Detect the framework/language used by the model component (python, conda, java, general)\r\n - Extract dependencies according to  the framework/language (pip is supported)\r\n - Create a Linux environment using Docker\r\n - Trace the command\r\n - Detect the configuration files\r\n - Detect the inputs and code files\r\n - Detect the outputs\r\n - Generate the  MIC wrapper\r\n - Test the component that has been generated locally and  extract dependencies installed by the user (pip is supported)\r\n - Build and publish the Docker Image to DockerHub and code to GitHub\r\n - Add the component as a model configuration in the MINT model catalog\r\n\r\n",
                "tarballUrl": "https://api.github.com/repos/mintproject/mic/tarball/1.0.0",
                "zipballUrl": "https://api.github.com/repos/mintproject/mic/zipball/1.0.0",
                "htmlUrl": "https://github.com/mintproject/mic/releases/tag/1.0.0",
                "url": "https://api.github.com/repos/mintproject/mic/releases/27977937",
                "dateCreated": "2020-06-26T22:56:05Z",
                "datePublished": "2020-06-26T23:05:05Z"
            },
            {
                "tagName": "0.4.4",
                "name": "0.4.4 Improvements ",
                "authorName": "mosoriob",
                "authorType": "User",
                "body": "* Update README.md (b155db0)\r\n* Improved outputs (#135) (4eb383e)\r\n* fix: tests (#137) (9b371b7)\r\n* Update .travis.yml (c3ef3ea)\r\n* Update overview.png (2499d30)\r\n* documentation updates (9213603)",
                "tarballUrl": "https://api.github.com/repos/mintproject/mic/tarball/0.4.4",
                "zipballUrl": "https://api.github.com/repos/mintproject/mic/zipball/0.4.4",
                "htmlUrl": "https://github.com/mintproject/mic/releases/tag/0.4.4",
                "url": "https://api.github.com/repos/mintproject/mic/releases/27336535",
                "dateCreated": "2020-06-08T17:27:33Z",
                "datePublished": "2020-06-08T17:30:47Z"
            },
            {
                "tagName": "0.4.2",
                "name": "0.4.2 Improvements",
                "authorName": "mosoriob",
                "authorType": "User",
                "body": "- Detect Python dependencies installed by pip\r\n- Improve message to users.\r\n- Improve the handle of outputs",
                "tarballUrl": "https://api.github.com/repos/mintproject/mic/tarball/0.4.2",
                "zipballUrl": "https://api.github.com/repos/mintproject/mic/zipball/0.4.2",
                "htmlUrl": "https://github.com/mintproject/mic/releases/tag/0.4.2",
                "url": "https://api.github.com/repos/mintproject/mic/releases/27271219",
                "dateCreated": "2020-06-05T16:30:31Z",
                "datePublished": "2020-06-05T16:32:41Z"
            },
            {
                "tagName": "0.4.1",
                "name": "MIC 0.4.1: End to end encapsulation (alpha)",
                "authorName": "dgarijo",
                "authorType": "User",
                "body": "This version of MIC includes the following capabilities:\r\n- Guide users when encapsulating a component\r\n- Test the component that has been generated locally\r\n- Publish the resultant image to DockerHub and code to GitHub\r\n- Add the component as a model configuration in the MINT model catalog",
                "tarballUrl": "https://api.github.com/repos/mintproject/mic/tarball/0.4.1",
                "zipballUrl": "https://api.github.com/repos/mintproject/mic/zipball/0.4.1",
                "htmlUrl": "https://github.com/mintproject/mic/releases/tag/0.4.1",
                "url": "https://api.github.com/repos/mintproject/mic/releases/27120930",
                "dateCreated": "2020-06-02T02:47:26Z",
                "datePublished": "2020-06-02T04:44:09Z"
            }
        ],
        "confidence": [
            1.0
        ],
        "technique": "GitHub API"
    },
    "inspect4py": {
        "software_type": "package",
        "run": [
            "mic"
        ]
    }
}