{
    "description": [
        {
            "excerpt": "This is a proof of concept visualization of geospatial datasets that follow MINT NetCDF convention as described in <a href=\"https://github.com/mintproject/MINT-NetCDF-Convention\">this proposal</a>.  \n",
            "confidence": [
                [
                    0.9759222649170853
                ]
            ],
            "technique": "Supervised classification",
            "originalHeader": "MINT GeoViz"
        },
        {
            "excerpt": "Interactive visualization for geospatial datasets",
            "confidence": [
                1.0
            ],
            "technique": "GitHub API"
        }
    ],
    "longTitle": {
        "excerpt": "MINT GeoViz",
        "confidence": [
            1.0
        ],
        "technique": "Regular expression"
    },
    "image": [
        {
            "excerpt": "https://raw.githubusercontent.com/mintproject/MINT-GeoViz/master/assets/fldas_latlon_cross.gif",
            "confidence": [
                1.0
            ],
            "technique": "Regular expression"
        },
        {
            "excerpt": "https://raw.githubusercontent.com/mintproject/MINT-GeoViz/master/assets/fldas-demo-part1-4.gif",
            "confidence": [
                1.0
            ],
            "technique": "Regular expression"
        },
        {
            "excerpt": "https://raw.githubusercontent.com/mintproject/MINT-GeoViz/master/assets/fldas-demo-part1-3.gif",
            "confidence": [
                1.0
            ],
            "technique": "Regular expression"
        },
        {
            "excerpt": "https://raw.githubusercontent.com/mintproject/MINT-GeoViz/master/assets/fldas-demo-part1-2.gif",
            "confidence": [
                1.0
            ],
            "technique": "Regular expression"
        },
        {
            "excerpt": "https://raw.githubusercontent.com/mintproject/MINT-GeoViz/master/assets/fldas-demo-part1-1.gif",
            "confidence": [
                1.0
            ],
            "technique": "Regular expression"
        }
    ],
    "codeRepository": {
        "excerpt": "https://github.com/mintproject/MINT-GeoViz",
        "confidence": [
            1.0
        ],
        "technique": "GitHub API"
    },
    "owner": {
        "excerpt": "mintproject",
        "confidence": [
            1.0
        ],
        "technique": "GitHub API"
    },
    "ownerType": {
        "excerpt": "Organization",
        "confidence": [
            1.0
        ],
        "technique": "GitHub API"
    },
    "dateCreated": {
        "excerpt": "2019-07-31T23:50:30Z",
        "confidence": [
            1.0
        ],
        "technique": "GitHub API"
    },
    "dateModified": {
        "excerpt": "2019-11-04T20:26:54Z",
        "confidence": [
            1.0
        ],
        "technique": "GitHub API"
    },
    "name": {
        "excerpt": "MINT-GeoViz",
        "confidence": [
            1.0
        ],
        "technique": "GitHub API"
    },
    "fullName": {
        "excerpt": "mintproject/MINT-GeoViz",
        "confidence": [
            1.0
        ],
        "technique": "GitHub API"
    },
    "issueTracker": {
        "excerpt": "https://api.github.com/repos/mintproject/MINT-GeoViz/issues",
        "confidence": [
            1.0
        ],
        "technique": "GitHub API"
    },
    "forksUrl": {
        "excerpt": "https://api.github.com/repos/mintproject/MINT-GeoViz/forks",
        "confidence": [
            1.0
        ],
        "technique": "GitHub API"
    },
    "downloadUrl": {
        "excerpt": "https://github.com/mintproject/MINT-GeoViz/releases",
        "confidence": [
            1.0
        ],
        "technique": "GitHub API"
    },
    "stargazersCount": {
        "excerpt": {
            "count": 0,
            "date": "Wed, 18 May 2022 21:33:53 GMT"
        },
        "confidence": [
            1.0
        ],
        "technique": "GitHub API"
    },
    "forksCount": {
        "excerpt": {
            "count": 1,
            "date": "Wed, 18 May 2022 21:33:53 GMT"
        },
        "confidence": [
            1.0
        ],
        "technique": "GitHub API"
    },
    "languages": {
        "excerpt": [
            "Python",
            "Shell"
        ],
        "confidence": [
            1.0
        ],
        "technique": "GitHub API"
    },
    "readmeUrl": {
        "excerpt": "https://raw.githubusercontent.com/mintproject/MINT-GeoViz/master/README.md",
        "confidence": [
            1.0
        ],
        "technique": "GitHub API"
    },
    "hasExecutableNotebook": {
        "excerpt": [
            "https://raw.githubusercontent.com/mintproject/MINT-GeoViz/master/examples/notebooks/13-fixing-river-demo.ipynb",
            "https://raw.githubusercontent.com/mintproject/MINT-GeoViz/master/examples/notebooks/fldas_boxedit_roi_curves.ipynb",
            "https://raw.githubusercontent.com/mintproject/MINT-GeoViz/master/examples/notebooks/02-data-ingestion-2-multiple-files.ipynb",
            "https://raw.githubusercontent.com/mintproject/MINT-GeoViz/master/examples/notebooks/14-debugging.ipynb",
            "https://raw.githubusercontent.com/mintproject/MINT-GeoViz/master/examples/notebooks/08-demo-FLDAS-dashboard.ipynb",
            "https://raw.githubusercontent.com/mintproject/MINT-GeoViz/master/examples/notebooks/netCDF_tutorial.ipynb",
            "https://raw.githubusercontent.com/mintproject/MINT-GeoViz/master/examples/notebooks/test-netCDF-transformation.ipynb",
            "https://raw.githubusercontent.com/mintproject/MINT-GeoViz/master/examples/notebooks/01-hayley-data-ingestion.ipynb",
            "https://raw.githubusercontent.com/mintproject/MINT-GeoViz/master/examples/notebooks/11-river-demo.ipynb",
            "https://raw.githubusercontent.com/mintproject/MINT-GeoViz/master/examples/notebooks/10-demo-FLDAS-dashbord-v2.ipynb",
            "https://raw.githubusercontent.com/mintproject/MINT-GeoViz/master/examples/notebooks/11-FLDAS.ipynb",
            "https://raw.githubusercontent.com/mintproject/MINT-GeoViz/master/examples/notebooks/06-panel-fldas-dashboard.ipynb",
            "https://raw.githubusercontent.com/mintproject/MINT-GeoViz/master/examples/notebooks/04-hayley-tutorial-gv-shape-and-overlay.ipynb",
            "https://raw.githubusercontent.com/mintproject/MINT-GeoViz/master/examples/notebooks/15-river-demo-interp.ipynb",
            "https://raw.githubusercontent.com/mintproject/MINT-GeoViz/master/examples/notebooks/09-demo-FLDAS-WIP.ipynb",
            "https://raw.githubusercontent.com/mintproject/MINT-GeoViz/master/examples/notebooks/000-hayley-tutorial-template.ipynb",
            "https://raw.githubusercontent.com/mintproject/MINT-GeoViz/master/examples/notebooks/03-hayley-holoviews-dimensioned-containers.ipynb",
            "https://raw.githubusercontent.com/mintproject/MINT-GeoViz/master/examples/notebooks/05-datashader_intro.ipynb",
            "https://raw.githubusercontent.com/mintproject/MINT-GeoViz/master/examples/notebooks/01_xarray_intro.ipynb",
            "https://raw.githubusercontent.com/mintproject/MINT-GeoViz/master/examples/notebooks/12-demo-river.ipynb",
            "https://raw.githubusercontent.com/mintproject/MINT-GeoViz/master/examples/notebooks/11-river-demo-working-version.ipynb",
            "https://raw.githubusercontent.com/mintproject/MINT-GeoViz/master/examples/notebooks/07-demo-FLDAS-dashboard.ipynb",
            "https://raw.githubusercontent.com/mintproject/MINT-GeoViz/master/examples/notebooks/00-hayley-fldas-viz.ipynb"
        ],
        "confidence": [
            1.0
        ],
        "technique": "File Exploration",
        "format": "jupyter notebook"
    },
    "hasScriptFile": {
        "excerpt": [
            "https://raw.githubusercontent.com/mintproject/MINT-GeoViz/master/install_conda.sh"
        ],
        "confidence": [
            1.0
        ],
        "technique": "File Exploration"
    },
    "inspect4py": {
        "software_type": "script",
        "run": "python /Users/dakixr/Desktop/github/scc/tmp/metadata/KnowledgeCaptureAndDiscoveryANDmintproject/MINT-GeoViz/examples/utils/geo_helpers.py"
    }
}