{
    "longTitle": {
        "excerpt": "Installation guide MINT",
        "confidence": [
            1.0
        ],
        "technique": "Regular expression"
    },
    "installation": [
        {
            "originalHeader": "Installation guide MINT",
            "excerpt": "This repository contains the `docker-compose` files to install all MINT services on your server.\n",
            "confidence": [
                1.0
            ],
            "technique": "Header extraction"
        },
        {
            "originalHeader": "Status",
            "excerpt": "- [x] Deploy the services\n    - [x] UI\n    - [x] Model Catalog API and database\n    - [x] Hasura (graphql)\n    - [x] Cromo\n    - [x] Data Catalog and database\n    - [ ] Ensemble Manager (execution) - Needs testing\n- [x] Deploy the HTTP gateway\n- [ ] CI installation using webhook\n\n",
            "parentHeader": [
                "Installation guide MINT"
            ],
            "confidence": [
                1.0
            ],
            "technique": "Header extraction"
        },
        {
            "originalHeader": "Install",
            "excerpt": "0. Clone the repository `git clone --recurse-submodules https://github.com/mintproject/installation_public.git`\n1. Go to the [kong](kong) and follow the instructions\n2. Go to the [hasura](https://github.com/mintproject/graphql_schema) and follow the instructions\n3. [Configure the MINT-UI](https://github.com/mintproject/mint-ui-lit/#installation) to work with your deployment\n4. Go to the [mint](mint) and follow the instructions\n",
            "parentHeader": [
                "Installation guide MINT"
            ],
            "confidence": [
                1.0
            ],
            "technique": "Header extraction"
        }
    ],
    "codeRepository": {
        "excerpt": "https://github.com/mintproject/installation_public",
        "confidence": [
            1.0
        ],
        "technique": "GitHub API"
    },
    "owner": {
        "excerpt": "mintproject",
        "confidence": [
            1.0
        ],
        "technique": "GitHub API"
    },
    "ownerType": {
        "excerpt": "Organization",
        "confidence": [
            1.0
        ],
        "technique": "GitHub API"
    },
    "dateCreated": {
        "excerpt": "2021-06-02T22:32:26Z",
        "confidence": [
            1.0
        ],
        "technique": "GitHub API"
    },
    "dateModified": {
        "excerpt": "2021-12-16T18:30:44Z",
        "confidence": [
            1.0
        ],
        "technique": "GitHub API"
    },
    "description": [
        {
            "excerpt": "A repository to install mint on your server",
            "confidence": [
                1.0
            ],
            "technique": "GitHub API"
        }
    ],
    "name": {
        "excerpt": "installation_public",
        "confidence": [
            1.0
        ],
        "technique": "GitHub API"
    },
    "fullName": {
        "excerpt": "mintproject/installation_public",
        "confidence": [
            1.0
        ],
        "technique": "GitHub API"
    },
    "issueTracker": {
        "excerpt": "https://api.github.com/repos/mintproject/installation_public/issues",
        "confidence": [
            1.0
        ],
        "technique": "GitHub API"
    },
    "forksUrl": {
        "excerpt": "https://api.github.com/repos/mintproject/installation_public/forks",
        "confidence": [
            1.0
        ],
        "technique": "GitHub API"
    },
    "downloadUrl": {
        "excerpt": "https://github.com/mintproject/installation_public/releases",
        "confidence": [
            1.0
        ],
        "technique": "GitHub API"
    },
    "stargazersCount": {
        "excerpt": {
            "count": 0,
            "date": "Wed, 18 May 2022 21:48:18 GMT"
        },
        "confidence": [
            1.0
        ],
        "technique": "GitHub API"
    },
    "forksCount": {
        "excerpt": {
            "count": 0,
            "date": "Wed, 18 May 2022 21:48:18 GMT"
        },
        "confidence": [
            1.0
        ],
        "technique": "GitHub API"
    },
    "languages": {
        "excerpt": [
            "Shell",
            "PLpgSQL",
            "Perl",
            "ASL",
            "Dockerfile",
            "Makefile"
        ],
        "confidence": [
            1.0
        ],
        "technique": "GitHub API"
    },
    "readmeUrl": {
        "excerpt": "https://raw.githubusercontent.com/mintproject/installation_public/master/README.md",
        "confidence": [
            1.0
        ],
        "technique": "GitHub API"
    },
    "hasBuildFile": [
        {
            "excerpt": [
                "https://raw.githubusercontent.com/mintproject/installation_public/master/nagios/docker-compose.yml",
                "https://raw.githubusercontent.com/mintproject/installation_public/master/mint/docker-compose.yml",
                "https://raw.githubusercontent.com/mintproject/installation_public/master/kong/docker-compose.yml"
            ],
            "confidence": [
                1.0
            ],
            "technique": "File Exploration",
            "format": "Docker compose file"
        },
        {
            "excerpt": [
                "https://raw.githubusercontent.com/mintproject/installation_public/master/kong/Dockerfile",
                "https://raw.githubusercontent.com/mintproject/installation_public/master/kong/docker/keycloak/Dockerfile"
            ],
            "confidence": [
                1.0
            ],
            "technique": "File Exploration",
            "format": "Docker file"
        }
    ],
    "hasScriptFile": {
        "excerpt": [
            "https://raw.githubusercontent.com/mintproject/installation_public/master/install.sh",
            "https://raw.githubusercontent.com/mintproject/installation_public/master/kong/generate_config.sh"
        ],
        "confidence": [
            1.0
        ],
        "technique": "File Exploration"
    }
}