{
    "description": [
        {
            "excerpt": "This Python package is automatically generated by the [OpenAPI Generator](https://openapi-generator.tech) project: \n",
            "confidence": [
                [
                    0.9435966255072976
                ]
            ],
            "technique": "Supervised classification",
            "originalHeader": "datacatalog-api"
        }
    ],
    "installation": [
        {
            "originalHeader": "Setuptools",
            "excerpt": "Install via [Setuptools](http://pypi.python.org/pypi/setuptools).\n\n```sh\npython setup.py install --user\n```\n(or `sudo python setup.py install` to install the package for all users)\n\nThen import the package:\n```python\nimport datacatalog\n```\n",
            "parentHeader": [
                "datacatalog-api",
                "Installation &amp; Usage"
            ],
            "confidence": [
                1.0
            ],
            "technique": "Header extraction"
        },
        {
            "originalHeader": "pip install",
            "excerpt": "If the python package is hosted on a repository, you can install directly using:\n\n```sh\npip install git+https://github.com/GIT_USER_ID/GIT_REPO_ID.git\n```\n(you may need to run `pip` with root permission: `sudo pip install git+https://github.com/GIT_USER_ID/GIT_REPO_ID.git`)\n\nThen import the package:\n```python\nimport datacatalog \n```\n",
            "parentHeader": [
                "datacatalog-api",
                "Installation &amp; Usage"
            ],
            "confidence": [
                1.0
            ],
            "technique": "Header extraction"
        },
        {
            "excerpt": "- API version: 1.0.0\n- Package version: 0.0.1\n- Build package: org.openapitools.codegen.languages.PythonClientCodegen\n \n",
            "confidence": [
                [
                    0.9471733056618963
                ]
            ],
            "technique": "Supervised classification",
            "originalHeader": "datacatalog-api"
        }
    ],
    "longTitle": {
        "excerpt": "datacatalog-api",
        "confidence": [
            1.0
        ],
        "technique": "Regular expression"
    },
    "documentation": [
        {
            "originalHeader": "Documentation for API Endpoints",
            "excerpt": "All URIs are relative to *https://api.mint-data-catalog.org*\n\nClass | Method | HTTP request | Description\n------------ | ------------- | ------------- | -------------\n*DatasetsApi* | [**dataset_resources**](docs/DatasetsApi.md#dataset_resources) | **POST** /datasets/dataset_resources | List all resources for this dataset\n*DatasetsApi* | [**dataset_standard_variables**](docs/DatasetsApi.md#dataset_standard_variables) | **POST** /datasets/dataset_standard_variables | List all standard_variables for this dataset\n*DatasetsApi* | [**dataset_variables**](docs/DatasetsApi.md#dataset_variables) | **POST** /datasets/dataset_variables | List all variables for this dataset\n*DatasetsApi* | [**datasets_search**](docs/DatasetsApi.md#datasets_search) | **POST** /datasets/search | Full-text search of datasets\n*DatasetsApi* | [**find_datasets**](docs/DatasetsApi.md#find_datasets) | **POST** /find_datasets | Search datasets by name, id, or standard variables\n*DatasetsApi* | [**get_dataset_info**](docs/DatasetsApi.md#get_dataset_info) | **POST** /datasets/get_dataset_info | Detailed information about the dataset\n*DatasetsApi* | [**register_datasets**](docs/DatasetsApi.md#register_datasets) | **POST** /datasets/register_datasets | Create dataset record(s)\n*ResourcesApi* | [**get_resource_info**](docs/ResourcesApi.md#get_resource_info) | **POST** /resources/get_resource_info | Detailed information about the resource\n*ResourcesApi* | [**register_resources**](docs/ResourcesApi.md#register_resources) | **POST** /datasets/register_resources | Create resource record(s)\n*StandardVariablesApi* | [**get_standard_variable_info**](docs/StandardVariablesApi.md#get_standard_variable_info) | **POST** /standard_variables/get_standard_variable_info | Detailed information about the standard variable\n*StandardVariablesApi* | [**register_standard_variables**](docs/StandardVariablesApi.md#register_standard_variables) | **POST** /knowledge_graph/register_standard_variables | Create standard_variable record(s)\n*VariablesApi* | [**get_variable_info**](docs/VariablesApi.md#get_variable_info) | **POST** /variables/get_variable_info | Detailed information about the variable\n*VariablesApi* | [**register_variables**](docs/VariablesApi.md#register_variables) | **POST** /datasets/register_variables | Create variable record(s)\n\n",
            "parentHeader": [
                "datacatalog-api"
            ],
            "confidence": [
                1.0
            ],
            "technique": "Header extraction"
        },
        {
            "originalHeader": "Documentation For Models",
            "excerpt": " - [Dataset](docs/Dataset.md)\n - [InlineObject](docs/InlineObject.md)\n - [InlineObject1](docs/InlineObject1.md)\n - [InlineObject10](docs/InlineObject10.md)\n - [InlineObject11](docs/InlineObject11.md)\n - [InlineObject12](docs/InlineObject12.md)\n - [InlineObject2](docs/InlineObject2.md)\n - [InlineObject3](docs/InlineObject3.md)\n - [InlineObject4](docs/InlineObject4.md)\n - [InlineObject5](docs/InlineObject5.md)\n - [InlineObject6](docs/InlineObject6.md)\n - [InlineObject7](docs/InlineObject7.md)\n - [InlineObject8](docs/InlineObject8.md)\n - [InlineObject9](docs/InlineObject9.md)\n - [InlineResponse200](docs/InlineResponse200.md)\n - [InlineResponse2001](docs/InlineResponse2001.md)\n - [InlineResponse2001Dataset](docs/InlineResponse2001Dataset.md)\n - [InlineResponse2001DatasetVariables](docs/InlineResponse2001DatasetVariables.md)\n - [InlineResponse2002](docs/InlineResponse2002.md)\n - [InlineResponse2002Dataset](docs/InlineResponse2002Dataset.md)\n - [InlineResponse2002DatasetResources](docs/InlineResponse2002DatasetResources.md)\n - [InlineResponse2003](docs/InlineResponse2003.md)\n - [InlineResponse2003Dataset](docs/InlineResponse2003Dataset.md)\n - [InlineResponse2004](docs/InlineResponse2004.md)\n - [InlineResponse2004Dataset](docs/InlineResponse2004Dataset.md)\n - [InlineResponse2004DatasetVariables](docs/InlineResponse2004DatasetVariables.md)\n - [InlineResponse2005](docs/InlineResponse2005.md)\n - [InlineResponse2005Dataset](docs/InlineResponse2005Dataset.md)\n - [InlineResponse2006](docs/InlineResponse2006.md)\n - [InlineResponse2006Dataset](docs/InlineResponse2006Dataset.md)\n - [InlineResponse2007](docs/InlineResponse2007.md)\n - [InlineResponse2007Dataset](docs/InlineResponse2007Dataset.md)\n - [InlineResponse200Dataset](docs/InlineResponse200Dataset.md)\n - [InlineResponse200DatasetStandardVariables](docs/InlineResponse200DatasetStandardVariables.md)\n - [Provenance](docs/Provenance.md)\n - [Resource](docs/Resource.md)\n - [StandardVariable](docs/StandardVariable.md)\n - [Variable](docs/Variable.md)\n\n",
            "parentHeader": [
                "datacatalog-api"
            ],
            "confidence": [
                1.0
            ],
            "technique": "Header extraction"
        },
        {
            "originalHeader": "Documentation For Authorization",
            "excerpt": " All endpoints do not require authorization.\n",
            "parentHeader": [
                "datacatalog-api"
            ],
            "confidence": [
                1.0
            ],
            "technique": "Header extraction"
        }
    ],
    "requirement": [
        {
            "originalHeader": "Requirements.",
            "excerpt": "Python 2.7 and 3.4+\n\n## Installation & Usage\n### pip install\n\nIf the python package is hosted on a repository, you can install directly using:\n\n```sh\npip install git+https://github.com/GIT_USER_ID/GIT_REPO_ID.git\n```\n(you may need to run `pip` with root permission: `sudo pip install git+https://github.com/GIT_USER_ID/GIT_REPO_ID.git`)\n\nThen import the package:\n```python\nimport datacatalog \n```\n\n### Setuptools\n\nInstall via [Setuptools](http://pypi.python.org/pypi/setuptools).\n\n```sh\npython setup.py install --user\n```\n(or `sudo python setup.py install` to install the package for all users)\n\nThen import the package:\n```python\nimport datacatalog\n```\n\n## Getting Started\n\nPlease follow the [installation procedure](#installation--usage) and then run the following:\n\n```python\nfrom __future__ import print_function\nimport time\nimport datacatalog\nfrom datacatalog.rest import ApiException\nfrom pprint import pprint\n\n\n# Defining host is optional and default to https://api.mint-data-catalog.org\nconfiguration.host = \"https://api.mint-data-catalog.org\"\n# Create an instance of the API class\napi_instance = datacatalog.DatasetsApi(datacatalog.ApiClient(configuration))\nbody = datacatalog.InlineObject3() # InlineObject3 | \n\ntry:\n    # List all resources for this dataset\n    api_response = api_instance.dataset_resources(body)\n    pprint(api_response)\nexcept ApiException as e:\n    print(\"Exception when calling DatasetsApi->dataset_resources: %s\\n\" % e)\n\n```\n\n## Documentation for API Endpoints\n\nAll URIs are relative to *https://api.mint-data-catalog.org*\n\nClass | Method | HTTP request | Description\n------------ | ------------- | ------------- | -------------\n*DatasetsApi* | [**dataset_resources**](docs/DatasetsApi.md#dataset_resources) | **POST** /datasets/dataset_resources | List all resources for this dataset\n*DatasetsApi* | [**dataset_standard_variables**](docs/DatasetsApi.md#dataset_standard_variables) | **POST** /datasets/dataset_standard_variables | List all standard_variables for this dataset\n*DatasetsApi* | [**dataset_variables**](docs/DatasetsApi.md#dataset_variables) | **POST** /datasets/dataset_variables | List all variables for this dataset\n*DatasetsApi* | [**datasets_search**](docs/DatasetsApi.md#datasets_search) | **POST** /datasets/search | Full-text search of datasets\n*DatasetsApi* | [**find_datasets**](docs/DatasetsApi.md#find_datasets) | **POST** /find_datasets | Search datasets by name, id, or standard variables\n*DatasetsApi* | [**get_dataset_info**](docs/DatasetsApi.md#get_dataset_info) | **POST** /datasets/get_dataset_info | Detailed information about the dataset\n*DatasetsApi* | [**register_datasets**](docs/DatasetsApi.md#register_datasets) | **POST** /datasets/register_datasets | Create dataset record(s)\n*ResourcesApi* | [**get_resource_info**](docs/ResourcesApi.md#get_resource_info) | **POST** /resources/get_resource_info | Detailed information about the resource\n*ResourcesApi* | [**register_resources**](docs/ResourcesApi.md#register_resources) | **POST** /datasets/register_resources | Create resource record(s)\n*StandardVariablesApi* | [**get_standard_variable_info**](docs/StandardVariablesApi.md#get_standard_variable_info) | **POST** /standard_variables/get_standard_variable_info | Detailed information about the standard variable\n*StandardVariablesApi* | [**register_standard_variables**](docs/StandardVariablesApi.md#register_standard_variables) | **POST** /knowledge_graph/register_standard_variables | Create standard_variable record(s)\n*VariablesApi* | [**get_variable_info**](docs/VariablesApi.md#get_variable_info) | **POST** /variables/get_variable_info | Detailed information about the variable\n*VariablesApi* | [**register_variables**](docs/VariablesApi.md#register_variables) | **POST** /datasets/register_variables | Create variable record(s)\n\n\n## Documentation For Models\n\n - [Dataset](docs/Dataset.md)\n - [InlineObject](docs/InlineObject.md)\n - [InlineObject1](docs/InlineObject1.md)\n - [InlineObject10](docs/InlineObject10.md)\n - [InlineObject11](docs/InlineObject11.md)\n - [InlineObject12](docs/InlineObject12.md)\n - [InlineObject2](docs/InlineObject2.md)\n - [InlineObject3](docs/InlineObject3.md)\n - [InlineObject4](docs/InlineObject4.md)\n - [InlineObject5](docs/InlineObject5.md)\n - [InlineObject6](docs/InlineObject6.md)\n - [InlineObject7](docs/InlineObject7.md)\n - [InlineObject8](docs/InlineObject8.md)\n - [InlineObject9](docs/InlineObject9.md)\n - [InlineResponse200](docs/InlineResponse200.md)\n - [InlineResponse2001](docs/InlineResponse2001.md)\n - [InlineResponse2001Dataset](docs/InlineResponse2001Dataset.md)\n - [InlineResponse2001DatasetVariables](docs/InlineResponse2001DatasetVariables.md)\n - [InlineResponse2002](docs/InlineResponse2002.md)\n - [InlineResponse2002Dataset](docs/InlineResponse2002Dataset.md)\n - [InlineResponse2002DatasetResources](docs/InlineResponse2002DatasetResources.md)\n - [InlineResponse2003](docs/InlineResponse2003.md)\n - [InlineResponse2003Dataset](docs/InlineResponse2003Dataset.md)\n - [InlineResponse2004](docs/InlineResponse2004.md)\n - [InlineResponse2004Dataset](docs/InlineResponse2004Dataset.md)\n - [InlineResponse2004DatasetVariables](docs/InlineResponse2004DatasetVariables.md)\n - [InlineResponse2005](docs/InlineResponse2005.md)\n - [InlineResponse2005Dataset](docs/InlineResponse2005Dataset.md)\n - [InlineResponse2006](docs/InlineResponse2006.md)\n - [InlineResponse2006Dataset](docs/InlineResponse2006Dataset.md)\n - [InlineResponse2007](docs/InlineResponse2007.md)\n - [InlineResponse2007Dataset](docs/InlineResponse2007Dataset.md)\n - [InlineResponse200Dataset](docs/InlineResponse200Dataset.md)\n - [InlineResponse200DatasetStandardVariables](docs/InlineResponse200DatasetStandardVariables.md)\n - [Provenance](docs/Provenance.md)\n - [Resource](docs/Resource.md)\n - [StandardVariable](docs/StandardVariable.md)\n - [Variable](docs/Variable.md)\n\n\n## Documentation For Authorization\n\n All endpoints do not require authorization.\n\n## Author\n\ndanf@usc.edu\n\n\n",
            "parentHeader": [
                "datacatalog-api"
            ],
            "confidence": [
                1.0
            ],
            "technique": "Header extraction"
        }
    ],
    "usage": [
        {
            "originalHeader": "Setuptools",
            "excerpt": "Install via [Setuptools](http://pypi.python.org/pypi/setuptools).\n\n```sh\npython setup.py install --user\n```\n(or `sudo python setup.py install` to install the package for all users)\n\nThen import the package:\n```python\nimport datacatalog\n```\n",
            "parentHeader": [
                "datacatalog-api",
                "Installation &amp; Usage"
            ],
            "confidence": [
                1.0
            ],
            "technique": "Header extraction"
        },
        {
            "originalHeader": "Getting Started",
            "excerpt": "Please follow the [installation procedure](#installation--usage) and then run the following:\n\n```python\nfrom __future__ import print_function\nimport time\nimport datacatalog\nfrom datacatalog.rest import ApiException\nfrom pprint import pprint\n\n\n# Defining host is optional and default to https://api.mint-data-catalog.org\nconfiguration.host = \"https://api.mint-data-catalog.org\"\n# Create an instance of the API class\napi_instance = datacatalog.DatasetsApi(datacatalog.ApiClient(configuration))\nbody = datacatalog.InlineObject3() # InlineObject3 | \n\ntry:\n    # List all resources for this dataset\n    api_response = api_instance.dataset_resources(body)\n    pprint(api_response)\nexcept ApiException as e:\n    print(\"Exception when calling DatasetsApi->dataset_resources: %s\\n\" % e)\n\n```\n",
            "parentHeader": [
                "datacatalog-api"
            ],
            "confidence": [
                1.0
            ],
            "technique": "Header extraction"
        }
    ],
    "codeRepository": {
        "excerpt": "https://github.com/mintproject/data-catalog-client",
        "confidence": [
            1.0
        ],
        "technique": "GitHub API"
    },
    "owner": {
        "excerpt": "mintproject",
        "confidence": [
            1.0
        ],
        "technique": "GitHub API"
    },
    "ownerType": {
        "excerpt": "Organization",
        "confidence": [
            1.0
        ],
        "technique": "GitHub API"
    },
    "dateCreated": {
        "excerpt": "2020-01-10T18:17:55Z",
        "confidence": [
            1.0
        ],
        "technique": "GitHub API"
    },
    "dateModified": {
        "excerpt": "2020-05-13T03:53:55Z",
        "confidence": [
            1.0
        ],
        "technique": "GitHub API"
    },
    "name": {
        "excerpt": "data-catalog-client",
        "confidence": [
            1.0
        ],
        "technique": "GitHub API"
    },
    "fullName": {
        "excerpt": "mintproject/data-catalog-client",
        "confidence": [
            1.0
        ],
        "technique": "GitHub API"
    },
    "issueTracker": {
        "excerpt": "https://api.github.com/repos/mintproject/data-catalog-client/issues",
        "confidence": [
            1.0
        ],
        "technique": "GitHub API"
    },
    "forksUrl": {
        "excerpt": "https://api.github.com/repos/mintproject/data-catalog-client/forks",
        "confidence": [
            1.0
        ],
        "technique": "GitHub API"
    },
    "downloadUrl": {
        "excerpt": "https://github.com/mintproject/data-catalog-client/releases",
        "confidence": [
            1.0
        ],
        "technique": "GitHub API"
    },
    "stargazersCount": {
        "excerpt": {
            "count": 1,
            "date": "Wed, 18 May 2022 21:46:01 GMT"
        },
        "confidence": [
            1.0
        ],
        "technique": "GitHub API"
    },
    "forksCount": {
        "excerpt": {
            "count": 1,
            "date": "Wed, 18 May 2022 21:46:01 GMT"
        },
        "confidence": [
            1.0
        ],
        "technique": "GitHub API"
    },
    "languages": {
        "excerpt": [
            "Python",
            "Shell"
        ],
        "confidence": [
            1.0
        ],
        "technique": "GitHub API"
    },
    "readmeUrl": {
        "excerpt": "https://raw.githubusercontent.com/mintproject/data-catalog-client/master/README.md",
        "confidence": [
            1.0
        ],
        "technique": "GitHub API"
    },
    "hasDocumentation": {
        "excerpt": [
            "https://github.com/mintproject/data-catalog-client/tree/master/docs"
        ],
        "confidence": [
            1.0
        ],
        "technique": "File Exploration"
    },
    "hasScriptFile": {
        "excerpt": [
            "https://raw.githubusercontent.com/mintproject/data-catalog-client/master/git_push.sh",
            "https://raw.githubusercontent.com/mintproject/data-catalog-client/master/generate-client.sh"
        ],
        "confidence": [
            1.0
        ],
        "technique": "File Exploration"
    },
    "releases": {
        "excerpt": [
            {
                "tagName": "v1.0",
                "name": "v1.0",
                "authorName": "dnfeldman",
                "authorType": "User",
                "body": "First release of the data catalog api client",
                "tarballUrl": "https://api.github.com/repos/mintproject/data-catalog-client/tarball/v1.0",
                "zipballUrl": "https://api.github.com/repos/mintproject/data-catalog-client/zipball/v1.0",
                "htmlUrl": "https://github.com/mintproject/data-catalog-client/releases/tag/v1.0",
                "url": "https://api.github.com/repos/mintproject/data-catalog-client/releases/26450935",
                "dateCreated": "2020-05-13T03:53:51Z",
                "datePublished": "2020-05-13T03:55:26Z"
            }
        ],
        "confidence": [
            1.0
        ],
        "technique": "GitHub API"
    },
    "inspect4py": {
        "software_type": "library",
        "run": "import datacatalog-api"
    }
}