{
    "description": [
        {
            "excerpt": "To add a new data source, you would need to write a scraper that checks the source for data availability. Assuming that the scraper is implemented, the general data sync process goes as follows: \n3) If there is a mismatch, generate a list of missing resources based on 1) and 2) \n7) Register missing resources in MINT data catalog\n \n",
            "confidence": [
                [
                    0.9047772960211017,
                    0.9573014139829488,
                    0.9390973377243342
                ]
            ],
            "technique": "Supervised classification",
            "originalHeader": "Adding new data sources",
            "parentHeader": [
                "MINT-Data-Sync"
            ]
        },
        {
            "excerpt": "Scripts to download new datasets as it becomes available and register them in MINT Data Catalog",
            "confidence": [
                1.0
            ],
            "technique": "GitHub API"
        }
    ],
    "installation": [
        {
            "excerpt": "```git clone https://github.com/mintproject/MINT-Data-Sync.git```\n \n",
            "confidence": [
                [
                    0.9662014118758282
                ]
            ],
            "technique": "Supervised classification",
            "originalHeader": "1. Clone this repo",
            "parentHeader": [
                "MINT-Data-Sync",
                "Instructions"
            ]
        }
    ],
    "longTitle": {
        "excerpt": "MINT-Data-Sync",
        "confidence": [
            1.0
        ],
        "technique": "Regular expression"
    },
    "run": [
        {
            "originalHeader": "4. Run it",
            "excerpt": "```docker run -e \"earthdata_username=REPLACE_ME\" -e \"earthdata_password=REPLACE_ME\" -e \"mint_data_username=REPLACE_ME\" -e \"mint_data_password=REPLACE_ME\" -it --rm mint-data-sync:latest```\n\nCurrently, we sync [GLDAS](https://ldas.gsfc.nasa.gov/gldas) data, which requires [Earthdata](https://earthdata.nasa.gov/) login credentials; hence the need for `earthdata_username` and `earthdata_password` credentials above.\n\nBy default, the above container will start a cron process that will trigger `sync.py` script every day at 01:00 (am). That logic can be modified\nby editing `cronjobs` file and rebuilding the Docker image\n\n",
            "parentHeader": [
                "MINT-Data-Sync",
                "Instructions"
            ],
            "confidence": [
                1.0
            ],
            "technique": "Header extraction"
        }
    ],
    "usage": [
        {
            "originalHeader": "2. Go into the directory",
            "excerpt": "```cd MINT-Data-Sync```\n",
            "parentHeader": [
                "MINT-Data-Sync",
                "Instructions"
            ],
            "confidence": [
                1.0
            ],
            "technique": "Header extraction"
        }
    ],
    "codeRepository": {
        "excerpt": "https://github.com/mintproject/MINT-Data-Sync",
        "confidence": [
            1.0
        ],
        "technique": "GitHub API"
    },
    "owner": {
        "excerpt": "mintproject",
        "confidence": [
            1.0
        ],
        "technique": "GitHub API"
    },
    "ownerType": {
        "excerpt": "Organization",
        "confidence": [
            1.0
        ],
        "technique": "GitHub API"
    },
    "dateCreated": {
        "excerpt": "2020-04-30T05:11:19Z",
        "confidence": [
            1.0
        ],
        "technique": "GitHub API"
    },
    "dateModified": {
        "excerpt": "2021-11-29T15:58:58Z",
        "confidence": [
            1.0
        ],
        "technique": "GitHub API"
    },
    "name": {
        "excerpt": "MINT-Data-Sync",
        "confidence": [
            1.0
        ],
        "technique": "GitHub API"
    },
    "fullName": {
        "excerpt": "mintproject/MINT-Data-Sync",
        "confidence": [
            1.0
        ],
        "technique": "GitHub API"
    },
    "issueTracker": {
        "excerpt": "https://api.github.com/repos/mintproject/MINT-Data-Sync/issues",
        "confidence": [
            1.0
        ],
        "technique": "GitHub API"
    },
    "forksUrl": {
        "excerpt": "https://api.github.com/repos/mintproject/MINT-Data-Sync/forks",
        "confidence": [
            1.0
        ],
        "technique": "GitHub API"
    },
    "downloadUrl": {
        "excerpt": "https://github.com/mintproject/MINT-Data-Sync/releases",
        "confidence": [
            1.0
        ],
        "technique": "GitHub API"
    },
    "stargazersCount": {
        "excerpt": {
            "count": 1,
            "date": "Wed, 18 May 2022 21:46:54 GMT"
        },
        "confidence": [
            1.0
        ],
        "technique": "GitHub API"
    },
    "forksCount": {
        "excerpt": {
            "count": 1,
            "date": "Wed, 18 May 2022 21:46:54 GMT"
        },
        "confidence": [
            1.0
        ],
        "technique": "GitHub API"
    },
    "languages": {
        "excerpt": [
            "Python",
            "Dockerfile"
        ],
        "confidence": [
            1.0
        ],
        "technique": "GitHub API"
    },
    "readmeUrl": {
        "excerpt": "https://raw.githubusercontent.com/mintproject/MINT-Data-Sync/master/README.md",
        "confidence": [
            1.0
        ],
        "technique": "GitHub API"
    },
    "hasBuildFile": [
        {
            "excerpt": [
                "https://raw.githubusercontent.com/mintproject/MINT-Data-Sync/master/Dockerfile"
            ],
            "confidence": [
                1.0
            ],
            "technique": "File Exploration",
            "format": "Docker file"
        }
    ],
    "inspect4py": {
        "software_type": "script",
        "run": "python /Users/dakixr/Desktop/github/scc/tmp/metadata/KnowledgeCaptureAndDiscoveryANDmintproject/MINT-Data-Sync/sync_gldas.py"
    }
}