{
    "run": [
        {
            "originalHeader": "Running examples",
            "excerpt": "[flopy](https://github.com/modflowpy/flopy) provides several [examples](https://github.com/modflowpy/flopy/blob/develop/docs/notebook_examples.md).\n\n```bash\n$ git clone https://github.com/modflowpy/flopy.git\n$ chmod -R 777 flopy/\n```\n\n```bash\n$ docker run  --rm --name modflow_notebook \\ \n  -v $PWD/flopy:/home/jovyan/work \\\n  -p 8888:8888 mintproject/modflow_models\n```\n\nTo open the notebook on your browser, copy the link starting with http://127.0.0.1:8888/\n\n```\nExecuting the command: jupyter notebook\n[I 16:52:57.686 NotebookApp] Writing notebook server cookie secret to /home/jovyan/.local/share/jupyter/runtime/notebook_cookie_secret\n[I 16:52:59.072 NotebookApp] JupyterLab extension loaded from /opt/conda/lib/python3.8/site-packages/jupyterlab\n[I 16:52:59.072 NotebookApp] JupyterLab application directory is /opt/conda/share/jupyter/lab\n[I 16:52:59.079 NotebookApp] Serving notebooks from local directory: /home/jovyan\n[I 16:52:59.079 NotebookApp] Jupyter Notebook 6.1.3 is running at:\n[I 16:52:59.079 NotebookApp] http://828f356ef4f8:8888/?token=ee363a2ff78f0866803f5ab1de070f4bd0544054e6efe9df\n[I 16:52:59.079 NotebookApp]  or http://127.0.0.1:8888/?token=ee363a2ff78f0866803f5ab1de070f4bd0544054e6efe9df\n[I 16:52:59.079 NotebookApp] Use Control-C to stop this server and shut down all kernels (twice to skip confirmation).\n[C 16:52:59.087 NotebookApp]\n\n    To access the notebook, open this file in a browser:\n        file:///home/jovyan/.local/share/jupyter/runtime/nbserver-6-open.html\n    Or copy and paste one of these URLs:\n        http://828f356ef4f8:8888/?token=ee363a2ff78f0866803f5ab1de070f4bd0544054e6efe9df\n     or http://127.0.0.1:8888/?token=ee363a2ff78f0866803f5ab1de070f4bd0544054e6efe9df\n```\n\nThe examples will be available in the directory `work/examples/Notebooks`\n\n\n",
            "parentHeader": [
                "MODFLOW models image",
                "Using Docker"
            ],
            "confidence": [
                1.0
            ],
            "technique": "Header extraction"
        }
    ],
    "usage": [
        {
            "originalHeader": "Running examples",
            "excerpt": "[flopy](https://github.com/modflowpy/flopy) provides several [examples](https://github.com/modflowpy/flopy/blob/develop/docs/notebook_examples.md).\n\n```bash\n$ git clone https://github.com/modflowpy/flopy.git\n$ chmod -R 777 flopy/\n```\n\n```bash\n$ docker run  --rm --name modflow_notebook \\ \n  -v $PWD/flopy:/home/jovyan/work \\\n  -p 8888:8888 mintproject/modflow_models\n```\n\nTo open the notebook on your browser, copy the link starting with http://127.0.0.1:8888/\n\n```\nExecuting the command: jupyter notebook\n[I 16:52:57.686 NotebookApp] Writing notebook server cookie secret to /home/jovyan/.local/share/jupyter/runtime/notebook_cookie_secret\n[I 16:52:59.072 NotebookApp] JupyterLab extension loaded from /opt/conda/lib/python3.8/site-packages/jupyterlab\n[I 16:52:59.072 NotebookApp] JupyterLab application directory is /opt/conda/share/jupyter/lab\n[I 16:52:59.079 NotebookApp] Serving notebooks from local directory: /home/jovyan\n[I 16:52:59.079 NotebookApp] Jupyter Notebook 6.1.3 is running at:\n[I 16:52:59.079 NotebookApp] http://828f356ef4f8:8888/?token=ee363a2ff78f0866803f5ab1de070f4bd0544054e6efe9df\n[I 16:52:59.079 NotebookApp]  or http://127.0.0.1:8888/?token=ee363a2ff78f0866803f5ab1de070f4bd0544054e6efe9df\n[I 16:52:59.079 NotebookApp] Use Control-C to stop this server and shut down all kernels (twice to skip confirmation).\n[C 16:52:59.087 NotebookApp]\n\n    To access the notebook, open this file in a browser:\n        file:///home/jovyan/.local/share/jupyter/runtime/nbserver-6-open.html\n    Or copy and paste one of these URLs:\n        http://828f356ef4f8:8888/?token=ee363a2ff78f0866803f5ab1de070f4bd0544054e6efe9df\n     or http://127.0.0.1:8888/?token=ee363a2ff78f0866803f5ab1de070f4bd0544054e6efe9df\n```\n\nThe examples will be available in the directory `work/examples/Notebooks`\n\n\n",
            "parentHeader": [
                "MODFLOW models image",
                "Using Docker"
            ],
            "confidence": [
                1.0
            ],
            "technique": "Header extraction"
        }
    ],
    "codeRepository": {
        "excerpt": "https://github.com/mintproject/modflow_models",
        "confidence": [
            1.0
        ],
        "technique": "GitHub API"
    },
    "owner": {
        "excerpt": "mintproject",
        "confidence": [
            1.0
        ],
        "technique": "GitHub API"
    },
    "ownerType": {
        "excerpt": "Organization",
        "confidence": [
            1.0
        ],
        "technique": "GitHub API"
    },
    "dateCreated": {
        "excerpt": "2020-09-21T23:45:44Z",
        "confidence": [
            1.0
        ],
        "technique": "GitHub API"
    },
    "dateModified": {
        "excerpt": "2020-09-23T22:49:21Z",
        "confidence": [
            1.0
        ],
        "technique": "GitHub API"
    },
    "name": {
        "excerpt": "modflow_models",
        "confidence": [
            1.0
        ],
        "technique": "GitHub API"
    },
    "fullName": {
        "excerpt": "mintproject/modflow_models",
        "confidence": [
            1.0
        ],
        "technique": "GitHub API"
    },
    "issueTracker": {
        "excerpt": "https://api.github.com/repos/mintproject/modflow_models/issues",
        "confidence": [
            1.0
        ],
        "technique": "GitHub API"
    },
    "forksUrl": {
        "excerpt": "https://api.github.com/repos/mintproject/modflow_models/forks",
        "confidence": [
            1.0
        ],
        "technique": "GitHub API"
    },
    "downloadUrl": {
        "excerpt": "https://github.com/mintproject/modflow_models/releases",
        "confidence": [
            1.0
        ],
        "technique": "GitHub API"
    },
    "stargazersCount": {
        "excerpt": {
            "count": 0,
            "date": "Wed, 18 May 2022 21:47:32 GMT"
        },
        "confidence": [
            1.0
        ],
        "technique": "GitHub API"
    },
    "forksCount": {
        "excerpt": {
            "count": 0,
            "date": "Wed, 18 May 2022 21:47:32 GMT"
        },
        "confidence": [
            1.0
        ],
        "technique": "GitHub API"
    },
    "languages": {
        "excerpt": [
            "Dockerfile"
        ],
        "confidence": [
            1.0
        ],
        "technique": "GitHub API"
    },
    "readmeUrl": {
        "excerpt": "https://raw.githubusercontent.com/mintproject/modflow_models/master/README.md",
        "confidence": [
            1.0
        ],
        "technique": "GitHub API"
    },
    "hasBuildFile": [
        {
            "excerpt": [
                "https://raw.githubusercontent.com/mintproject/modflow_models/master/Dockerfile"
            ],
            "confidence": [
                1.0
            ],
            "technique": "File Exploration",
            "format": "Docker file"
        }
    ]
}