{
    "description": [
        {
            "excerpt": "An standalone version of the MINT Model Catalog. \n",
            "confidence": [
                [
                    0.9594295531165538
                ]
            ],
            "technique": "Supervised classification",
            "originalHeader": "Mint Model Catalog Explorer <a href=\"https://travis-ci.org/mintproject/model-catalog-explorer\"><img alt=\"Build Status\" src=\"https://travis-ci.org/mintproject/model-catalog-explorer.svg?branch=master\" /></a>"
        },
        {
            "excerpt": "An standalone version of the model catalog of MINT",
            "confidence": [
                1.0
            ],
            "technique": "GitHub API"
        }
    ],
    "installation": [
        {
            "originalHeader": "INSTALL",
            "excerpt": "yarn install\n```\n\nYou will need to set the configuration for firebase through enviroment variables:\n```\nexport FIREBASE_API_KEY=\nexport FIREBASE_AUTH_DOMAIN=\nexport FIREBASE_DATABASE_URL=\nexport FIREBASE_PROJECT_ID=\nexport FIREBASE_STORAGE_BUCKET=\nexport FIREBASE_MESSAGING_SENDER_ID=\nexport FIREBASE_APP_ID=\nexport GOOGLE_MAPS_API_KEY=\n```\n\nIf you want to add new variables, please check `webpack/base.config.ts`\n",
            "parentHeader": [
                "Mint Model Catalog Explorer <a href=\"https://travis-ci.org/mintproject/model-catalog-explorer\"><img alt=\"Build Status\" src=\"https://travis-ci.org/mintproject/model-catalog-explorer.svg?branch=master\" /></a>"
            ],
            "confidence": [
                1.0
            ],
            "technique": "Header extraction"
        },
        {
            "excerpt": "You can start the development server with:\n```\nyarn start\n``` \nOr build the development version with:\n```\nyarn create-build-dev\n```\n \n",
            "confidence": [
                [
                    0.910051702044113,
                    0.9754967285429545
                ]
            ],
            "technique": "Supervised classification",
            "originalHeader": "BUILDING",
            "parentHeader": [
                "Mint Model Catalog Explorer <a href=\"https://travis-ci.org/mintproject/model-catalog-explorer\"><img alt=\"Build Status\" src=\"https://travis-ci.org/mintproject/model-catalog-explorer.svg?branch=master\" /></a>"
            ]
        }
    ],
    "longTitle": {
        "excerpt": "Mint Model Catalog Explorer ",
        "confidence": [
            1.0
        ],
        "technique": "Regular expression"
    },
    "codeRepository": {
        "excerpt": "https://github.com/mintproject/model-catalog-explorer",
        "confidence": [
            1.0
        ],
        "technique": "GitHub API"
    },
    "owner": {
        "excerpt": "mintproject",
        "confidence": [
            1.0
        ],
        "technique": "GitHub API"
    },
    "ownerType": {
        "excerpt": "Organization",
        "confidence": [
            1.0
        ],
        "technique": "GitHub API"
    },
    "dateCreated": {
        "excerpt": "2019-08-12T17:48:37Z",
        "confidence": [
            1.0
        ],
        "technique": "GitHub API"
    },
    "dateModified": {
        "excerpt": "2021-04-04T02:07:51Z",
        "confidence": [
            1.0
        ],
        "technique": "GitHub API"
    },
    "license": {
        "excerpt": {
            "name": "Apache License 2.0",
            "url": "https://api.github.com/licenses/apache-2.0"
        },
        "confidence": [
            1.0
        ],
        "technique": "GitHub API"
    },
    "name": {
        "excerpt": "model-catalog-explorer",
        "confidence": [
            1.0
        ],
        "technique": "GitHub API"
    },
    "fullName": {
        "excerpt": "mintproject/model-catalog-explorer",
        "confidence": [
            1.0
        ],
        "technique": "GitHub API"
    },
    "issueTracker": {
        "excerpt": "https://api.github.com/repos/mintproject/model-catalog-explorer/issues",
        "confidence": [
            1.0
        ],
        "technique": "GitHub API"
    },
    "forksUrl": {
        "excerpt": "https://api.github.com/repos/mintproject/model-catalog-explorer/forks",
        "confidence": [
            1.0
        ],
        "technique": "GitHub API"
    },
    "downloadUrl": {
        "excerpt": "https://github.com/mintproject/model-catalog-explorer/releases",
        "confidence": [
            1.0
        ],
        "technique": "GitHub API"
    },
    "stargazersCount": {
        "excerpt": {
            "count": 0,
            "date": "Wed, 18 May 2022 21:36:19 GMT"
        },
        "confidence": [
            1.0
        ],
        "technique": "GitHub API"
    },
    "forksCount": {
        "excerpt": {
            "count": 1,
            "date": "Wed, 18 May 2022 21:36:19 GMT"
        },
        "confidence": [
            1.0
        ],
        "technique": "GitHub API"
    },
    "languages": {
        "excerpt": [
            "TypeScript",
            "JavaScript",
            "EJS",
            "Dockerfile",
            "Shell"
        ],
        "confidence": [
            1.0
        ],
        "technique": "GitHub API"
    },
    "licenseText": {
        "excerpt": "b'Copyright 2014 Google Inc\\n\\nLicensed under the Apache License, Version 2.0 (the \"License\");\\nyou may not use this file except in compliance with the License.\\nYou may obtain a copy of the License at\\n\\n    https://www.apache.org/licenses/LICENSE-2.0\\n\\nUnless required by applicable law or agreed to in writing, software\\ndistributed under the License is distributed on an \"AS IS\" BASIS,\\nWITHOUT WARRANTIES OR CONDITIONS OF ANY KIND, either express or implied.\\nSee the License for the specific language governing permissions and\\nlimitations under the License.\\n'",
        "confidence": [
            1.0
        ],
        "technique": "File Exploration"
    },
    "readmeUrl": {
        "excerpt": "https://raw.githubusercontent.com/mintproject/model-catalog-explorer/master/README.md",
        "confidence": [
            1.0
        ],
        "technique": "GitHub API"
    },
    "hasBuildFile": [
        {
            "excerpt": [
                "https://raw.githubusercontent.com/mintproject/model-catalog-explorer/master/docker-compose.yml"
            ],
            "confidence": [
                1.0
            ],
            "technique": "File Exploration",
            "format": "Docker compose file"
        },
        {
            "excerpt": [
                "https://raw.githubusercontent.com/mintproject/model-catalog-explorer/master/Dockerfile"
            ],
            "confidence": [
                1.0
            ],
            "technique": "File Exploration",
            "format": "Docker file"
        }
    ],
    "hasScriptFile": {
        "excerpt": [
            "https://raw.githubusercontent.com/mintproject/model-catalog-explorer/master/scripts/deploy.sh"
        ],
        "confidence": [
            1.0
        ],
        "technique": "File Exploration"
    },
    "releases": {
        "excerpt": [
            {
                "tagName": "v0.1",
                "name": "v0.1",
                "authorName": "mosoriob",
                "authorType": "User",
                "body": "",
                "tarballUrl": "https://api.github.com/repos/mintproject/model-catalog-explorer/tarball/v0.1",
                "zipballUrl": "https://api.github.com/repos/mintproject/model-catalog-explorer/zipball/v0.1",
                "htmlUrl": "https://github.com/mintproject/model-catalog-explorer/releases/tag/v0.1",
                "url": "https://api.github.com/repos/mintproject/model-catalog-explorer/releases/19414695",
                "dateCreated": "2019-08-20T17:39:46Z",
                "datePublished": "2019-08-20T18:18:43Z"
            }
        ],
        "confidence": [
            1.0
        ],
        "technique": "GitHub API"
    }
}