{
    "description": [
        {
            "excerpt": "Repository of DASH data viz apps\n \n",
            "confidence": [
                [
                    0.9796623809237699
                ]
            ],
            "technique": "Supervised classification",
            "originalHeader": "Dash"
        },
        {
            "excerpt": "Repository of DASH data viz apps",
            "confidence": [
                1.0
            ],
            "technique": "GitHub API"
        }
    ],
    "longTitle": {
        "excerpt": "Dash",
        "confidence": [
            1.0
        ],
        "technique": "Regular expression"
    },
    "run": [
        {
            "originalHeader": "Production",
            "excerpt": "```bash\ndocker-compose up -d\n```\n\nThe app is running at <http://localhost:10000>\n",
            "parentHeader": [
                "Dash",
                "How to run"
            ],
            "confidence": [
                1.0
            ],
            "technique": "Header extraction"
        },
        {
            "originalHeader": "Development",
            "excerpt": "```bash\npip install -r requirements.txt\npython main.py\n```\n\nThe app is running at <http://localhost:8050>\n",
            "parentHeader": [
                "Dash",
                "How to run"
            ],
            "confidence": [
                1.0
            ],
            "technique": "Header extraction"
        }
    ],
    "codeRepository": {
        "excerpt": "https://github.com/mintproject/Dash",
        "confidence": [
            1.0
        ],
        "technique": "GitHub API"
    },
    "owner": {
        "excerpt": "mintproject",
        "confidence": [
            1.0
        ],
        "technique": "GitHub API"
    },
    "ownerType": {
        "excerpt": "Organization",
        "confidence": [
            1.0
        ],
        "technique": "GitHub API"
    },
    "dateCreated": {
        "excerpt": "2019-09-23T16:00:00Z",
        "confidence": [
            1.0
        ],
        "technique": "GitHub API"
    },
    "dateModified": {
        "excerpt": "2022-03-03T19:56:57Z",
        "confidence": [
            1.0
        ],
        "technique": "GitHub API"
    },
    "license": {
        "excerpt": {
            "name": "MIT License",
            "url": "https://api.github.com/licenses/mit"
        },
        "confidence": [
            1.0
        ],
        "technique": "GitHub API"
    },
    "name": {
        "excerpt": "Dash",
        "confidence": [
            1.0
        ],
        "technique": "GitHub API"
    },
    "fullName": {
        "excerpt": "mintproject/Dash",
        "confidence": [
            1.0
        ],
        "technique": "GitHub API"
    },
    "issueTracker": {
        "excerpt": "https://api.github.com/repos/mintproject/Dash/issues",
        "confidence": [
            1.0
        ],
        "technique": "GitHub API"
    },
    "forksUrl": {
        "excerpt": "https://api.github.com/repos/mintproject/Dash/forks",
        "confidence": [
            1.0
        ],
        "technique": "GitHub API"
    },
    "downloadUrl": {
        "excerpt": "https://github.com/mintproject/Dash/releases",
        "confidence": [
            1.0
        ],
        "technique": "GitHub API"
    },
    "stargazersCount": {
        "excerpt": {
            "count": 4,
            "date": "Wed, 18 May 2022 21:37:52 GMT"
        },
        "confidence": [
            1.0
        ],
        "technique": "GitHub API"
    },
    "forksCount": {
        "excerpt": {
            "count": 2,
            "date": "Wed, 18 May 2022 21:37:52 GMT"
        },
        "confidence": [
            1.0
        ],
        "technique": "GitHub API"
    },
    "languages": {
        "excerpt": [
            "Python",
            "CSS",
            "Dockerfile",
            "Shell"
        ],
        "confidence": [
            1.0
        ],
        "technique": "GitHub API"
    },
    "licenseText": {
        "excerpt": "b'MIT License\\n\\nCopyright (c) 2019 M Pearson\\n\\nPermission is hereby granted, free of charge, to any person obtaining a copy\\nof this software and associated documentation files (the \"Software\"), to deal\\nin the Software without restriction, including without limitation the rights\\nto use, copy, modify, merge, publish, distribute, sublicense, and/or sell\\ncopies of the Software, and to permit persons to whom the Software is\\nfurnished to do so, subject to the following conditions:\\n\\nThe above copyright notice and this permission notice shall be included in all\\ncopies or substantial portions of the Software.\\n\\nTHE SOFTWARE IS PROVIDED \"AS IS\", WITHOUT WARRANTY OF ANY KIND, EXPRESS OR\\nIMPLIED, INCLUDING BUT NOT LIMITED TO THE WARRANTIES OF MERCHANTABILITY,\\nFITNESS FOR A PARTICULAR PURPOSE AND NONINFRINGEMENT. IN NO EVENT SHALL THE\\nAUTHORS OR COPYRIGHT HOLDERS BE LIABLE FOR ANY CLAIM, DAMAGES OR OTHER\\nLIABILITY, WHETHER IN AN ACTION OF CONTRACT, TORT OR OTHERWISE, ARISING FROM,\\nOUT OF OR IN CONNECTION WITH THE SOFTWARE OR THE USE OR OTHER DEALINGS IN THE\\nSOFTWARE.\\n'",
        "confidence": [
            1.0
        ],
        "technique": "File Exploration"
    },
    "readmeUrl": {
        "excerpt": "https://raw.githubusercontent.com/mintproject/Dash/master/README.md",
        "confidence": [
            1.0
        ],
        "technique": "GitHub API"
    },
    "hasBuildFile": [
        {
            "excerpt": [
                "https://raw.githubusercontent.com/mintproject/Dash/master/docker-compose.yml"
            ],
            "confidence": [
                1.0
            ],
            "technique": "File Exploration",
            "format": "Docker compose file"
        },
        {
            "excerpt": [
                "https://raw.githubusercontent.com/mintproject/Dash/master/docker/flask/Dockerfile",
                "https://raw.githubusercontent.com/mintproject/Dash/master/docker/nginx/Dockerfile"
            ],
            "confidence": [
                1.0
            ],
            "technique": "File Exploration",
            "format": "Docker file"
        }
    ],
    "hasScriptFile": {
        "excerpt": [
            "https://raw.githubusercontent.com/mintproject/Dash/master/scripts/deploy.sh"
        ],
        "confidence": [
            1.0
        ],
        "technique": "File Exploration"
    },
    "inspect4py": {
        "software_type": "script",
        "run": "python /Users/dakixr/Desktop/github/scc/tmp/metadata/KnowledgeCaptureAndDiscoveryANDmintproject/Dash/main.py"
    }
}