{
    "longTitle": {
        "excerpt": "Solidity-ontology",
        "confidence": [
            1.0
        ],
        "technique": "Regular expression"
    },
    "codeRepository": {
        "excerpt": "https://github.com/oeg-upm/Solidity-ontology",
        "confidence": [
            1.0
        ],
        "technique": "GitHub API"
    },
    "owner": {
        "excerpt": "oeg-upm",
        "confidence": [
            1.0
        ],
        "technique": "GitHub API"
    },
    "ownerType": {
        "excerpt": "Organization",
        "confidence": [
            1.0
        ],
        "technique": "GitHub API"
    },
    "dateCreated": {
        "excerpt": "2021-04-15T20:13:55Z",
        "confidence": [
            1.0
        ],
        "technique": "GitHub API"
    },
    "dateModified": {
        "excerpt": "2021-11-19T16:32:34Z",
        "confidence": [
            1.0
        ],
        "technique": "GitHub API"
    },
    "name": {
        "excerpt": "Solidity-ontology",
        "confidence": [
            1.0
        ],
        "technique": "GitHub API"
    },
    "fullName": {
        "excerpt": "oeg-upm/Solidity-ontology",
        "confidence": [
            1.0
        ],
        "technique": "GitHub API"
    },
    "issueTracker": {
        "excerpt": "https://api.github.com/repos/oeg-upm/Solidity-ontology/issues",
        "confidence": [
            1.0
        ],
        "technique": "GitHub API"
    },
    "forksUrl": {
        "excerpt": "https://api.github.com/repos/oeg-upm/Solidity-ontology/forks",
        "confidence": [
            1.0
        ],
        "technique": "GitHub API"
    },
    "downloadUrl": {
        "excerpt": "https://github.com/oeg-upm/Solidity-ontology/releases",
        "confidence": [
            1.0
        ],
        "technique": "GitHub API"
    },
    "stargazersCount": {
        "excerpt": {
            "count": 1,
            "date": "Thu, 19 May 2022 10:54:58 GMT"
        },
        "confidence": [
            1.0
        ],
        "technique": "GitHub API"
    },
    "forksCount": {
        "excerpt": {
            "count": 1,
            "date": "Thu, 19 May 2022 10:54:58 GMT"
        },
        "confidence": [
            1.0
        ],
        "technique": "GitHub API"
    },
    "languages": {
        "excerpt": [
            "HTML"
        ],
        "confidence": [
            1.0
        ],
        "technique": "GitHub API"
    },
    "readmeUrl": {
        "excerpt": "https://raw.githubusercontent.com/oeg-upm/Solidity-ontology/main/README.md",
        "confidence": [
            1.0
        ],
        "technique": "GitHub API"
    },
    "ontologies": {
        "excerpt": [
            {
                "uri": "https://w3id.org/def/SolidityOntology#",
                "file_url": "https://raw.githubusercontent.com/oeg-upm/Solidity-ontology/main/SolidityOntology.owl"
            },
            {
                "uri": "https://w3id.org/def/SolidityOntology#",
                "file_url": "https://raw.githubusercontent.com/oeg-upm/Solidity-ontology/main/OnToology/SolidityOntology.owl/documentation/ontology.nt"
            },
            {
                "uri": "https://w3id.org/def/SolidityOntology#",
                "file_url": "https://raw.githubusercontent.com/oeg-upm/Solidity-ontology/main/OnToology/SolidityOntology.owl/documentation/ontology.xml"
            },
            {
                "uri": "https://w3id.org/def/SolidityOntology#",
                "file_url": "https://raw.githubusercontent.com/oeg-upm/Solidity-ontology/main/OnToology/SolidityOntology.owl/documentation/ontology.ttl"
            }
        ],
        "confidence": [
            1.0
        ],
        "technique": "File Exploration"
    }
}