{
    "description": [
        {
            "excerpt": "\r\n<b>Authors:</b>\r\nMar\u00eda Poveda-Villal\u00f3n\r\nSerge Ch\u00e1vez-Feria\r\n\r\nRepository for the web of the Chowlk project, which provides an specification to create Ontology diagrams in <a href=\"https://www.draw.io/\">drawio</a>, and a service to generate the OWL code automatically from the diagram.\r\n\r\n<b>Visual notation:</b><br>\r\nhttps://chowlk.linkeddata.es/notation.html\r\n\r\n<b>Converter:</b><br>\r\nhttps://chowlk.linkeddata.es/index.html\r\n\r\n<b>Drawio library with the diagram blocks:</b><br>\r\n\r\n1. Complete diagrams.net template:\r\n\r\n    It contains all the building blocks specified in the visual notation.\r\n    https://github.com/oeg-upm/chowlk_spec/blob/master/resources/chowlk-library-complete.xml\r\n\r\n2. Library for Domain Experts:\r\n\r\n    It contains a subset of the specification for users less versed on the OWL language.\r\n    https://github.com/oeg-upm/chowlk_spec/blob/master/resources/chowlk-library-lightweight.xml\r\n \n",
            "confidence": [
                [
                    0.9693554203689122
                ]
            ],
            "technique": "Supervised classification",
            "originalHeader": "Chowlk Ontology Visual Notation"
        },
        {
            "excerpt": "Repository for the chowlk project which aggregates the converter and the specification",
            "confidence": [
                1.0
            ],
            "technique": "GitHub API"
        }
    ],
    "longTitle": {
        "excerpt": "Chowlk Ontology Visual Notation",
        "confidence": [
            1.0
        ],
        "technique": "Regular expression"
    },
    "logo": {
        "excerpt": "https://github.com/oeg-upm/chowlk_spec/blob/master/images/logos/logo.png",
        "confidence": [
            1.0
        ],
        "technique": "Regular expression"
    },
    "codeRepository": {
        "excerpt": "https://github.com/oeg-upm/chowlk_spec",
        "confidence": [
            1.0
        ],
        "technique": "GitHub API"
    },
    "owner": {
        "excerpt": "oeg-upm",
        "confidence": [
            1.0
        ],
        "technique": "GitHub API"
    },
    "ownerType": {
        "excerpt": "Organization",
        "confidence": [
            1.0
        ],
        "technique": "GitHub API"
    },
    "dateCreated": {
        "excerpt": "2020-05-28T09:52:46Z",
        "confidence": [
            1.0
        ],
        "technique": "GitHub API"
    },
    "dateModified": {
        "excerpt": "2021-12-09T11:03:27Z",
        "confidence": [
            1.0
        ],
        "technique": "GitHub API"
    },
    "name": {
        "excerpt": "chowlk_spec",
        "confidence": [
            1.0
        ],
        "technique": "GitHub API"
    },
    "fullName": {
        "excerpt": "oeg-upm/chowlk_spec",
        "confidence": [
            1.0
        ],
        "technique": "GitHub API"
    },
    "issueTracker": {
        "excerpt": "https://api.github.com/repos/oeg-upm/chowlk_spec/issues",
        "confidence": [
            1.0
        ],
        "technique": "GitHub API"
    },
    "forksUrl": {
        "excerpt": "https://api.github.com/repos/oeg-upm/chowlk_spec/forks",
        "confidence": [
            1.0
        ],
        "technique": "GitHub API"
    },
    "downloadUrl": {
        "excerpt": "https://github.com/oeg-upm/chowlk_spec/releases",
        "confidence": [
            1.0
        ],
        "technique": "GitHub API"
    },
    "stargazersCount": {
        "excerpt": {
            "count": 1,
            "date": "Thu, 19 May 2022 10:35:12 GMT"
        },
        "confidence": [
            1.0
        ],
        "technique": "GitHub API"
    },
    "forksCount": {
        "excerpt": {
            "count": 1,
            "date": "Thu, 19 May 2022 10:35:12 GMT"
        },
        "confidence": [
            1.0
        ],
        "technique": "GitHub API"
    },
    "languages": {
        "excerpt": [
            "HTML",
            "CSS",
            "JavaScript"
        ],
        "confidence": [
            1.0
        ],
        "technique": "GitHub API"
    },
    "readmeUrl": {
        "excerpt": "https://raw.githubusercontent.com/oeg-upm/chowlk_spec/master/README.md",
        "confidence": [
            1.0
        ],
        "technique": "GitHub API"
    },
    "ontologies": {
        "excerpt": [
            {
                "uri": "https://w3id.org/def/saref4bldg#",
                "file_url": "https://raw.githubusercontent.com/oeg-upm/chowlk_spec/master/resources/saref4building.ttl"
            },
            {
                "uri": "http://bimerr.iot.linkeddata.es/def/building#",
                "file_url": "https://raw.githubusercontent.com/oeg-upm/chowlk_spec/master/resources/building.ttl"
            }
        ],
        "confidence": [
            1.0
        ],
        "technique": "File Exploration"
    },
    "releases": {
        "excerpt": [
            {
                "tagName": "v0.1.0",
                "name": "v0.1.0",
                "authorName": "Serge3006",
                "authorType": "User",
                "body": "",
                "tarballUrl": "https://api.github.com/repos/oeg-upm/chowlk_spec/tarball/v0.1.0",
                "zipballUrl": "https://api.github.com/repos/oeg-upm/chowlk_spec/zipball/v0.1.0",
                "htmlUrl": "https://github.com/oeg-upm/chowlk_spec/releases/tag/v0.1.0",
                "url": "https://api.github.com/repos/oeg-upm/chowlk_spec/releases/32781164",
                "dateCreated": "2020-10-19T15:12:02Z",
                "datePublished": "2020-10-19T21:36:26Z"
            }
        ],
        "confidence": [
            1.0
        ],
        "technique": "GitHub API"
    }
}