{
    "description": [
        {
            "excerpt": "This repository contains the source code for generating the website published at http://vocab.linkeddata.es \n",
            "confidence": [
                [
                    0.95925578465106
                ]
            ],
            "technique": "Supervised classification",
            "originalHeader": "vocab.linkeddata.es"
        },
        {
            "excerpt": "Creation of a vocabulary catalogue and website, used in http://vocab.linkeddata.es/",
            "confidence": [
                1.0
            ],
            "technique": "GitHub API"
        }
    ],
    "longTitle": {
        "excerpt": "vocab.linkeddata.es",
        "confidence": [
            1.0
        ],
        "technique": "Regular expression"
    },
    "codeRepository": {
        "excerpt": "https://github.com/oeg-upm/vocab.linkeddata.es",
        "confidence": [
            1.0
        ],
        "technique": "GitHub API"
    },
    "owner": {
        "excerpt": "oeg-upm",
        "confidence": [
            1.0
        ],
        "technique": "GitHub API"
    },
    "ownerType": {
        "excerpt": "Organization",
        "confidence": [
            1.0
        ],
        "technique": "GitHub API"
    },
    "dateCreated": {
        "excerpt": "2013-10-17T08:04:29Z",
        "confidence": [
            1.0
        ],
        "technique": "GitHub API"
    },
    "dateModified": {
        "excerpt": "2022-01-04T16:37:19Z",
        "confidence": [
            1.0
        ],
        "technique": "GitHub API"
    },
    "name": {
        "excerpt": "vocab.linkeddata.es",
        "confidence": [
            1.0
        ],
        "technique": "GitHub API"
    },
    "fullName": {
        "excerpt": "oeg-upm/vocab.linkeddata.es",
        "confidence": [
            1.0
        ],
        "technique": "GitHub API"
    },
    "issueTracker": {
        "excerpt": "https://api.github.com/repos/oeg-upm/vocab.linkeddata.es/issues",
        "confidence": [
            1.0
        ],
        "technique": "GitHub API"
    },
    "forksUrl": {
        "excerpt": "https://api.github.com/repos/oeg-upm/vocab.linkeddata.es/forks",
        "confidence": [
            1.0
        ],
        "technique": "GitHub API"
    },
    "downloadUrl": {
        "excerpt": "https://github.com/oeg-upm/vocab.linkeddata.es/releases",
        "confidence": [
            1.0
        ],
        "technique": "GitHub API"
    },
    "stargazersCount": {
        "excerpt": {
            "count": 4,
            "date": "Thu, 19 May 2022 08:56:14 GMT"
        },
        "confidence": [
            1.0
        ],
        "technique": "GitHub API"
    },
    "forksCount": {
        "excerpt": {
            "count": 10,
            "date": "Thu, 19 May 2022 08:56:14 GMT"
        },
        "confidence": [
            1.0
        ],
        "technique": "GitHub API"
    },
    "languages": {
        "excerpt": [
            "HTML",
            "Java",
            "JavaScript",
            "CSS"
        ],
        "confidence": [
            1.0
        ],
        "technique": "GitHub API"
    },
    "readmeUrl": {
        "excerpt": "https://raw.githubusercontent.com/oeg-upm/vocab.linkeddata.es/master/README.md",
        "confidence": [
            1.0
        ],
        "technique": "GitHub API"
    },
    "ontologies": {
        "excerpt": [
            {
                "uri": "http://vocab.linkeddata.es/ontology/report",
                "file_url": "https://raw.githubusercontent.com/oeg-upm/vocab.linkeddata.es/master/OnToology/ontology/reportOntology.v1.0.owl/documentation/ontology.xml"
            },
            {
                "uri": "http://vocab.linkeddata.es/ontology/report",
                "file_url": "https://raw.githubusercontent.com/oeg-upm/vocab.linkeddata.es/master/OnToology/ontology/reportOntology.v1.0.owl/documentation/ontology.ttl"
            },
            {
                "uri": "http://vocab.linkeddata.es/ontology/report",
                "file_url": "https://raw.githubusercontent.com/oeg-upm/vocab.linkeddata.es/master/ontology/reportOntology.v1.0.owl"
            }
        ],
        "confidence": [
            1.0
        ],
        "technique": "File Exploration"
    }
}