{
    "description": [
        {
            "excerpt": "Map4RDF allows visualising and interacting with Linked Geospatial Data available in any SPARQL endpoint",
            "confidence": [
                1.0
            ],
            "technique": "GitHub API"
        }
    ],
    "documentation": [
        {
            "excerpt": "https://github.com/oeg-upm/map4rdf/wiki",
            "confidence": [
                1.0
            ],
            "technique": "Regular expression",
            "type": "wiki"
        }
    ],
    "codeRepository": {
        "excerpt": "https://github.com/oeg-upm/map4rdf",
        "confidence": [
            1.0
        ],
        "technique": "GitHub API"
    },
    "owner": {
        "excerpt": "oeg-upm",
        "confidence": [
            1.0
        ],
        "technique": "GitHub API"
    },
    "ownerType": {
        "excerpt": "Organization",
        "confidence": [
            1.0
        ],
        "technique": "GitHub API"
    },
    "dateCreated": {
        "excerpt": "2014-02-28T21:44:12Z",
        "confidence": [
            1.0
        ],
        "technique": "GitHub API"
    },
    "dateModified": {
        "excerpt": "2021-01-19T20:05:01Z",
        "confidence": [
            1.0
        ],
        "technique": "GitHub API"
    },
    "license": {
        "excerpt": {
            "name": "Other"
        },
        "confidence": [
            1.0
        ],
        "technique": "GitHub API"
    },
    "name": {
        "excerpt": "map4rdf",
        "confidence": [
            1.0
        ],
        "technique": "GitHub API"
    },
    "fullName": {
        "excerpt": "oeg-upm/map4rdf",
        "confidence": [
            1.0
        ],
        "technique": "GitHub API"
    },
    "issueTracker": {
        "excerpt": "https://api.github.com/repos/oeg-upm/map4rdf/issues",
        "confidence": [
            1.0
        ],
        "technique": "GitHub API"
    },
    "forksUrl": {
        "excerpt": "https://api.github.com/repos/oeg-upm/map4rdf/forks",
        "confidence": [
            1.0
        ],
        "technique": "GitHub API"
    },
    "downloadUrl": {
        "excerpt": "https://github.com/oeg-upm/map4rdf/releases",
        "confidence": [
            1.0
        ],
        "technique": "GitHub API"
    },
    "topics": {
        "excerpt": [
            "geo",
            "geolinkeddata",
            "geosparql",
            "map4rdf"
        ],
        "confidence": [
            1.0
        ],
        "technique": "GitHub API"
    },
    "stargazersCount": {
        "excerpt": {
            "count": 10,
            "date": "Thu, 19 May 2022 08:56:34 GMT"
        },
        "confidence": [
            1.0
        ],
        "technique": "GitHub API"
    },
    "forksCount": {
        "excerpt": {
            "count": 2,
            "date": "Thu, 19 May 2022 08:56:34 GMT"
        },
        "confidence": [
            1.0
        ],
        "technique": "GitHub API"
    },
    "languages": {
        "excerpt": [
            "Java",
            "CSS",
            "JavaScript"
        ],
        "confidence": [
            1.0
        ],
        "technique": "GitHub API"
    },
    "readmeUrl": {
        "excerpt": "https://raw.githubusercontent.com/oeg-upm/map4rdf/master/README.MD",
        "confidence": [
            1.0
        ],
        "technique": "GitHub API"
    },
    "releases": {
        "excerpt": [
            {
                "tagName": "0.0.5",
                "name": "Map4RDF-0.0.5",
                "authorName": "Fransiro",
                "authorType": "User",
                "body": "Map4RDF-0.0.5\n- Multiple instances of Map4RDF on one with Multiple-configurations-files feature.\n- WKT support\n- GeoJSON support\n- GeoSPARQL support for Strabon and Virtuoso\n- Draw resources by label or by facet\n- Better visualization of Facets view\n- More default configurations to choose\n- More default maps to choose\n- More EPSG tranformations with Proj4JS\n- More Additional Information configurations (by default added)\n- Service for parse wikipedia pages\n",
                "tarballUrl": "https://api.github.com/repos/oeg-upm/map4rdf/tarball/0.0.5",
                "zipballUrl": "https://api.github.com/repos/oeg-upm/map4rdf/zipball/0.0.5",
                "htmlUrl": "https://github.com/oeg-upm/map4rdf/releases/tag/0.0.5",
                "url": "https://api.github.com/repos/oeg-upm/map4rdf/releases/3769593",
                "dateCreated": "2016-07-29T12:31:50Z",
                "datePublished": "2016-07-29T12:32:09Z"
            },
            {
                "tagName": "0.0.4a",
                "name": "Map4RDF-0.0.4a",
                "authorName": "Fransiro",
                "authorType": "User",
                "body": "This is Map4RDF-0.0.4a version.\n",
                "tarballUrl": "https://api.github.com/repos/oeg-upm/map4rdf/tarball/0.0.4a",
                "zipballUrl": "https://api.github.com/repos/oeg-upm/map4rdf/zipball/0.0.4a",
                "htmlUrl": "https://github.com/oeg-upm/map4rdf/releases/tag/0.0.4a",
                "url": "https://api.github.com/repos/oeg-upm/map4rdf/releases/2412446",
                "dateCreated": "2016-01-12T13:50:47Z",
                "datePublished": "2016-01-12T13:52:12Z"
            },
            {
                "tagName": "0.0.4",
                "name": "Map4RDF-0.0.4",
                "authorName": "Fransiro",
                "authorType": "User",
                "body": "Map4RDF-0.0.4 Beta versi\u00f3n.\n",
                "tarballUrl": "https://api.github.com/repos/oeg-upm/map4rdf/tarball/0.0.4",
                "zipballUrl": "https://api.github.com/repos/oeg-upm/map4rdf/zipball/0.0.4",
                "htmlUrl": "https://github.com/oeg-upm/map4rdf/releases/tag/0.0.4",
                "url": "https://api.github.com/repos/oeg-upm/map4rdf/releases/223680",
                "dateCreated": "2014-03-14T09:06:49Z",
                "datePublished": "2014-03-14T10:22:34Z"
            }
        ],
        "confidence": [
            1.0
        ],
        "technique": "GitHub API"
    }
}