{
    "description": [
        {
            "excerpt": "In the [openweathermap folder](./Examples/openweathermap) we can see an example of a [json file](./Examples/openweathermap/Europe-Madrid(40.4196_-3.692).json), with which the corresponding [RDF files](./RDF_Examples/openweathermap/Europe-Madrid(40.4196_-3.692).ttl) have been obtained by means of declarative mappings. \n",
            "confidence": [
                [
                    0.9591021641528265
                ]
            ],
            "technique": "Supervised classification",
            "originalHeader": "BIMERR OPEN-WEATHER-MAP FILES",
            "parentHeader": [
                "BIMERR-EPW"
            ]
        },
        {
            "excerpt": "The implementation of the code has been carried out using the [Python language](https://www.python.org/download/releases/3.0/) with the [Django library](https://www.djangoproject.com/), with which a rest service has been created with which all the tasks can be carried out in a simple way. Also, we have used [Helio](https://oeg-upm.github.io/helio/) and [RMLMapper](https://github.com/RMLio/rmlmapper-java) to achieve the transformation of the data by means of mappings to RDF format.\n \n",
            "confidence": [
                [
                    0.989934897784331
                ]
            ],
            "technique": "Supervised classification",
            "originalHeader": "CODE IMPLEMENTATION",
            "parentHeader": [
                "BIMERR-EPW"
            ]
        }
    ],
    "longTitle": {
        "excerpt": "BIMERR-EPW",
        "confidence": [
            1.0
        ],
        "technique": "Regular expression"
    },
    "codeRepository": {
        "excerpt": "https://github.com/oeg-upm/bimerr-epw",
        "confidence": [
            1.0
        ],
        "technique": "GitHub API"
    },
    "owner": {
        "excerpt": "oeg-upm",
        "confidence": [
            1.0
        ],
        "technique": "GitHub API"
    },
    "ownerType": {
        "excerpt": "Organization",
        "confidence": [
            1.0
        ],
        "technique": "GitHub API"
    },
    "dateCreated": {
        "excerpt": "2021-04-22T12:26:23Z",
        "confidence": [
            1.0
        ],
        "technique": "GitHub API"
    },
    "dateModified": {
        "excerpt": "2021-06-28T08:38:53Z",
        "confidence": [
            1.0
        ],
        "technique": "GitHub API"
    },
    "license": {
        "excerpt": {
            "name": "Apache License 2.0",
            "url": "https://api.github.com/licenses/apache-2.0"
        },
        "confidence": [
            1.0
        ],
        "technique": "GitHub API"
    },
    "name": {
        "excerpt": "bimerr-epw",
        "confidence": [
            1.0
        ],
        "technique": "GitHub API"
    },
    "fullName": {
        "excerpt": "oeg-upm/bimerr-epw",
        "confidence": [
            1.0
        ],
        "technique": "GitHub API"
    },
    "issueTracker": {
        "excerpt": "https://api.github.com/repos/oeg-upm/bimerr-epw/issues",
        "confidence": [
            1.0
        ],
        "technique": "GitHub API"
    },
    "forksUrl": {
        "excerpt": "https://api.github.com/repos/oeg-upm/bimerr-epw/forks",
        "confidence": [
            1.0
        ],
        "technique": "GitHub API"
    },
    "downloadUrl": {
        "excerpt": "https://github.com/oeg-upm/bimerr-epw/releases",
        "confidence": [
            1.0
        ],
        "technique": "GitHub API"
    },
    "stargazersCount": {
        "excerpt": {
            "count": 0,
            "date": "Thu, 19 May 2022 10:58:35 GMT"
        },
        "confidence": [
            1.0
        ],
        "technique": "GitHub API"
    },
    "forksCount": {
        "excerpt": {
            "count": 0,
            "date": "Thu, 19 May 2022 10:58:35 GMT"
        },
        "confidence": [
            1.0
        ],
        "technique": "GitHub API"
    },
    "languages": {
        "excerpt": [
            "JavaScript",
            "Python",
            "CSS",
            "HTML"
        ],
        "confidence": [
            1.0
        ],
        "technique": "GitHub API"
    },
    "licenseText": {
        "excerpt": "b'The MIT License (MIT)\\n\\nCopyright (c) 2014 Code Charm Ltd\\n\\nPermission is hereby granted, free of charge, to any person obtaining a copy of\\nthis software and associated documentation files (the \"Software\"), to deal in\\nthe Software without restriction, including without limitation the rights to\\nuse, copy, modify, merge, publish, distribute, sublicense, and/or sell copies of\\nthe Software, and to permit persons to whom the Software is furnished to do so,\\nsubject to the following conditions:\\n\\nThe above copyright notice and this permission notice shall be included in all\\ncopies or substantial portions of the Software.\\n\\nTHE SOFTWARE IS PROVIDED \"AS IS\", WITHOUT WARRANTY OF ANY KIND, EXPRESS OR\\nIMPLIED, INCLUDING BUT NOT LIMITED TO THE WARRANTIES OF MERCHANTABILITY, FITNESS\\nFOR A PARTICULAR PURPOSE AND NONINFRINGEMENT. IN NO EVENT SHALL THE AUTHORS OR\\nCOPYRIGHT HOLDERS BE LIABLE FOR ANY CLAIM, DAMAGES OR OTHER LIABILITY, WHETHER\\nIN AN ACTION OF CONTRACT, TORT OR OTHERWISE, ARISING FROM, OUT OF OR IN\\nCONNECTION WITH THE SOFTWARE OR THE USE OR OTHER DEALINGS IN THE SOFTWARE.\\n'",
        "confidence": [
            1.0
        ],
        "technique": "File Exploration"
    },
    "readmeUrl": {
        "excerpt": "https://raw.githubusercontent.com/oeg-upm/bimerr-epw/master/README.md",
        "confidence": [
            1.0
        ],
        "technique": "GitHub API"
    },
    "inspect4py": {}
}