{
    "description": [
        {
            "excerpt": "The `-v` parameter sets a local folder where the resources that are published in the API are defined. \nThe `-p` parameter defines the port where the service will be listening. In this case we've set 8080, so let's go to [http://localhost:8080/](http://localhost:8080/) from a web browser and see a welcome message like this:\n```\n  Welcome to R4R ;)\n\n```\n \nIn order to continue with the following steps, it is recommended to use a text editor such as [Atom](https://atom.io) ( with [velocity](https://atom.io/packages/atom-language-velocity), [json](https://atom.io/packages/pretty-json) and [sparql](https://atom.io/packages/language-sparql) plugins), to easily handle JSON and Sparql files.\n \n",
            "confidence": [
                [
                    0.9012692233608485,
                    0.9354057700072492,
                    0.9813739605538434
                ]
            ],
            "technique": "Supervised classification",
            "originalHeader": "Restful-API for RDF data (r4r)"
        },
        {
            "excerpt": "To retrieve data from a HTTP_GET request, simply create the file `resources/movies/get.sparql` with the following content: \nA new variable named `results` is always available from this template. It has all values retrieved in the sparql query so can be iterated to create a list of resources. In our example, a list of movies is create with two fields: `title` and `director`. \n",
            "confidence": [
                [
                    0.9042144747360157,
                    0.9620315008068134
                ]
            ],
            "technique": "Supervised classification",
            "originalHeader": "Dynamic Resources",
            "parentHeader": [
                "Restful-API for RDF data (r4r)"
            ]
        },
        {
            "excerpt": "When considering paginated queries it is necessary to set the `ORDER` option in the Sparql query. \n",
            "confidence": [
                [
                    0.9195392926085207
                ]
            ],
            "technique": "Supervised classification",
            "originalHeader": "Paginated Query",
            "parentHeader": [
                "Restful-API for RDF data (r4r)"
            ]
        },
        {
            "excerpt": "Internally, R4R adds an ORDER BY clause to the sparql query with the closest property (by using the Levenhstein distance) to the one specified in the `sort` field. \n",
            "confidence": [
                [
                    0.9462507365956468
                ]
            ],
            "technique": "Supervised classification",
            "originalHeader": "Sort Criteria",
            "parentHeader": [
                "Restful-API for RDF data (r4r)"
            ]
        },
        {
            "excerpt": "In order to recover the information of a specific resource it is enough to add the following files: \nA variable `?sid` is also available with a short version of the id (i.e without the namespace) \n",
            "confidence": [
                [
                    0.9724602756727901,
                    0.9704570565610422
                ]
            ],
            "technique": "Supervised classification",
            "originalHeader": "Query Path",
            "parentHeader": [
                "Restful-API for RDF data (r4r)"
            ]
        },
        {
            "excerpt": "Sometimes the type of the resource is required to identify it, and adding the ID to the namespace is not enough:\n    \n    \n    https://eu.dbpedia.org/movies/WarGames\n      \n",
            "confidence": [
                [
                    0.9784935159557312
                ]
            ],
            "technique": "Supervised classification",
            "originalHeader": "Nested URIs",
            "parentHeader": [
                "Restful-API for RDF data (r4r)",
                "Query Path"
            ]
        },
        {
            "excerpt": "For instance, to get the list of starring characters in the film it is enough to create the following files: \n",
            "confidence": [
                [
                    0.9875390931828003
                ]
            ],
            "technique": "Supervised classification",
            "originalHeader": "Related Resources",
            "parentHeader": [
                "Restful-API for RDF data (r4r)"
            ]
        },
        {
            "excerpt": "\nFor example, if you're using Github, you can use it to set up a hook that updates the resources for your R4R project on your staging server, whenever you push changes to the master branch of your project. \n",
            "confidence": [
                [
                    0.9257879057687715
                ]
            ],
            "technique": "Supervised classification",
            "originalHeader": "Collaborative development"
        },
        {
            "excerpt": "Restful API for RDF",
            "confidence": [
                1.0
            ],
            "technique": "GitHub API"
        }
    ],
    "citation": [
        {
            "originalHeader": "How to Cite R4R",
            "excerpt": "We kindly ask that any published research making use of the R4R framework cites our paper listed below:\n\nBadenes-Olmedo, C., Espinoza-Arias, P., Corcho, O.: R4R: Template-based REST API Framework for RDF Knowledge Graphs. In: ISWC 2021: 20th International Semantic Web Conference. Demo Track. CEUR Workshop Proceedings.\n",
            "confidence": [
                1.0
            ],
            "technique": "Header extraction"
        },
        {
            "excerpt": "\n```\nPREFIX dbo: <http://dbpedia.org/ontology/>\nPREFIX dbp: <http://dbpedia.org/property/>\nPREFIX res: <http://dbpedia.org/resource/>\nPREFIX rdf: <http://www.w3.org/1999/02/22-rdf-syntax-ns#>\nPREFIX rdfs: <http://www.w3.org/2000/01/rdf-schema#>\nPREFIX foaf: <http://xmlns.com/foaf/0.1/>\nSELECT ?m_uri ?m_title ?m_director\nWHERE {\n    ?m_uri rdf:type dbo:Film ;        \n        dbp:title ?m_title ;\n        dbo:director ?director .\n    ?director dbp:name ?m_director .\n    FILTER (lang(?m_title) = 'en') .\n    FILTER (lang(?m_director) = 'en') .\n}\n``` \n",
            "confidence": [
                [
                    0.9995439208986461
                ]
            ],
            "technique": "Supervised classification",
            "originalHeader": "Dynamic Resources",
            "parentHeader": [
                "Restful-API for RDF data (r4r)"
            ]
        },
        {
            "excerpt": "To filter by movie title, for example, just add the following condition to the sparql query (`resources/movies/get.sparql`):\n```\nPREFIX dbo: <http://dbpedia.org/ontology/>\nPREFIX dbp: <http://dbpedia.org/property/>\nPREFIX res: <http://dbpedia.org/resource/>\nPREFIX rdf: <http://www.w3.org/1999/02/22-rdf-syntax-ns#>\nPREFIX rdfs: <http://www.w3.org/2000/01/rdf-schema#>\nPREFIX foaf: <http://xmlns.com/foaf/0.1/>\nSELECT ?m_uri ?m_title ?m_director ?m_budget\nWHERE {\n    ?m_uri rdf:type dbo:Film ;        \n        dbp:title ?m_title ;\n        dbo:director ?director .\n    ?director dbp:name ?m_director .\n    FILTER (lang(?m_title) = 'en') .\n    FILTER (lang(?m_director) = 'en') .\n    OPTIONAL { ?m_uri dbo:budget ?m_budget } .\n    FILTER ( ?title = \"_empty_\" || regex(?m_title, ?title, \"i\") ) .\n}\n\n```\n \n",
            "confidence": [
                [
                    0.9997298572566538
                ]
            ],
            "technique": "Supervised classification",
            "originalHeader": "Query Parameters",
            "parentHeader": [
                "Restful-API for RDF data (r4r)"
            ]
        },
        {
            "excerpt": "And the `resources/movies/getById.json.vm` with this content:\n```\n{\n    \"title\": \"$m_name\",\n    #if ($m_country)\n      \"country\" : \"$m_country\",\n    #end\n    #if ($m_budget)\n      \"budget\" : \"$m_budget\",\n    #end\n    #if ($m_released)\n      \"released\" : \"$m_released\",\n    #end\n    \"director\" : \"$d_name\"\n}\n```\n \n",
            "confidence": [
                [
                    0.999830085804536
                ]
            ],
            "technique": "Supervised classification",
            "originalHeader": "Query Path",
            "parentHeader": [
                "Restful-API for RDF data (r4r)"
            ]
        }
    ],
    "installation": [
        {
            "excerpt": "You only need [Docker](https://docs.docker.com/install/) installed in your system. \n",
            "confidence": [
                [
                    0.9035383796264655
                ]
            ],
            "technique": "Supervised classification",
            "originalHeader": "Restful-API for RDF data (r4r)"
        },
        {
            "excerpt": "Now you can make requests like this: [http://localhost:8080/movies?title=Games](http://localhost:8080/movies?title=Games) \n",
            "confidence": [
                [
                    0.9333851687080792
                ]
            ],
            "technique": "Supervised classification",
            "originalHeader": "Query Parameters",
            "parentHeader": [
                "Restful-API for RDF data (r4r)"
            ]
        },
        {
            "excerpt": "\nFor example, if you're using Github, you can use it to set up a hook that updates the resources for your R4R project on your staging server, whenever you push changes to the master branch of your project. \nIt would be enough to create the `hooks.json` file:\n```sh\n[\n  {\n    \"id\": \"update\",\n    \"execute-command\": \"/home/cbadenes/project/hook-git.sh\",\n    \"command-working-directory\": \"\"\n  }\n]\n```\nAnd a script to run it from `nohup`:\n```sh\nnohup webhook -hooks hooks.json -verbose > nohup.log 2>&1 &\necho $! > nohup.pid\ntail -f nohup.log\n```\n\nThen, the configured command can be something like this `hook-git.sh`:\n```sh\n#!/bin/bash\necho \"Updating content\"\ngit pull origin master\n```\n \n",
            "confidence": [
                [
                    0.9033902824788947,
                    0.9761983953214235
                ]
            ],
            "technique": "Supervised classification",
            "originalHeader": "Collaborative development"
        }
    ],
    "longTitle": {
        "excerpt": "Restful-API for RDF data (r4r)",
        "confidence": [
            1.0
        ],
        "technique": "Regular expression"
    },
    "acknowledgement": [
        {
            "originalHeader": "Acknowledgments",
            "excerpt": "This research was supported by the Spanish national project Datos 4.0, and by the European Union's Horizon 2020 research and innovation programme under grant agreement No 780247: [TheyBuyForYou](http://theybuyforyou.eu).\n",
            "confidence": [
                1.0
            ],
            "technique": "Header extraction"
        }
    ],
    "documentation": [
        {
            "originalHeader": "Documentation",
            "excerpt": "Static HTML can be used to document API Rest. All files in `resources/doc` folder are available from a browser.\n\nA Swagger interface can be created by describing our services in a YAML file, as follows:\n\n```yaml\nswagger: '2.0'\ninfo:\n  description: API documentation.\n  version: 1.0.0\n  title: Swagger DBpedia Movies\n  termsOfService: 'http://swagger.io/terms/'\n  contact:\n    email: cbadenes@fi.upm.es\n  license:\n    name: Apache 2.0\n    url: 'http://www.apache.org/licenses/LICENSE-2.0.html'\nhost: localhost:8080\nbasePath: /\nschemes:\n  - http\npaths:\n  '/movies':\n    get:\n      summary: Gets a list of movies\n      operationId: getMovies\n      parameters:\n        - name: size\n          in: query\n          description: number of movie to return\n          required: false\n          type: integer\n        - name: offset\n          in: query\n          description: page of movies to return\n          required: false\n          type: integer  \n      responses:\n        '200':\n          description: OK\n          schema:\n            type: array\n            items:\n              type: object\n              properties:\n                uri:\n                  type: string\n                id:\n                  type: string\n                bonus:\n                  type: string\n                name:\n                  type: string                  \n  '/movies/{id}':\n    get:\n      summary: Find movie by ID\n      description: Returns a single movie\n      operationId: getMovieById\n      produces:\n        - application/json\n      parameters:\n        - name: id\n          in: path\n          description: ID of movie to return\n          required: true\n          type: string\n      responses:\n        '200':\n          description: successful operation\n          schema:\n            $ref: '#/definitions/Movie'\n        '400':\n          description: Invalid ID supplied\n        '404':\n          description: Movie not found\ndefinitions:\n  Movie:\n    type: object\n    required:\n      - uri\n      - director\n      - country\n    properties:\n      uri:\n        type: string\n      director:\n        type: string\n      title:\n        type: string\n      budget:\n        type: integer\n      country:\n        type: string\n      wiki:\n        type: string\n      abstract:\n        type: string\n      released:\n        type: string\n```\n\nThen, a static html description can be created from that description in [swagger editor](http://editor.swagger.io/) by selecting `Generate Client > html2` option .\n\nA new file (`index.html`) is created and would be placed into the `resources/doc` folder. In this way, our API is described in: [http://localhost:8080/doc/index.html](http://localhost:8080/doc/index.html).   \n\n",
            "parentHeader": [
                "Restful-API for RDF data (r4r)"
            ],
            "confidence": [
                1.0
            ],
            "technique": "Header extraction"
        }
    ],
    "codeRepository": {
        "excerpt": "https://github.com/oeg-upm/r4r",
        "confidence": [
            1.0
        ],
        "technique": "GitHub API"
    },
    "owner": {
        "excerpt": "oeg-upm",
        "confidence": [
            1.0
        ],
        "technique": "GitHub API"
    },
    "ownerType": {
        "excerpt": "Organization",
        "confidence": [
            1.0
        ],
        "technique": "GitHub API"
    },
    "dateCreated": {
        "excerpt": "2019-06-21T08:44:22Z",
        "confidence": [
            1.0
        ],
        "technique": "GitHub API"
    },
    "dateModified": {
        "excerpt": "2021-10-13T03:45:18Z",
        "confidence": [
            1.0
        ],
        "technique": "GitHub API"
    },
    "license": {
        "excerpt": {
            "name": "Apache License 2.0",
            "url": "https://api.github.com/licenses/apache-2.0"
        },
        "confidence": [
            1.0
        ],
        "technique": "GitHub API"
    },
    "name": {
        "excerpt": "r4r",
        "confidence": [
            1.0
        ],
        "technique": "GitHub API"
    },
    "fullName": {
        "excerpt": "oeg-upm/r4r",
        "confidence": [
            1.0
        ],
        "technique": "GitHub API"
    },
    "issueTracker": {
        "excerpt": "https://api.github.com/repos/oeg-upm/r4r/issues",
        "confidence": [
            1.0
        ],
        "technique": "GitHub API"
    },
    "forksUrl": {
        "excerpt": "https://api.github.com/repos/oeg-upm/r4r/forks",
        "confidence": [
            1.0
        ],
        "technique": "GitHub API"
    },
    "downloadUrl": {
        "excerpt": "https://github.com/oeg-upm/r4r/releases",
        "confidence": [
            1.0
        ],
        "technique": "GitHub API"
    },
    "stargazersCount": {
        "excerpt": {
            "count": 1,
            "date": "Thu, 19 May 2022 10:12:30 GMT"
        },
        "confidence": [
            1.0
        ],
        "technique": "GitHub API"
    },
    "forksCount": {
        "excerpt": {
            "count": 1,
            "date": "Thu, 19 May 2022 10:12:30 GMT"
        },
        "confidence": [
            1.0
        ],
        "technique": "GitHub API"
    },
    "languages": {
        "excerpt": [
            "Java",
            "Dockerfile"
        ],
        "confidence": [
            1.0
        ],
        "technique": "GitHub API"
    },
    "licenseText": {
        "excerpt": "b'                                 Apache License\\n                           Version 2.0, January 2004\\n                        http://www.apache.org/licenses/\\n\\n   TERMS AND CONDITIONS FOR USE, REPRODUCTION, AND DISTRIBUTION\\n\\n   1. Definitions.\\n\\n      \"License\" shall mean the terms and conditions for use, reproduction,\\n      and distribution as defined by Sections 1 through 9 of this document.\\n\\n      \"Licensor\" shall mean the copyright owner or entity authorized by\\n      the copyright owner that is granting the License.\\n\\n      \"Legal Entity\" shall mean the union of the acting entity and all\\n      other entities that control, are controlled by, or are under common\\n      control with that entity. For the purposes of this definition,\\n      \"control\" means (i) the power, direct or indirect, to cause the\\n      direction or management of such entity, whether by contract or\\n      otherwise, or (ii) ownership of fifty percent (50%) or more of the\\n      outstanding shares, or (iii) beneficial ownership of such entity.\\n\\n      \"You\" (or \"Your\") shall mean an individual or Legal Entity\\n      exercising permissions granted by this License.\\n\\n      \"Source\" form shall mean the preferred form for making modifications,\\n      including but not limited to software source code, documentation\\n      source, and configuration files.\\n\\n      \"Object\" form shall mean any form resulting from mechanical\\n      transformation or translation of a Source form, including but\\n      not limited to compiled object code, generated documentation,\\n      and conversions to other media types.\\n\\n      \"Work\" shall mean the work of authorship, whether in Source or\\n      Object form, made available under the License, as indicated by a\\n      copyright notice that is included in or attached to the work\\n      (an example is provided in the Appendix below).\\n\\n      \"Derivative Works\" shall mean any work, whether in Source or Object\\n      form, that is based on (or derived from) the Work and for which the\\n      editorial revisions, annotations, elaborations, or other modifications\\n      represent, as a whole, an original work of authorship. For the purposes\\n      of this License, Derivative Works shall not include works that remain\\n      separable from, or merely link (or bind by name) to the interfaces of,\\n      the Work and Derivative Works thereof.\\n\\n      \"Contribution\" shall mean any work of authorship, including\\n      the original version of the Work and any modifications or additions\\n      to that Work or Derivative Works thereof, that is intentionally\\n      submitted to Licensor for inclusion in the Work by the copyright owner\\n      or by an individual or Legal Entity authorized to submit on behalf of\\n      the copyright owner. For the purposes of this definition, \"submitted\"\\n      means any form of electronic, verbal, or written communication sent\\n      to the Licensor or its representatives, including but not limited to\\n      communication on electronic mailing lists, source code control systems,\\n      and issue tracking systems that are managed by, or on behalf of, the\\n      Licensor for the purpose of discussing and improving the Work, but\\n      excluding communication that is conspicuously marked or otherwise\\n      designated in writing by the copyright owner as \"Not a Contribution.\"\\n\\n      \"Contributor\" shall mean Licensor and any individual or Legal Entity\\n      on behalf of whom a Contribution has been received by Licensor and\\n      subsequently incorporated within the Work.\\n\\n   2. Grant of Copyright License. Subject to the terms and conditions of\\n      this License, each Contributor hereby grants to You a perpetual,\\n      worldwide, non-exclusive, no-charge, royalty-free, irrevocable\\n      copyright license to reproduce, prepare Derivative Works of,\\n      publicly display, publicly perform, sublicense, and distribute the\\n      Work and such Derivative Works in Source or Object form.\\n\\n   3. Grant of Patent License. Subject to the terms and conditions of\\n      this License, each Contributor hereby grants to You a perpetual,\\n      worldwide, non-exclusive, no-charge, royalty-free, irrevocable\\n      (except as stated in this section) patent license to make, have made,\\n      use, offer to sell, sell, import, and otherwise transfer the Work,\\n      where such license applies only to those patent claims licensable\\n      by such Contributor that are necessarily infringed by their\\n      Contribution(s) alone or by combination of their Contribution(s)\\n      with the Work to which such Contribution(s) was submitted. If You\\n      institute patent litigation against any entity (including a\\n      cross-claim or counterclaim in a lawsuit) alleging that the Work\\n      or a Contribution incorporated within the Work constitutes direct\\n      or contributory patent infringement, then any patent licenses\\n      granted to You under this License for that Work shall terminate\\n      as of the date such litigation is filed.\\n\\n   4. Redistribution. You may reproduce and distribute copies of the\\n      Work or Derivative Works thereof in any medium, with or without\\n      modifications, and in Source or Object form, provided that You\\n      meet the following conditions:\\n\\n      (a) You must give any other recipients of the Work or\\n          Derivative Works a copy of this License; and\\n\\n      (b) You must cause any modified files to carry prominent notices\\n          stating that You changed the files; and\\n\\n      (c) You must retain, in the Source form of any Derivative Works\\n          that You distribute, all copyright, patent, trademark, and\\n          attribution notices from the Source form of the Work,\\n          excluding those notices that do not pertain to any part of\\n          the Derivative Works; and\\n\\n      (d) If the Work includes a \"NOTICE\" text file as part of its\\n          distribution, then any Derivative Works that You distribute must\\n          include a readable copy of the attribution notices contained\\n          within such NOTICE file, excluding those notices that do not\\n          pertain to any part of the Derivative Works, in at least one\\n          of the following places: within a NOTICE text file distributed\\n          as part of the Derivative Works; within the Source form or\\n          documentation, if provided along with the Derivative Works; or,\\n          within a display generated by the Derivative Works, if and\\n          wherever such third-party notices normally appear. The contents\\n          of the NOTICE file are for informational purposes only and\\n          do not modify the License. You may add Your own attribution\\n          notices within Derivative Works that You distribute, alongside\\n          or as an addendum to the NOTICE text from the Work, provided\\n          that such additional attribution notices cannot be construed\\n          as modifying the License.\\n\\n      You may add Your own copyright statement to Your modifications and\\n      may provide additional or different license terms and conditions\\n      for use, reproduction, or distribution of Your modifications, or\\n      for any such Derivative Works as a whole, provided Your use,\\n      reproduction, and distribution of the Work otherwise complies with\\n      the conditions stated in this License.\\n\\n   5. Submission of Contributions. Unless You explicitly state otherwise,\\n      any Contribution intentionally submitted for inclusion in the Work\\n      by You to the Licensor shall be under the terms and conditions of\\n      this License, without any additional terms or conditions.\\n      Notwithstanding the above, nothing herein shall supersede or modify\\n      the terms of any separate license agreement you may have executed\\n      with Licensor regarding such Contributions.\\n\\n   6. Trademarks. This License does not grant permission to use the trade\\n      names, trademarks, service marks, or product names of the Licensor,\\n      except as required for reasonable and customary use in describing the\\n      origin of the Work and reproducing the content of the NOTICE file.\\n\\n   7. Disclaimer of Warranty. Unless required by applicable law or\\n      agreed to in writing, Licensor provides the Work (and each\\n      Contributor provides its Contributions) on an \"AS IS\" BASIS,\\n      WITHOUT WARRANTIES OR CONDITIONS OF ANY KIND, either express or\\n      implied, including, without limitation, any warranties or conditions\\n      of TITLE, NON-INFRINGEMENT, MERCHANTABILITY, or FITNESS FOR A\\n      PARTICULAR PURPOSE. You are solely responsible for determining the\\n      appropriateness of using or redistributing the Work and assume any\\n      risks associated with Your exercise of permissions under this License.\\n\\n   8. Limitation of Liability. In no event and under no legal theory,\\n      whether in tort (including negligence), contract, or otherwise,\\n      unless required by applicable law (such as deliberate and grossly\\n      negligent acts) or agreed to in writing, shall any Contributor be\\n      liable to You for damages, including any direct, indirect, special,\\n      incidental, or consequential damages of any character arising as a\\n      result of this License or out of the use or inability to use the\\n      Work (including but not limited to damages for loss of goodwill,\\n      work stoppage, computer failure or malfunction, or any and all\\n      other commercial damages or losses), even if such Contributor\\n      has been advised of the possibility of such damages.\\n\\n   9. Accepting Warranty or Additional Liability. While redistributing\\n      the Work or Derivative Works thereof, You may choose to offer,\\n      and charge a fee for, acceptance of support, warranty, indemnity,\\n      or other liability obligations and/or rights consistent with this\\n      License. However, in accepting such obligations, You may act only\\n      on Your own behalf and on Your sole responsibility, not on behalf\\n      of any other Contributor, and only if You agree to indemnify,\\n      defend, and hold each Contributor harmless for any liability\\n      incurred by, or claims asserted against, such Contributor by reason\\n      of your accepting any such warranty or additional liability.\\n\\n   END OF TERMS AND CONDITIONS\\n\\n   APPENDIX: How to apply the Apache License to your work.\\n\\n      To apply the Apache License to your work, attach the following\\n      boilerplate notice, with the fields enclosed by brackets \"[]\"\\n      replaced with your own identifying information. (Don\\'t include\\n      the brackets!)  The text should be enclosed in the appropriate\\n      comment syntax for the file format. We also recommend that a\\n      file or class name and description of purpose be included on the\\n      same \"printed page\" as the copyright notice for easier\\n      identification within third-party archives.\\n\\n   Copyright [yyyy] [name of copyright owner]\\n\\n   Licensed under the Apache License, Version 2.0 (the \"License\");\\n   you may not use this file except in compliance with the License.\\n   You may obtain a copy of the License at\\n\\n       http://www.apache.org/licenses/LICENSE-2.0\\n\\n   Unless required by applicable law or agreed to in writing, software\\n   distributed under the License is distributed on an \"AS IS\" BASIS,\\n   WITHOUT WARRANTIES OR CONDITIONS OF ANY KIND, either express or implied.\\n   See the License for the specific language governing permissions and\\n   limitations under the License.\\n'",
        "confidence": [
            1.0
        ],
        "technique": "File Exploration"
    },
    "readmeUrl": {
        "excerpt": "https://raw.githubusercontent.com/oeg-upm/r4r/master/README.md",
        "confidence": [
            1.0
        ],
        "technique": "GitHub API"
    },
    "hasBuildFile": [
        {
            "excerpt": [
                "https://raw.githubusercontent.com/oeg-upm/r4r/master/src/main/docker/Dockerfile"
            ],
            "confidence": [
                1.0
            ],
            "technique": "File Exploration",
            "format": "Docker file"
        }
    ]
}