{
    "longTitle": {
        "excerpt": "oeg-web",
        "confidence": [
            1.0
        ],
        "technique": "Regular expression"
    },
    "installation": [
        {
            "originalHeader": "Project setup",
            "excerpt": "```\nnpm install\n```\n",
            "parentHeader": [
                "oeg-web"
            ],
            "confidence": [
                1.0
            ],
            "technique": "Header extraction"
        },
        {
            "originalHeader": "Compiles and hot-reloads for development",
            "excerpt": "```\nnpm run serve\n```\n",
            "parentHeader": [
                "oeg-web",
                "Project setup"
            ],
            "confidence": [
                1.0
            ],
            "technique": "Header extraction"
        },
        {
            "originalHeader": "Compiles and minifies for production",
            "excerpt": "```\nnpm run build\n```\n",
            "parentHeader": [
                "oeg-web",
                "Project setup"
            ],
            "confidence": [
                1.0
            ],
            "technique": "Header extraction"
        },
        {
            "originalHeader": "Lints and fixes files",
            "excerpt": "```\nnpm run lint\n```\n",
            "parentHeader": [
                "oeg-web",
                "Project setup"
            ],
            "confidence": [
                1.0
            ],
            "technique": "Header extraction"
        },
        {
            "originalHeader": "Customize configuration",
            "excerpt": "See [Configuration Reference](https://cli.vuejs.org/config/).\n",
            "parentHeader": [
                "oeg-web",
                "Project setup"
            ],
            "confidence": [
                1.0
            ],
            "technique": "Header extraction"
        }
    ],
    "run": [
        {
            "originalHeader": "Run your tests",
            "excerpt": "```\nnpm run test\n```\n",
            "parentHeader": [
                "oeg-web",
                "Project setup"
            ],
            "confidence": [
                1.0
            ],
            "technique": "Header extraction"
        }
    ],
    "codeRepository": {
        "excerpt": "https://github.com/oeg-upm/website",
        "confidence": [
            1.0
        ],
        "technique": "GitHub API"
    },
    "owner": {
        "excerpt": "oeg-upm",
        "confidence": [
            1.0
        ],
        "technique": "GitHub API"
    },
    "ownerType": {
        "excerpt": "Organization",
        "confidence": [
            1.0
        ],
        "technique": "GitHub API"
    },
    "dateCreated": {
        "excerpt": "2016-09-19T10:22:48Z",
        "confidence": [
            1.0
        ],
        "technique": "GitHub API"
    },
    "dateModified": {
        "excerpt": "2021-06-16T10:41:09Z",
        "confidence": [
            1.0
        ],
        "technique": "GitHub API"
    },
    "description": [
        {
            "excerpt": "Official repository with all source code to generate the OEG-UPM website",
            "confidence": [
                1.0
            ],
            "technique": "GitHub API"
        }
    ],
    "name": {
        "excerpt": "website",
        "confidence": [
            1.0
        ],
        "technique": "GitHub API"
    },
    "fullName": {
        "excerpt": "oeg-upm/website",
        "confidence": [
            1.0
        ],
        "technique": "GitHub API"
    },
    "issueTracker": {
        "excerpt": "https://api.github.com/repos/oeg-upm/website/issues",
        "confidence": [
            1.0
        ],
        "technique": "GitHub API"
    },
    "forksUrl": {
        "excerpt": "https://api.github.com/repos/oeg-upm/website/forks",
        "confidence": [
            1.0
        ],
        "technique": "GitHub API"
    },
    "downloadUrl": {
        "excerpt": "https://github.com/oeg-upm/website/releases",
        "confidence": [
            1.0
        ],
        "technique": "GitHub API"
    },
    "topics": {
        "excerpt": [
            "website"
        ],
        "confidence": [
            1.0
        ],
        "technique": "GitHub API"
    },
    "stargazersCount": {
        "excerpt": {
            "count": 1,
            "date": "Thu, 19 May 2022 09:39:14 GMT"
        },
        "confidence": [
            1.0
        ],
        "technique": "GitHub API"
    },
    "forksCount": {
        "excerpt": {
            "count": 19,
            "date": "Thu, 19 May 2022 09:39:14 GMT"
        },
        "confidence": [
            1.0
        ],
        "technique": "GitHub API"
    },
    "languages": {
        "excerpt": [
            "Vue",
            "JavaScript",
            "HTML",
            "CSS"
        ],
        "confidence": [
            1.0
        ],
        "technique": "GitHub API"
    },
    "readmeUrl": {
        "excerpt": "https://raw.githubusercontent.com/oeg-upm/website/master/README.md",
        "confidence": [
            1.0
        ],
        "technique": "GitHub API"
    }
}