{
    "longTitle": {
        "excerpt": "mobility",
        "confidence": [
            1.0
        ],
        "technique": "Regular expression"
    },
    "codeRepository": {
        "excerpt": "https://github.com/oeg-upm/mobility",
        "confidence": [
            1.0
        ],
        "technique": "GitHub API"
    },
    "owner": {
        "excerpt": "oeg-upm",
        "confidence": [
            1.0
        ],
        "technique": "GitHub API"
    },
    "ownerType": {
        "excerpt": "Organization",
        "confidence": [
            1.0
        ],
        "technique": "GitHub API"
    },
    "dateCreated": {
        "excerpt": "2022-01-24T11:01:19Z",
        "confidence": [
            1.0
        ],
        "technique": "GitHub API"
    },
    "dateModified": {
        "excerpt": "2022-03-22T10:35:46Z",
        "confidence": [
            1.0
        ],
        "technique": "GitHub API"
    },
    "name": {
        "excerpt": "mobility",
        "confidence": [
            1.0
        ],
        "technique": "GitHub API"
    },
    "fullName": {
        "excerpt": "oeg-upm/mobility",
        "confidence": [
            1.0
        ],
        "technique": "GitHub API"
    },
    "issueTracker": {
        "excerpt": "https://api.github.com/repos/oeg-upm/mobility/issues",
        "confidence": [
            1.0
        ],
        "technique": "GitHub API"
    },
    "forksUrl": {
        "excerpt": "https://api.github.com/repos/oeg-upm/mobility/forks",
        "confidence": [
            1.0
        ],
        "technique": "GitHub API"
    },
    "downloadUrl": {
        "excerpt": "https://github.com/oeg-upm/mobility/releases",
        "confidence": [
            1.0
        ],
        "technique": "GitHub API"
    },
    "stargazersCount": {
        "excerpt": {
            "count": 1,
            "date": "Thu, 19 May 2022 11:07:47 GMT"
        },
        "confidence": [
            1.0
        ],
        "technique": "GitHub API"
    },
    "forksCount": {
        "excerpt": {
            "count": 0,
            "date": "Thu, 19 May 2022 11:07:47 GMT"
        },
        "confidence": [
            1.0
        ],
        "technique": "GitHub API"
    },
    "languages": {
        "excerpt": [
            "HTML",
            "CSS",
            "JavaScript"
        ],
        "confidence": [
            1.0
        ],
        "technique": "GitHub API"
    },
    "readmeUrl": {
        "excerpt": "https://raw.githubusercontent.com/oeg-upm/mobility/main/README.md",
        "confidence": [
            1.0
        ],
        "technique": "GitHub API"
    },
    "ontologies": {
        "excerpt": [
            {
                "uri": "https://w3id.org/mobility/transmodel/core#",
                "file_url": "https://raw.githubusercontent.com/oeg-upm/mobility/main/Transmodel/def/core/0.1.0/ontology.nt"
            },
            {
                "uri": "https://w3id.org/mobility/transmodel/core#",
                "file_url": "https://raw.githubusercontent.com/oeg-upm/mobility/main/Transmodel/def/core/0.1.0/ontology.ttl"
            },
            {
                "uri": "https://w3id.org/mobility/transmodel/commons#",
                "file_url": "https://raw.githubusercontent.com/oeg-upm/mobility/main/Transmodel/def/commons/0.2.1/ontology.nt"
            },
            {
                "uri": "https://w3id.org/mobility/transmodel/commons#",
                "file_url": "https://raw.githubusercontent.com/oeg-upm/mobility/main/Transmodel/def/commons/0.2.1/ontology.ttl"
            },
            {
                "uri": "https://w3id.org/transmodel/fares#",
                "file_url": "https://raw.githubusercontent.com/oeg-upm/mobility/main/Transmodel/def/fares/0.3.0/ontology.nt"
            },
            {
                "uri": "https://w3id.org/transmodel/fares#",
                "file_url": "https://raw.githubusercontent.com/oeg-upm/mobility/main/Transmodel/def/fares/0.3.0/ontology.xml"
            },
            {
                "uri": "https://w3id.org/transmodel/fares#",
                "file_url": "https://raw.githubusercontent.com/oeg-upm/mobility/main/Transmodel/def/fares/0.3.0/ontology.ttl"
            },
            {
                "uri": "https://w3id.org/mobility/transmodel/journeys#",
                "file_url": "https://raw.githubusercontent.com/oeg-upm/mobility/main/Transmodel/def/journeys/0.3.0/ontology.nt"
            },
            {
                "uri": "https://w3id.org/mobility/transmodel/journeys#",
                "file_url": "https://raw.githubusercontent.com/oeg-upm/mobility/main/Transmodel/def/journeys/0.3.0/ontology.ttl"
            },
            {
                "uri": "https://w3id.org/mobility/transmodel/facilities#",
                "file_url": "https://raw.githubusercontent.com/oeg-upm/mobility/main/Transmodel/def/facilities/0.3.0/ontology.nt"
            },
            {
                "uri": "https://w3id.org/mobility/transmodel/facilities#",
                "file_url": "https://raw.githubusercontent.com/oeg-upm/mobility/main/Transmodel/def/facilities/0.3.0/ontology.ttl"
            },
            {
                "uri": "https://w3id.org/mobility/osdm/core#",
                "file_url": "https://raw.githubusercontent.com/oeg-upm/mobility/main/OSDM/def/core/0.1.0/ontology.nt"
            },
            {
                "uri": "https://w3id.org/mobility/osdm/core#",
                "file_url": "https://raw.githubusercontent.com/oeg-upm/mobility/main/OSDM/def/core/0.1.0/ontology.ttl"
            },
            {
                "uri": "https://w3id.org/mobility/trias/mode#",
                "file_url": "https://raw.githubusercontent.com/oeg-upm/mobility/main/Trias/def/mode/0.1.0/ontology.nt"
            },
            {
                "uri": "https://w3id.org/mobility/trias/mode#",
                "file_url": "https://raw.githubusercontent.com/oeg-upm/mobility/main/Trias/def/mode/0.1.0/ontology.ttl"
            },
            {
                "uri": "https://w3id.org/mobility/trias/location#",
                "file_url": "https://raw.githubusercontent.com/oeg-upm/mobility/main/Trias/def/location/0.1.0/ontology.nt"
            },
            {
                "uri": "https://w3id.org/mobility/trias/location#",
                "file_url": "https://raw.githubusercontent.com/oeg-upm/mobility/main/Trias/def/location/0.1.0/ontology.ttl"
            },
            {
                "uri": "https://w3id.org/mobility/trias/journey#",
                "file_url": "https://raw.githubusercontent.com/oeg-upm/mobility/main/Trias/def/journey/0.1.0/ontology.nt"
            },
            {
                "uri": "https://w3id.org/mobility/trias/journey#",
                "file_url": "https://raw.githubusercontent.com/oeg-upm/mobility/main/Trias/def/journey/0.1.0/ontology.ttl"
            },
            {
                "uri": "https://w3id.org/mobility/trias/common#",
                "file_url": "https://raw.githubusercontent.com/oeg-upm/mobility/main/Trias/def/common/0.1.0/ontology.nt"
            },
            {
                "uri": "https://w3id.org/mobility/trias/common#",
                "file_url": "https://raw.githubusercontent.com/oeg-upm/mobility/main/Trias/def/common/0.1.0/ontology.ttl"
            },
            {
                "uri": "https://w3id.org/mobility/trias/fares#",
                "file_url": "https://raw.githubusercontent.com/oeg-upm/mobility/main/Trias/def/fares/0.1.0/ontology.nt"
            },
            {
                "uri": "https://w3id.org/mobility/trias/fares#",
                "file_url": "https://raw.githubusercontent.com/oeg-upm/mobility/main/Trias/def/fares/0.1.0/ontology.ttl"
            },
            {
                "uri": "https://w3id.org/mobility/trias/trips#",
                "file_url": "https://raw.githubusercontent.com/oeg-upm/mobility/main/Trias/def/trips/0.1.0/ontology.nt"
            },
            {
                "uri": "https://w3id.org/mobility/trias/trips#",
                "file_url": "https://raw.githubusercontent.com/oeg-upm/mobility/main/Trias/def/trips/0.1.0/ontology.ttl"
            },
            {
                "uri": "https://w3id.org/mobility/trias/utility#",
                "file_url": "https://raw.githubusercontent.com/oeg-upm/mobility/main/Trias/def/utility/0.1.0/ontology.nt"
            },
            {
                "uri": "https://w3id.org/mobility/trias/utility#",
                "file_url": "https://raw.githubusercontent.com/oeg-upm/mobility/main/Trias/def/utility/0.1.0/ontology.ttl"
            },
            {
                "uri": "https://w3id.org/mobility/gtfs-rt/core#",
                "file_url": "https://raw.githubusercontent.com/oeg-upm/mobility/main/gtfs-rt/def/core/0.1.0/ontology.nt"
            },
            {
                "uri": "https://w3id.org/mobility/gtfs-rt/core#",
                "file_url": "https://raw.githubusercontent.com/oeg-upm/mobility/main/gtfs-rt/def/core/0.1.0/ontology.ttl"
            }
        ],
        "confidence": [
            1.0
        ],
        "technique": "File Exploration"
    }
}