{
    "codeRepository": {
        "excerpt": "https://github.com/oeg-upm/web-oeg",
        "confidence": [
            1.0
        ],
        "technique": "GitHub API"
    },
    "owner": {
        "excerpt": "oeg-upm",
        "confidence": [
            1.0
        ],
        "technique": "GitHub API"
    },
    "ownerType": {
        "excerpt": "Organization",
        "confidence": [
            1.0
        ],
        "technique": "GitHub API"
    },
    "dateCreated": {
        "excerpt": "2018-04-04T09:16:14Z",
        "confidence": [
            1.0
        ],
        "technique": "GitHub API"
    },
    "dateModified": {
        "excerpt": "2022-01-10T15:41:25Z",
        "confidence": [
            1.0
        ],
        "technique": "GitHub API"
    },
    "description": [
        {
            "excerpt": "Repositorio de la p\u00e1gina web del OEG (versi\u00f3n antigua)",
            "confidence": [
                1.0
            ],
            "technique": "GitHub API"
        }
    ],
    "name": {
        "excerpt": "web-oeg",
        "confidence": [
            1.0
        ],
        "technique": "GitHub API"
    },
    "fullName": {
        "excerpt": "oeg-upm/web-oeg",
        "confidence": [
            1.0
        ],
        "technique": "GitHub API"
    },
    "issueTracker": {
        "excerpt": "https://api.github.com/repos/oeg-upm/web-oeg/issues",
        "confidence": [
            1.0
        ],
        "technique": "GitHub API"
    },
    "forksUrl": {
        "excerpt": "https://api.github.com/repos/oeg-upm/web-oeg/forks",
        "confidence": [
            1.0
        ],
        "technique": "GitHub API"
    },
    "downloadUrl": {
        "excerpt": "https://github.com/oeg-upm/web-oeg/releases",
        "confidence": [
            1.0
        ],
        "technique": "GitHub API"
    },
    "topics": {
        "excerpt": [
            "website"
        ],
        "confidence": [
            1.0
        ],
        "technique": "GitHub API"
    },
    "stargazersCount": {
        "excerpt": {
            "count": 0,
            "date": "Thu, 19 May 2022 09:43:54 GMT"
        },
        "confidence": [
            1.0
        ],
        "technique": "GitHub API"
    },
    "forksCount": {
        "excerpt": {
            "count": 0,
            "date": "Thu, 19 May 2022 09:43:54 GMT"
        },
        "confidence": [
            1.0
        ],
        "technique": "GitHub API"
    },
    "languages": {
        "excerpt": [
            "HTML",
            "TeX",
            "CSS",
            "JavaScript",
            "PHP"
        ],
        "confidence": [
            1.0
        ],
        "technique": "GitHub API"
    },
    "ontologies": {
        "excerpt": [
            {
                "uri": "http://gate.ac.uk/gate-extras/neon/ontologies/lir",
                "file_url": "https://raw.githubusercontent.com/oeg-upm/web-oeg/master/files/lir/lir.owl"
            },
            {
                "uri": "http://xmlns.com/foaf/0.1/",
                "file_url": "https://raw.githubusercontent.com/oeg-upm/web-oeg/master/files/foaf/foaf.owl"
            },
            {
                "uri": "http://geo.linkeddata.es/ontology/hydro-ontology.owl",
                "file_url": "https://raw.githubusercontent.com/oeg-upm/web-oeg/master/files/hydrontology/hydrOntology_GeoLinkedData.owl"
            },
            {
                "uri": "webode://droz.dia.fi.upm.es/Documentation+Ontology",
                "file_url": "https://raw.githubusercontent.com/oeg-upm/web-oeg/master/files/european/Documentation_Ontology.owl"
            },
            {
                "uri": "webode://droz.dia.fi.upm.es/Organization+Ontology",
                "file_url": "https://raw.githubusercontent.com/oeg-upm/web-oeg/master/files/european/Organization_Ontology.owl"
            },
            {
                "uri": "webode://droz.dia.fi.upm.es/Project+Ontology",
                "file_url": "https://raw.githubusercontent.com/oeg-upm/web-oeg/master/files/european/Project_Ontology.owl"
            },
            {
                "uri": "webode://droz.dia.fi.upm.es/Person+Ontology",
                "file_url": "https://raw.githubusercontent.com/oeg-upm/web-oeg/master/files/european/Person_Ontology.owl"
            },
            {
                "uri": "webode://droz.dia.fi.upm.es/Event+Ontology",
                "file_url": "https://raw.githubusercontent.com/oeg-upm/web-oeg/master/files/european/Event_Ontology.owl"
            },
            {
                "uri": "http://mccarthy.dia.fi.upm.es/normv/normv.owl",
                "file_url": "https://raw.githubusercontent.com/oeg-upm/web-oeg/master/files/normv/normv.owl"
            },
            {
                "uri": "http://purl.org/net/wicus-reqs",
                "file_url": "https://raw.githubusercontent.com/oeg-upm/web-oeg/master/files/isantana/ontologies/reqs.owl"
            },
            {
                "uri": "http://purl.org/net/wicus-hwspecs",
                "file_url": "https://raw.githubusercontent.com/oeg-upm/web-oeg/master/files/isantana/ontologies/hwspecs.owl"
            },
            {
                "uri": "http://purl.org/net/wicus-stack",
                "file_url": "https://raw.githubusercontent.com/oeg-upm/web-oeg/master/files/isantana/ontologies/stack.owl"
            },
            {
                "uri": "http://purl.org/net/wicus",
                "file_url": "https://raw.githubusercontent.com/oeg-upm/web-oeg/master/files/isantana/ontologies/wicus.owl"
            },
            {
                "uri": "http://purl.org/net/wicus-sva",
                "file_url": "https://raw.githubusercontent.com/oeg-upm/web-oeg/master/files/isantana/ontologies/sva.owl"
            },
            {
                "uri": "http://omv.ontoware.org/2005/05/ontology",
                "file_url": "https://raw.githubusercontent.com/oeg-upm/web-oeg/master/files/omv/OMV.owl"
            },
            {
                "uri": "http://www.semanticweb.org/ontologies/Ontology0094818115.owl",
                "file_url": "https://raw.githubusercontent.com/oeg-upm/web-oeg/master/files/jmora/iswc2013/files/galen-lite.owl"
            },
            {
                "uri": "http://www.lehigh.edu/~zhp2/2004/0401/univ-bench.owl",
                "file_url": "https://raw.githubusercontent.com/oeg-upm/web-oeg/master/files/jmora/iswc2013/files/UXE.owl"
            },
            {
                "uri": "http://www.semanticweb.org/ontologies/2008/8/24/Ontology1222256119496.owl",
                "file_url": "https://raw.githubusercontent.com/oeg-upm/web-oeg/master/files/jmora/iswc2013/files/P5XE.owl"
            },
            {
                "uri": "http://www.systemone.at/2006/03/wikipedia#genid1",
                "file_url": "https://raw.githubusercontent.com/oeg-upm/web-oeg/master/files/jmora/iswc2013/files/wikipedia.owl"
            },
            {
                "uri": "http://www.semanticweb.org/ontologies/2008/8/24/Ontology1222256119496.owl",
                "file_url": "https://raw.githubusercontent.com/oeg-upm/web-oeg/master/files/jmora/iswc2013/files/P5X.owl"
            },
            {
                "uri": "http://www.semanticweb.org/ontologies/2008/8/24/Ontology1222256119496.owl",
                "file_url": "https://raw.githubusercontent.com/oeg-upm/web-oeg/master/files/jmora/iswc2013/files/P5XEb.owl"
            },
            {
                "uri": "http://www.semanticweb.org/ontologies/2008/8/24/Ontology1222256119496.owl",
                "file_url": "https://raw.githubusercontent.com/oeg-upm/web-oeg/master/files/jmora/iswc2013/files/P5.owl"
            },
            {
                "uri": "http://www.semanticweb.org/ontologies/2008/8/24/Ontology1222256119496.owl",
                "file_url": "https://raw.githubusercontent.com/oeg-upm/web-oeg/master/files/jmora/iswc2013/files/P5XEc.owl"
            },
            {
                "uri": "http://www.semanticweb.org/ontologies/2008/8/24/Ontology1222256119496.owl",
                "file_url": "https://raw.githubusercontent.com/oeg-upm/web-oeg/master/files/jmora/iswc2013/files/P5XEa.owl"
            },
            {
                "uri": "http://ksg.meraka.co.za/adolena.owl",
                "file_url": "https://raw.githubusercontent.com/oeg-upm/web-oeg/master/files/jmora/iswc2013/files/AXE.owl"
            },
            {
                "uri": "http://www.semanticweb.org/ontologies/2008/8/24/Ontology1222256119496.owl",
                "file_url": "https://raw.githubusercontent.com/oeg-upm/web-oeg/master/files/jmora/iswc2013/files/P1.owl"
            },
            {
                "uri": "http://www.owl-ontologies.com/Ontology1207768242.owl",
                "file_url": "https://raw.githubusercontent.com/oeg-upm/web-oeg/master/files/jmora/iswc2013/files/S.owl"
            },
            {
                "uri": "http://www.semanticweb.org/ontologies/Ontology0020280509.owl",
                "file_url": "https://raw.githubusercontent.com/oeg-upm/web-oeg/master/files/jmora/iswc2013/files/core.owl"
            },
            {
                "uri": "http://www.lehigh.edu/~zhp2/2004/0401/univ-bench.owl",
                "file_url": "https://raw.githubusercontent.com/oeg-upm/web-oeg/master/files/jmora/iswc2013/files/UX.owl"
            },
            {
                "uri": "http://www.lehigh.edu/~zhp2/2004/0401/univ-bench.owl",
                "file_url": "https://raw.githubusercontent.com/oeg-upm/web-oeg/master/files/jmora/iswc2013/files/UXEb.owl"
            },
            {
                "uri": "http://lsdis.cs.uga.edu/proj/semdis/testbed/",
                "file_url": "https://raw.githubusercontent.com/oeg-upm/web-oeg/master/files/jmora/iswc2013/files/sweto.owl"
            },
            {
                "uri": "http://ksg.meraka.co.za/adolena.owl",
                "file_url": "https://raw.githubusercontent.com/oeg-upm/web-oeg/master/files/jmora/iswc2013/files/AXEc.owl"
            },
            {
                "uri": "http://ksg.meraka.co.za/adolena.owl",
                "file_url": "https://raw.githubusercontent.com/oeg-upm/web-oeg/master/files/jmora/iswc2013/files/AX.owl"
            },
            {
                "uri": "http://www.co-ode.org/ontologies/galen",
                "file_url": "https://raw.githubusercontent.com/oeg-upm/web-oeg/master/files/jmora/iswc2013/files/galen.owl"
            },
            {
                "uri": "http://www.lehigh.edu/~zhp2/2004/0401/univ-bench.owl",
                "file_url": "https://raw.githubusercontent.com/oeg-upm/web-oeg/master/files/jmora/iswc2013/files/U.owl"
            },
            {
                "uri": "http://ksg.meraka.co.za/adolena.owl",
                "file_url": "https://raw.githubusercontent.com/oeg-upm/web-oeg/master/files/jmora/iswc2013/files/AXEb.owl"
            },
            {
                "uri": "http://www.lehigh.edu/~zhp2/2004/0401/univ-bench.owl",
                "file_url": "https://raw.githubusercontent.com/oeg-upm/web-oeg/master/files/jmora/iswc2013/files/UXEa.owl"
            },
            {
                "uri": "http://ksg.meraka.co.za/adolena.owl",
                "file_url": "https://raw.githubusercontent.com/oeg-upm/web-oeg/master/files/jmora/iswc2013/files/A.owl"
            },
            {
                "uri": "http://vicodi.org/ontology",
                "file_url": "https://raw.githubusercontent.com/oeg-upm/web-oeg/master/files/jmora/iswc2013/files/V.owl"
            },
            {
                "uri": "http://vicodi.org/ontology",
                "file_url": "https://raw.githubusercontent.com/oeg-upm/web-oeg/master/files/jmora/iswc2013/files/VE.owl"
            }
        ],
        "confidence": [
            1.0
        ],
        "technique": "File Exploration"
    },
    "releases": {
        "excerpt": [
            {
                "tagName": "v0.1",
                "name": "version 0.1",
                "authorName": "fyedro",
                "authorType": "User",
                "body": "Integration with Zenodo",
                "tarballUrl": "https://api.github.com/repos/oeg-upm/web-oeg/tarball/v0.1",
                "zipballUrl": "https://api.github.com/repos/oeg-upm/web-oeg/zipball/v0.1",
                "htmlUrl": "https://github.com/oeg-upm/web-oeg/releases/tag/v0.1",
                "url": "https://api.github.com/repos/oeg-upm/web-oeg/releases/21316000",
                "dateCreated": "2019-07-10T13:35:55Z",
                "datePublished": "2019-11-08T11:10:39Z"
            }
        ],
        "confidence": [
            1.0
        ],
        "technique": "GitHub API"
    }
}