{
    "description": [
        {
            "excerpt": "Aplicaci\u00f3n web para concurso de datos JCyL",
            "confidence": [
                1.0
            ],
            "technique": "GitHub API"
        }
    ],
    "citation": [
        {
            "excerpt": "Aplicaci\u00f3n web para concurso de datos de datos JCyL que permite al usuario crear rutas alternativas, customizadas y diferentes opciones que le ayuden en su visita a esta comunidad aut\u00f3noma. \nLos datasets elegidos (espacios naturales) para esta aplicaci\u00f3n son:\n- Aparcamientos\n- \u00c1rboles singulares\n- Campamentos\n- Puntos de informaci\u00f3n\n- Centros de visitantes\n- \u00c1reas de espacios naturales\n- Miradores\n- Zonas de acampada\n- Quioscos de venta al p\u00fablico\n- Zonas recreativas\n- Infraestructuras menores \nLos datasets elegidos (administraci\u00f3n p\u00fablica) para esta aplicaci\u00f3n son:\n- L\u00edmites de Municipios\n- L\u00edmites de Provincia \nNota: para el uso de la aplicaci\u00f3n es necesario cambiar la API_KEY del fichero index.html (13) \n",
            "confidence": [
                [
                    0.9730231668249919,
                    0.9997499705067602,
                    0.9611392738115246,
                    0.9670481089962383
                ]
            ],
            "technique": "Supervised classification",
            "originalHeader": "CJCyL"
        }
    ],
    "longTitle": {
        "excerpt": "CJCyL",
        "confidence": [
            1.0
        ],
        "technique": "Regular expression"
    },
    "codeRepository": {
        "excerpt": "https://github.com/oeg-upm/CJCyL",
        "confidence": [
            1.0
        ],
        "technique": "GitHub API"
    },
    "owner": {
        "excerpt": "oeg-upm",
        "confidence": [
            1.0
        ],
        "technique": "GitHub API"
    },
    "ownerType": {
        "excerpt": "Organization",
        "confidence": [
            1.0
        ],
        "technique": "GitHub API"
    },
    "dateCreated": {
        "excerpt": "2015-01-14T10:46:29Z",
        "confidence": [
            1.0
        ],
        "technique": "GitHub API"
    },
    "dateModified": {
        "excerpt": "2015-02-06T00:18:23Z",
        "confidence": [
            1.0
        ],
        "technique": "GitHub API"
    },
    "license": {
        "excerpt": {
            "name": "Creative Commons Zero v1.0 Universal",
            "url": "https://api.github.com/licenses/cc0-1.0"
        },
        "confidence": [
            1.0
        ],
        "technique": "GitHub API"
    },
    "name": {
        "excerpt": "CJCyL",
        "confidence": [
            1.0
        ],
        "technique": "GitHub API"
    },
    "fullName": {
        "excerpt": "oeg-upm/CJCyL",
        "confidence": [
            1.0
        ],
        "technique": "GitHub API"
    },
    "issueTracker": {
        "excerpt": "https://api.github.com/repos/oeg-upm/CJCyL/issues",
        "confidence": [
            1.0
        ],
        "technique": "GitHub API"
    },
    "forksUrl": {
        "excerpt": "https://api.github.com/repos/oeg-upm/CJCyL/forks",
        "confidence": [
            1.0
        ],
        "technique": "GitHub API"
    },
    "downloadUrl": {
        "excerpt": "https://github.com/oeg-upm/CJCyL/releases",
        "confidence": [
            1.0
        ],
        "technique": "GitHub API"
    },
    "stargazersCount": {
        "excerpt": {
            "count": 0,
            "date": "Thu, 19 May 2022 08:57:22 GMT"
        },
        "confidence": [
            1.0
        ],
        "technique": "GitHub API"
    },
    "forksCount": {
        "excerpt": {
            "count": 1,
            "date": "Thu, 19 May 2022 08:57:22 GMT"
        },
        "confidence": [
            1.0
        ],
        "technique": "GitHub API"
    },
    "languages": {
        "excerpt": [
            "JavaScript",
            "CSS"
        ],
        "confidence": [
            1.0
        ],
        "technique": "GitHub API"
    },
    "licenseText": {
        "excerpt": "b'CC0 1.0 Universal\\n\\nStatement of Purpose\\n\\nThe laws of most jurisdictions throughout the world automatically confer\\nexclusive Copyright and Related Rights (defined below) upon the creator and\\nsubsequent owner(s) (each and all, an \"owner\") of an original work of\\nauthorship and/or a database (each, a \"Work\").\\n\\nCertain owners wish to permanently relinquish those rights to a Work for the\\npurpose of contributing to a commons of creative, cultural and scientific\\nworks (\"Commons\") that the public can reliably and without fear of later\\nclaims of infringement build upon, modify, incorporate in other works, reuse\\nand redistribute as freely as possible in any form whatsoever and for any\\npurposes, including without limitation commercial purposes. These owners may\\ncontribute to the Commons to promote the ideal of a free culture and the\\nfurther production of creative, cultural and scientific works, or to gain\\nreputation or greater distribution for their Work in part through the use and\\nefforts of others.\\n\\nFor these and/or other purposes and motivations, and without any expectation\\nof additional consideration or compensation, the person associating CC0 with a\\nWork (the \"Affirmer\"), to the extent that he or she is an owner of Copyright\\nand Related Rights in the Work, voluntarily elects to apply CC0 to the Work\\nand publicly distribute the Work under its terms, with knowledge of his or her\\nCopyright and Related Rights in the Work and the meaning and intended legal\\neffect of CC0 on those rights.\\n\\n1. Copyright and Related Rights. A Work made available under CC0 may be\\nprotected by copyright and related or neighboring rights (\"Copyright and\\nRelated Rights\"). Copyright and Related Rights include, but are not limited\\nto, the following:\\n\\n  i. the right to reproduce, adapt, distribute, perform, display, communicate,\\n  and translate a Work;\\n\\n  ii. moral rights retained by the original author(s) and/or performer(s);\\n\\n  iii. publicity and privacy rights pertaining to a person\\'s image or likeness\\n  depicted in a Work;\\n\\n  iv. rights protecting against unfair competition in regards to a Work,\\n  subject to the limitations in paragraph 4(a), below;\\n\\n  v. rights protecting the extraction, dissemination, use and reuse of data in\\n  a Work;\\n\\n  vi. database rights (such as those arising under Directive 96/9/EC of the\\n  European Parliament and of the Council of 11 March 1996 on the legal\\n  protection of databases, and under any national implementation thereof,\\n  including any amended or successor version of such directive); and\\n\\n  vii. other similar, equivalent or corresponding rights throughout the world\\n  based on applicable law or treaty, and any national implementations thereof.\\n\\n2. Waiver. To the greatest extent permitted by, but not in contravention of,\\napplicable law, Affirmer hereby overtly, fully, permanently, irrevocably and\\nunconditionally waives, abandons, and surrenders all of Affirmer\\'s Copyright\\nand Related Rights and associated claims and causes of action, whether now\\nknown or unknown (including existing as well as future claims and causes of\\naction), in the Work (i) in all territories worldwide, (ii) for the maximum\\nduration provided by applicable law or treaty (including future time\\nextensions), (iii) in any current or future medium and for any number of\\ncopies, and (iv) for any purpose whatsoever, including without limitation\\ncommercial, advertising or promotional purposes (the \"Waiver\"). Affirmer makes\\nthe Waiver for the benefit of each member of the public at large and to the\\ndetriment of Affirmer\\'s heirs and successors, fully intending that such Waiver\\nshall not be subject to revocation, rescission, cancellation, termination, or\\nany other legal or equitable action to disrupt the quiet enjoyment of the Work\\nby the public as contemplated by Affirmer\\'s express Statement of Purpose.\\n\\n3. Public License Fallback. Should any part of the Waiver for any reason be\\njudged legally invalid or ineffective under applicable law, then the Waiver\\nshall be preserved to the maximum extent permitted taking into account\\nAffirmer\\'s express Statement of Purpose. In addition, to the extent the Waiver\\nis so judged Affirmer hereby grants to each affected person a royalty-free,\\nnon transferable, non sublicensable, non exclusive, irrevocable and\\nunconditional license to exercise Affirmer\\'s Copyright and Related Rights in\\nthe Work (i) in all territories worldwide, (ii) for the maximum duration\\nprovided by applicable law or treaty (including future time extensions), (iii)\\nin any current or future medium and for any number of copies, and (iv) for any\\npurpose whatsoever, including without limitation commercial, advertising or\\npromotional purposes (the \"License\"). The License shall be deemed effective as\\nof the date CC0 was applied by Affirmer to the Work. Should any part of the\\nLicense for any reason be judged legally invalid or ineffective under\\napplicable law, such partial invalidity or ineffectiveness shall not\\ninvalidate the remainder of the License, and in such case Affirmer hereby\\naffirms that he or she will not (i) exercise any of his or her remaining\\nCopyright and Related Rights in the Work or (ii) assert any associated claims\\nand causes of action with respect to the Work, in either case contrary to\\nAffirmer\\'s express Statement of Purpose.\\n\\n4. Limitations and Disclaimers.\\n\\n  a. No trademark or patent rights held by Affirmer are waived, abandoned,\\n  surrendered, licensed or otherwise affected by this document.\\n\\n  b. Affirmer offers the Work as-is and makes no representations or warranties\\n  of any kind concerning the Work, express, implied, statutory or otherwise,\\n  including without limitation warranties of title, merchantability, fitness\\n  for a particular purpose, non infringement, or the absence of latent or\\n  other defects, accuracy, or the present or absence of errors, whether or not\\n  discoverable, all to the greatest extent permissible under applicable law.\\n\\n  c. Affirmer disclaims responsibility for clearing rights of other persons\\n  that may apply to the Work or any use thereof, including without limitation\\n  any person\\'s Copyright and Related Rights in the Work. Further, Affirmer\\n  disclaims responsibility for obtaining any necessary consents, permissions\\n  or other rights required for any use of the Work.\\n\\n  d. Affirmer understands and acknowledges that Creative Commons is not a\\n  party to this document and has no duty or obligation with respect to this\\n  CC0 or use of the Work.\\n\\nFor more information, please see\\nhttp://creativecommons.org/publicdomain/zero/1.0/\\n'",
        "confidence": [
            1.0
        ],
        "technique": "File Exploration"
    },
    "readmeUrl": {
        "excerpt": "https://raw.githubusercontent.com/oeg-upm/CJCyL/master/README.md",
        "confidence": [
            1.0
        ],
        "technique": "GitHub API"
    }
}