{
    "description": [
        {
            "excerpt": "This repository contains the code and related resources for the tourism domain AURORAL ontology \n",
            "confidence": [
                [
                    0.979054614249923
                ]
            ],
            "technique": "Supervised classification",
            "originalHeader": "auroral-toursim-ontology"
        },
        {
            "excerpt": "This repository contains the code and related resources for the tourism domain AURORAL ontology",
            "confidence": [
                1.0
            ],
            "technique": "GitHub API"
        }
    ],
    "longTitle": {
        "excerpt": "auroral-toursim-ontology",
        "confidence": [
            1.0
        ],
        "technique": "Regular expression"
    },
    "image": [
        {
            "excerpt": "https://github.com/oeg-upm/auroral-toursim-ontology/blob/main/diagrams/tourism.png",
            "confidence": [
                1.0
            ],
            "technique": "Regular expression"
        }
    ],
    "codeRepository": {
        "excerpt": "https://github.com/oeg-upm/auroral-tourism-ontology",
        "confidence": [
            1.0
        ],
        "technique": "GitHub API"
    },
    "owner": {
        "excerpt": "oeg-upm",
        "confidence": [
            1.0
        ],
        "technique": "GitHub API"
    },
    "ownerType": {
        "excerpt": "Organization",
        "confidence": [
            1.0
        ],
        "technique": "GitHub API"
    },
    "dateCreated": {
        "excerpt": "2022-02-03T09:21:59Z",
        "confidence": [
            1.0
        ],
        "technique": "GitHub API"
    },
    "dateModified": {
        "excerpt": "2022-04-13T16:47:10Z",
        "confidence": [
            1.0
        ],
        "technique": "GitHub API"
    },
    "name": {
        "excerpt": "auroral-tourism-ontology",
        "confidence": [
            1.0
        ],
        "technique": "GitHub API"
    },
    "fullName": {
        "excerpt": "oeg-upm/auroral-tourism-ontology",
        "confidence": [
            1.0
        ],
        "technique": "GitHub API"
    },
    "issueTracker": {
        "excerpt": "https://api.github.com/repos/oeg-upm/auroral-tourism-ontology/issues",
        "confidence": [
            1.0
        ],
        "technique": "GitHub API"
    },
    "forksUrl": {
        "excerpt": "https://api.github.com/repos/oeg-upm/auroral-tourism-ontology/forks",
        "confidence": [
            1.0
        ],
        "technique": "GitHub API"
    },
    "downloadUrl": {
        "excerpt": "https://github.com/oeg-upm/auroral-tourism-ontology/releases",
        "confidence": [
            1.0
        ],
        "technique": "GitHub API"
    },
    "stargazersCount": {
        "excerpt": {
            "count": 2,
            "date": "Thu, 19 May 2022 11:07:51 GMT"
        },
        "confidence": [
            1.0
        ],
        "technique": "GitHub API"
    },
    "forksCount": {
        "excerpt": {
            "count": 1,
            "date": "Thu, 19 May 2022 11:07:51 GMT"
        },
        "confidence": [
            1.0
        ],
        "technique": "GitHub API"
    },
    "readmeUrl": {
        "excerpt": "https://raw.githubusercontent.com/oeg-upm/auroral-tourism-ontology/main/README.md",
        "confidence": [
            1.0
        ],
        "technique": "GitHub API"
    },
    "ontologies": {
        "excerpt": [
            {
                "uri": "https://auroral.iot.linkeddata.es/def/tourism#",
                "file_url": "https://raw.githubusercontent.com/oeg-upm/auroral-tourism-ontology/main/OnToology/ontology/tourism.ttl/documentation/ontology.nt"
            },
            {
                "uri": "https://auroral.iot.linkeddata.es/def/tourism#",
                "file_url": "https://raw.githubusercontent.com/oeg-upm/auroral-tourism-ontology/main/OnToology/ontology/tourism.ttl/documentation/ontology.xml"
            },
            {
                "uri": "https://auroral.iot.linkeddata.es/def/tourism#",
                "file_url": "https://raw.githubusercontent.com/oeg-upm/auroral-tourism-ontology/main/OnToology/ontology/tourism.ttl/documentation/ontology.ttl"
            },
            {
                "uri": "https://auroral.iot.linkeddata.es/def/tourism#",
                "file_url": "https://raw.githubusercontent.com/oeg-upm/auroral-tourism-ontology/main/ontology/tourism.ttl"
            }
        ],
        "confidence": [
            1.0
        ],
        "technique": "File Exploration"
    }
}