{
    "description": [
        {
            "excerpt": "The DevOps infrastructure ontology network describes the domain of DevOps infrastructure. It is published at http://w3id.org/devops-infra\n \n",
            "confidence": [
                [
                    0.9345197470877948
                ]
            ],
            "technique": "Supervised classification",
            "originalHeader": "DevOps Infrastructure Ontology Network"
        },
        {
            "excerpt": "This ontology network aims at representing the main sets of entities and relationships used in the context of DevOps infrastructure.  \nIt is the result of a collaboration between Huawei Research Ireland and the Ontology Engineering Group at Universidad Polit\u00e9cnica de Madrid. It originally started from an analysis of the Configuration Management Databases used by Huawei Research Ireland for the management of a large part of its DevOps infrastructure, and has evolved into an ontology that may be used as a starting point for the standardisation of the representation of CMDB-related data across vendors.\n \n",
            "confidence": [
                [
                    0.93776833227987,
                    0.996847663270851
                ]
            ],
            "technique": "Supervised classification",
            "originalHeader": "Purpose and scope of the ontology network"
        },
        {
            "excerpt": "The ontology network is published using GitHub pages. The configuration file for enabling the content negotiation on w3id.org is available [here](https://github.com/perma-id/w3id.org/tree/master/devops-infra)\n \n",
            "confidence": [
                [
                    0.9701881646473614
                ]
            ],
            "technique": "Supervised classification",
            "originalHeader": "Content negotiation at w3id.org"
        },
        {
            "excerpt": "Public repository for an ontology network on DevOps infrastructure",
            "confidence": [
                1.0
            ],
            "technique": "GitHub API"
        }
    ],
    "longTitle": {
        "excerpt": "DevOps Infrastructure Ontology Network",
        "confidence": [
            1.0
        ],
        "technique": "Regular expression"
    },
    "identifier": [
        {
            "excerpt": "https://zenodo.org/badge/latestdoi/325636796",
            "confidence": [
                1.0
            ],
            "technique": "Regular expression"
        }
    ],
    "requirement": [
        {
            "originalHeader": "Ontology network requirements",
            "excerpt": "The list of requirements of the ontology network is available [here](https://github.com/oeg-upm/devops-infra/blob/master/Requirements.xlsx). New requirements or issues can be submitted in [here](https://github.com/oeg-upm/devops-infra/issues)\n",
            "confidence": [
                1.0
            ],
            "technique": "Header extraction"
        }
    ],
    "codeRepository": {
        "excerpt": "https://github.com/oeg-upm/devops-infra",
        "confidence": [
            1.0
        ],
        "technique": "GitHub API"
    },
    "owner": {
        "excerpt": "oeg-upm",
        "confidence": [
            1.0
        ],
        "technique": "GitHub API"
    },
    "ownerType": {
        "excerpt": "Organization",
        "confidence": [
            1.0
        ],
        "technique": "GitHub API"
    },
    "dateCreated": {
        "excerpt": "2020-12-30T19:56:43Z",
        "confidence": [
            1.0
        ],
        "technique": "GitHub API"
    },
    "dateModified": {
        "excerpt": "2022-05-05T12:22:37Z",
        "confidence": [
            1.0
        ],
        "technique": "GitHub API"
    },
    "name": {
        "excerpt": "devops-infra",
        "confidence": [
            1.0
        ],
        "technique": "GitHub API"
    },
    "fullName": {
        "excerpt": "oeg-upm/devops-infra",
        "confidence": [
            1.0
        ],
        "technique": "GitHub API"
    },
    "issueTracker": {
        "excerpt": "https://api.github.com/repos/oeg-upm/devops-infra/issues",
        "confidence": [
            1.0
        ],
        "technique": "GitHub API"
    },
    "forksUrl": {
        "excerpt": "https://api.github.com/repos/oeg-upm/devops-infra/forks",
        "confidence": [
            1.0
        ],
        "technique": "GitHub API"
    },
    "downloadUrl": {
        "excerpt": "https://github.com/oeg-upm/devops-infra/releases",
        "confidence": [
            1.0
        ],
        "technique": "GitHub API"
    },
    "stargazersCount": {
        "excerpt": {
            "count": 4,
            "date": "Thu, 19 May 2022 10:52:56 GMT"
        },
        "confidence": [
            1.0
        ],
        "technique": "GitHub API"
    },
    "forksCount": {
        "excerpt": {
            "count": 0,
            "date": "Thu, 19 May 2022 10:52:56 GMT"
        },
        "confidence": [
            1.0
        ],
        "technique": "GitHub API"
    },
    "languages": {
        "excerpt": [
            "HTML",
            "CSS",
            "JavaScript"
        ],
        "confidence": [
            1.0
        ],
        "technique": "GitHub API"
    },
    "readmeUrl": {
        "excerpt": "https://raw.githubusercontent.com/oeg-upm/devops-infra/master/README.md",
        "confidence": [
            1.0
        ],
        "technique": "GitHub API"
    },
    "ontologies": {
        "excerpt": [
            {
                "uri": "http://w3id.org/devops-infra/database",
                "file_url": "https://raw.githubusercontent.com/oeg-upm/devops-infra/master/ontology/database/ontology.nt"
            },
            {
                "uri": "http://w3id.org/devops-infra/database",
                "file_url": "https://raw.githubusercontent.com/oeg-upm/devops-infra/master/ontology/database/ontology.xml"
            },
            {
                "uri": "http://w3id.org/devops-infra/database",
                "file_url": "https://raw.githubusercontent.com/oeg-upm/devops-infra/master/ontology/database/ontology.ttl"
            },
            {
                "uri": "http://w3id.org/devops-infra/hardware",
                "file_url": "https://raw.githubusercontent.com/oeg-upm/devops-infra/master/ontology/hardware/ontology.nt"
            },
            {
                "uri": "http://w3id.org/devops-infra/hardware",
                "file_url": "https://raw.githubusercontent.com/oeg-upm/devops-infra/master/ontology/hardware/ontology.xml"
            },
            {
                "uri": "http://w3id.org/devops-infra/hardware",
                "file_url": "https://raw.githubusercontent.com/oeg-upm/devops-infra/master/ontology/hardware/ontology.ttl"
            },
            {
                "uri": "http://w3id.org/devops-infra/core",
                "file_url": "https://raw.githubusercontent.com/oeg-upm/devops-infra/master/ontology/core/ontology.nt"
            },
            {
                "uri": "http://w3id.org/devops-infra/core",
                "file_url": "https://raw.githubusercontent.com/oeg-upm/devops-infra/master/ontology/core/ontology.xml"
            },
            {
                "uri": "http://w3id.org/devops-infra/core",
                "file_url": "https://raw.githubusercontent.com/oeg-upm/devops-infra/master/ontology/core/ontology.ttl"
            },
            {
                "uri": "http://w3id.org/devops-infra/certificate",
                "file_url": "https://raw.githubusercontent.com/oeg-upm/devops-infra/master/ontology/certificate/ontology.nt"
            },
            {
                "uri": "http://w3id.org/devops-infra/certificate",
                "file_url": "https://raw.githubusercontent.com/oeg-upm/devops-infra/master/ontology/certificate/ontology.xml"
            },
            {
                "uri": "http://w3id.org/devops-infra/certificate",
                "file_url": "https://raw.githubusercontent.com/oeg-upm/devops-infra/master/ontology/certificate/ontology.ttl"
            },
            {
                "uri": "http://w3id.org/devops-infra/network",
                "file_url": "https://raw.githubusercontent.com/oeg-upm/devops-infra/master/ontology/network/ontology.nt"
            },
            {
                "uri": "http://w3id.org/devops-infra/network",
                "file_url": "https://raw.githubusercontent.com/oeg-upm/devops-infra/master/ontology/network/ontology.xml"
            },
            {
                "uri": "http://w3id.org/devops-infra/network",
                "file_url": "https://raw.githubusercontent.com/oeg-upm/devops-infra/master/ontology/network/ontology.ttl"
            },
            {
                "uri": "http://w3id.org/devops-infra/server",
                "file_url": "https://raw.githubusercontent.com/oeg-upm/devops-infra/master/ontology/server/ontology.nt"
            },
            {
                "uri": "http://w3id.org/devops-infra/server",
                "file_url": "https://raw.githubusercontent.com/oeg-upm/devops-infra/master/ontology/server/ontology.xml"
            },
            {
                "uri": "http://w3id.org/devops-infra/server",
                "file_url": "https://raw.githubusercontent.com/oeg-upm/devops-infra/master/ontology/server/ontology.ttl"
            },
            {
                "uri": "http://w3id.org/devops-infra/product",
                "file_url": "https://raw.githubusercontent.com/oeg-upm/devops-infra/master/ontology/product/ontology.nt"
            },
            {
                "uri": "http://w3id.org/devops-infra/product",
                "file_url": "https://raw.githubusercontent.com/oeg-upm/devops-infra/master/ontology/product/ontology.xml"
            },
            {
                "uri": "http://w3id.org/devops-infra/product",
                "file_url": "https://raw.githubusercontent.com/oeg-upm/devops-infra/master/ontology/product/ontology.ttl"
            },
            {
                "uri": "http://w3id.org/devops-infra/software",
                "file_url": "https://raw.githubusercontent.com/oeg-upm/devops-infra/master/ontology/software/ontology.nt"
            },
            {
                "uri": "http://w3id.org/devops-infra/software",
                "file_url": "https://raw.githubusercontent.com/oeg-upm/devops-infra/master/ontology/software/ontology.xml"
            },
            {
                "uri": "http://w3id.org/devops-infra/software",
                "file_url": "https://raw.githubusercontent.com/oeg-upm/devops-infra/master/ontology/software/ontology.ttl"
            },
            {
                "uri": "http://w3id.org/devops-infra/data-center",
                "file_url": "https://raw.githubusercontent.com/oeg-upm/devops-infra/master/ontology/data-center/ontology.nt"
            },
            {
                "uri": "http://w3id.org/devops-infra/data-center",
                "file_url": "https://raw.githubusercontent.com/oeg-upm/devops-infra/master/ontology/data-center/ontology.xml"
            },
            {
                "uri": "http://w3id.org/devops-infra/data-center",
                "file_url": "https://raw.githubusercontent.com/oeg-upm/devops-infra/master/ontology/data-center/ontology.ttl"
            },
            {
                "uri": "http://w3id.org/devops-infra/workflow",
                "file_url": "https://raw.githubusercontent.com/oeg-upm/devops-infra/master/ontology/workflow/ontology.nt"
            },
            {
                "uri": "http://w3id.org/devops-infra/workflow",
                "file_url": "https://raw.githubusercontent.com/oeg-upm/devops-infra/master/ontology/workflow/ontology.xml"
            },
            {
                "uri": "http://w3id.org/devops-infra/workflow",
                "file_url": "https://raw.githubusercontent.com/oeg-upm/devops-infra/master/ontology/workflow/ontology.ttl"
            },
            {
                "uri": "http://w3id.org/devops-infra/organisation",
                "file_url": "https://raw.githubusercontent.com/oeg-upm/devops-infra/master/ontology/organisation/ontology.nt"
            },
            {
                "uri": "http://w3id.org/devops-infra/organisation",
                "file_url": "https://raw.githubusercontent.com/oeg-upm/devops-infra/master/ontology/organisation/ontology.xml"
            },
            {
                "uri": "http://w3id.org/devops-infra/organisation",
                "file_url": "https://raw.githubusercontent.com/oeg-upm/devops-infra/master/ontology/organisation/ontology.ttl"
            }
        ],
        "confidence": [
            1.0
        ],
        "technique": "File Exploration"
    },
    "releases": {
        "excerpt": [
            {
                "tagName": "1.0.0",
                "name": "First official version",
                "authorName": "ocorcho",
                "authorType": "User",
                "body": "First official release of this Ontology Network for the representation of a DevOps infrastructure. It consists of 10 interrelated ontologies, which represent different aspects of such an infrastructure.\r\n\r\nThis release also includes a set of 16 SKOS concept schemes, with their corresponding SKOS concepts, and several HTML files for the publication of the catalogue of ontologies and thesauri.",
                "tarballUrl": "https://api.github.com/repos/oeg-upm/devops-infra/tarball/1.0.0",
                "zipballUrl": "https://api.github.com/repos/oeg-upm/devops-infra/zipball/1.0.0",
                "htmlUrl": "https://github.com/oeg-upm/devops-infra/releases/tag/1.0.0",
                "url": "https://api.github.com/repos/oeg-upm/devops-infra/releases/41653525",
                "dateCreated": "2021-04-19T15:27:52Z",
                "datePublished": "2021-04-19T15:33:02Z"
            }
        ],
        "confidence": [
            1.0
        ],
        "technique": "GitHub API"
    }
}