{
    "codeRepository": {
        "excerpt": "https://github.com/oeg-upm/bimerr-website",
        "confidence": [
            1.0
        ],
        "technique": "GitHub API"
    },
    "owner": {
        "excerpt": "oeg-upm",
        "confidence": [
            1.0
        ],
        "technique": "GitHub API"
    },
    "ownerType": {
        "excerpt": "Organization",
        "confidence": [
            1.0
        ],
        "technique": "GitHub API"
    },
    "dateCreated": {
        "excerpt": "2020-06-05T11:31:53Z",
        "confidence": [
            1.0
        ],
        "technique": "GitHub API"
    },
    "dateModified": {
        "excerpt": "2021-05-26T11:09:56Z",
        "confidence": [
            1.0
        ],
        "technique": "GitHub API"
    },
    "description": [
        {
            "excerpt": "Repository for the bimerr project website",
            "confidence": [
                1.0
            ],
            "technique": "GitHub API"
        }
    ],
    "name": {
        "excerpt": "bimerr-website",
        "confidence": [
            1.0
        ],
        "technique": "GitHub API"
    },
    "fullName": {
        "excerpt": "oeg-upm/bimerr-website",
        "confidence": [
            1.0
        ],
        "technique": "GitHub API"
    },
    "issueTracker": {
        "excerpt": "https://api.github.com/repos/oeg-upm/bimerr-website/issues",
        "confidence": [
            1.0
        ],
        "technique": "GitHub API"
    },
    "forksUrl": {
        "excerpt": "https://api.github.com/repos/oeg-upm/bimerr-website/forks",
        "confidence": [
            1.0
        ],
        "technique": "GitHub API"
    },
    "downloadUrl": {
        "excerpt": "https://github.com/oeg-upm/bimerr-website/releases",
        "confidence": [
            1.0
        ],
        "technique": "GitHub API"
    },
    "stargazersCount": {
        "excerpt": {
            "count": 0,
            "date": "Thu, 19 May 2022 10:35:25 GMT"
        },
        "confidence": [
            1.0
        ],
        "technique": "GitHub API"
    },
    "forksCount": {
        "excerpt": {
            "count": 1,
            "date": "Thu, 19 May 2022 10:35:25 GMT"
        },
        "confidence": [
            1.0
        ],
        "technique": "GitHub API"
    },
    "languages": {
        "excerpt": [
            "HTML",
            "CSS",
            "JavaScript"
        ],
        "confidence": [
            1.0
        ],
        "technique": "GitHub API"
    },
    "ontologies": {
        "excerpt": [
            {
                "uri": "http://bimerr.iot.linkeddata.es/def/renovation-process",
                "file_url": "https://raw.githubusercontent.com/oeg-upm/bimerr-website/master/def/renovation-process/ontology.nt"
            },
            {
                "uri": "http://bimerr.iot.linkeddata.es/def/renovation-process",
                "file_url": "https://raw.githubusercontent.com/oeg-upm/bimerr-website/master/def/renovation-process/ontology.xml"
            },
            {
                "uri": "http://bimerr.iot.linkeddata.es/def/renovation-process",
                "file_url": "https://raw.githubusercontent.com/oeg-upm/bimerr-website/master/def/renovation-process/ontology.ttl"
            },
            {
                "uri": "http://bimerr.iot.linkeddata.es/def/sensor-data#",
                "file_url": "https://raw.githubusercontent.com/oeg-upm/bimerr-website/master/def/sensor-data/ontology.nt"
            },
            {
                "uri": "http://bimerr.iot.linkeddata.es/def/sensor-data#",
                "file_url": "https://raw.githubusercontent.com/oeg-upm/bimerr-website/master/def/sensor-data/ontology.xml"
            },
            {
                "uri": "http://bimerr.iot.linkeddata.es/def/sensor-data#",
                "file_url": "https://raw.githubusercontent.com/oeg-upm/bimerr-website/master/def/sensor-data/ontology.ttl"
            },
            {
                "uri": "http://bimerr.iot.linkeddata.es/def/annotation-objects#",
                "file_url": "https://raw.githubusercontent.com/oeg-upm/bimerr-website/master/def/annotation-objects/ontology.nt"
            },
            {
                "uri": "http://bimerr.iot.linkeddata.es/def/annotation-objects#",
                "file_url": "https://raw.githubusercontent.com/oeg-upm/bimerr-website/master/def/annotation-objects/ontology.xml"
            },
            {
                "uri": "http://bimerr.iot.linkeddata.es/def/annotation-objects#",
                "file_url": "https://raw.githubusercontent.com/oeg-upm/bimerr-website/master/def/annotation-objects/ontology.ttl"
            },
            {
                "uri": "https://bimerr.iot.linkeddata.es/def/weather",
                "file_url": "https://raw.githubusercontent.com/oeg-upm/bimerr-website/master/def/weather/ontology.nt"
            },
            {
                "uri": "https://bimerr.iot.linkeddata.es/def/weather",
                "file_url": "https://raw.githubusercontent.com/oeg-upm/bimerr-website/master/def/weather/ontology.xml"
            },
            {
                "uri": "https://bimerr.iot.linkeddata.es/def/weather",
                "file_url": "https://raw.githubusercontent.com/oeg-upm/bimerr-website/master/def/weather/ontology.ttl"
            },
            {
                "uri": "http://bimerr.iot.linkeddata.es/def/occupancy-profile#",
                "file_url": "https://raw.githubusercontent.com/oeg-upm/bimerr-website/master/def/occupancy-profile/ontology.nt"
            },
            {
                "uri": "http://bimerr.iot.linkeddata.es/def/occupancy-profile#",
                "file_url": "https://raw.githubusercontent.com/oeg-upm/bimerr-website/master/def/occupancy-profile/ontology.xml"
            },
            {
                "uri": "http://bimerr.iot.linkeddata.es/def/occupancy-profile#",
                "file_url": "https://raw.githubusercontent.com/oeg-upm/bimerr-website/master/def/occupancy-profile/ontology.ttl"
            },
            {
                "uri": "http://bimerr.iot.linkeddata.es/def/information-objects#",
                "file_url": "https://raw.githubusercontent.com/oeg-upm/bimerr-website/master/def/information-objects/ontology.nt"
            },
            {
                "uri": "http://bimerr.iot.linkeddata.es/def/information-objects#",
                "file_url": "https://raw.githubusercontent.com/oeg-upm/bimerr-website/master/def/information-objects/ontology.xml"
            },
            {
                "uri": "http://bimerr.iot.linkeddata.es/def/information-objects#",
                "file_url": "https://raw.githubusercontent.com/oeg-upm/bimerr-website/master/def/information-objects/ontology.ttl"
            },
            {
                "uri": "http://bimerr.iot.linkeddata.es/def/key-performance-indicator#",
                "file_url": "https://raw.githubusercontent.com/oeg-upm/bimerr-website/master/def/key-performance-indicator/ontology.nt"
            },
            {
                "uri": "http://bimerr.iot.linkeddata.es/def/key-performance-indicator#",
                "file_url": "https://raw.githubusercontent.com/oeg-upm/bimerr-website/master/def/key-performance-indicator/ontology.xml"
            },
            {
                "uri": "http://bimerr.iot.linkeddata.es/def/key-performance-indicator#",
                "file_url": "https://raw.githubusercontent.com/oeg-upm/bimerr-website/master/def/key-performance-indicator/ontology.ttl"
            },
            {
                "uri": "http://bimerr.iot.linkeddata.es/def/bimerr-metadata",
                "file_url": "https://raw.githubusercontent.com/oeg-upm/bimerr-website/master/def/metadata/ontology.nt"
            },
            {
                "uri": "http://bimerr.iot.linkeddata.es/def/bimerr-metadata",
                "file_url": "https://raw.githubusercontent.com/oeg-upm/bimerr-website/master/def/metadata/ontology.xml"
            },
            {
                "uri": "http://bimerr.iot.linkeddata.es/def/bimerr-metadata",
                "file_url": "https://raw.githubusercontent.com/oeg-upm/bimerr-website/master/def/metadata/ontology.ttl"
            },
            {
                "uri": "http://bimerr.iot.linkeddata.es/def/material-properties#",
                "file_url": "https://raw.githubusercontent.com/oeg-upm/bimerr-website/master/def/material-properties/ontology.nt"
            },
            {
                "uri": "http://bimerr.iot.linkeddata.es/def/material-properties#",
                "file_url": "https://raw.githubusercontent.com/oeg-upm/bimerr-website/master/def/material-properties/ontology.xml"
            },
            {
                "uri": "http://bimerr.iot.linkeddata.es/def/material-properties#",
                "file_url": "https://raw.githubusercontent.com/oeg-upm/bimerr-website/master/def/material-properties/ontology.ttl"
            },
            {
                "uri": "http://bimerr.iot.linkeddata.es/def/renovation-measures#",
                "file_url": "https://raw.githubusercontent.com/oeg-upm/bimerr-website/master/def/renovation-measures/ontology.nt"
            },
            {
                "uri": "http://bimerr.iot.linkeddata.es/def/renovation-measures#",
                "file_url": "https://raw.githubusercontent.com/oeg-upm/bimerr-website/master/def/renovation-measures/ontology.xml"
            },
            {
                "uri": "http://bimerr.iot.linkeddata.es/def/renovation-measures#",
                "file_url": "https://raw.githubusercontent.com/oeg-upm/bimerr-website/master/def/renovation-measures/ontology.ttl"
            },
            {
                "uri": "http://bimerr.iot.linkeddata.es/def/building#",
                "file_url": "https://raw.githubusercontent.com/oeg-upm/bimerr-website/master/def/building/ontology.nt"
            },
            {
                "uri": "http://bimerr.iot.linkeddata.es/def/building#",
                "file_url": "https://raw.githubusercontent.com/oeg-upm/bimerr-website/master/def/building/ontology.xml"
            },
            {
                "uri": "http://bimerr.iot.linkeddata.es/def/building#",
                "file_url": "https://raw.githubusercontent.com/oeg-upm/bimerr-website/master/def/building/ontology.ttl"
            },
            {
                "uri": "http://bimerr.iot.linkeddata.es/def/renovation-process-enriched#",
                "file_url": "https://raw.githubusercontent.com/oeg-upm/bimerr-website/master/ontologies/renp_enriched.ttl"
            },
            {
                "uri": "http://www.semanticweb.org/hp/ontologies/2020/9/untitled-ontology-206",
                "file_url": "https://raw.githubusercontent.com/oeg-upm/bimerr-website/master/ontologies/mat_enriched.ttl"
            },
            {
                "uri": "http://bimerr.iot.linkeddata.es/def/information-objects-enriched#",
                "file_url": "https://raw.githubusercontent.com/oeg-upm/bimerr-website/master/ontologies/io_enriched.ttl"
            },
            {
                "uri": "http://bimerr.iot.linkeddata.es/def/occupancy-profile-enriched#",
                "file_url": "https://raw.githubusercontent.com/oeg-upm/bimerr-website/master/ontologies/op_enriched.ttl"
            },
            {
                "uri": "http://www.semanticweb.org/hp/ontologies/2020/9/untitled-ontology-209",
                "file_url": "https://raw.githubusercontent.com/oeg-upm/bimerr-website/master/ontologies/sd_enriched.ttl"
            },
            {
                "uri": "http://bimerr.iot.linkeddata.es/def/key-performance-indicator-enriched#",
                "file_url": "https://raw.githubusercontent.com/oeg-upm/bimerr-website/master/ontologies/kpi_enriched.ttl"
            },
            {
                "uri": "http://bimerr.iot.linkeddata.es/def/annotation-objects-enriched#",
                "file_url": "https://raw.githubusercontent.com/oeg-upm/bimerr-website/master/ontologies/ao_enriched.ttl"
            },
            {
                "uri": "http://bimerr.iot.linkeddata.es/def/building-enriched#",
                "file_url": "https://raw.githubusercontent.com/oeg-upm/bimerr-website/master/ontologies/building_enriched.ttl"
            }
        ],
        "confidence": [
            1.0
        ],
        "technique": "File Exploration"
    }
}