{
    "description": [
        {
            "excerpt": "A scalable version of tada entity using the MapReduce framework\n \n",
            "confidence": [
                [
                    0.9007604474039165
                ]
            ],
            "technique": "Supervised classification",
            "originalHeader": "tada-gam"
        },
        {
            "excerpt": "A scalable version of tada entity",
            "confidence": [
                1.0
            ],
            "technique": "GitHub API"
        }
    ],
    "installation": [
        {
            "originalHeader": "Install (Mac and Ubuntu)",
            "excerpt": "1. Download the application via `git` or the web interface of github (make sure to include the submodules as well e.g., `git clone --recursive https://github.com/oeg-upm/tada-gam.git`)\n1. using the terminal, go to project directory `cd /home/ubuntu/tada-gam` (if `/home/ubuntu/` was your download location)\n1. Create virtual environment`virtualenv -p /usr/bin/python2.7 .venv` (you need to have virtualenv installed)\n1. Activate the virtual environment `source .venv/bin/activate`\n1. Install dependencies via pip `pip install -r requirements.txt ` \n",
            "confidence": [
                1.0
            ],
            "technique": "Header extraction"
        },
        {
            "excerpt": "```\ngit submodule foreach git pull origin master\n```\n[source](https://stackoverflow.com/questions/5828324/update-git-submodule-to-latest-commit-on-origin) \n",
            "confidence": [
                [
                    0.9177454271676186
                ]
            ],
            "technique": "Supervised classification",
            "originalHeader": "To update submodules"
        }
    ],
    "longTitle": {
        "excerpt": "tada-gam",
        "confidence": [
            1.0
        ],
        "technique": "Regular expression"
    },
    "identifier": [
        {
            "excerpt": "https://doi.org/10.5281/zenodo.3545624",
            "confidence": [
                1.0
            ],
            "technique": "Regular expression"
        }
    ],
    "download": [
        {
            "originalHeader": "Download T2Dv2 experimental data via command line",
            "excerpt": "*This follows the install step* it is only needed if you want to run the experiments \n1. Go to the experiment url using the terminal `cd experiments/t2dv2/data`\n1. Download T2Dv2 data via wget `wget http://webdatacommons.org/webtables/extended_instance_goldstandard.tar.gz`\n1. Extract the downloaded file `tar -xvzf extended_instance_goldstandard.tar.gz`\n1. Delete the archive (optional) `rm extended_instance_goldstandard.tar.gz`\n1. Overwrite the gold standard with the fixed one`cp ../classes_GS.fixed classes_GS.csv`\n1. Generate CSV copy from the JSON\n    1. In the terminal, go to the directory of the application `cd ../../..`\n    1. Activate the virtual environment `source .venv/bin/activate`\n    1. Go to t2dv2 directory `cd experiments/t2dv2/`\n    1. Generate CSV copy `python preprocessing.py`\n\n",
            "confidence": [
                1.0
            ],
            "technique": "Header extraction"
        }
    ],
    "requirement": [
        {
            "originalHeader": "requirements",
            "excerpt": "* `docker`\n* `docker-compose`\n* `python 2.7`\n\n",
            "confidence": [
                1.0
            ],
            "technique": "Header extraction"
        }
    ],
    "run": [
        {
            "originalHeader": "T2Dv2",
            "excerpt": "1. Download and locate the data automatically (see above) or manually like here\n    1. Download the data from the official [website](http://webdatacommons.org/webtables/goldstandard.html)\n    1. Locate the downloaded data into `experiments/t2dv2/data`\n    1. Replace the file `experiments/t2dv2/data/classes_GS.csv` with `experiments/t2dv2/classes_GS.fixed`\nand rename it to `classes_GS.csv`.\n1. In the terminal, go to the directory of the application \n1. Activate the virtual environment `source .venv/bin/activate`\n1. Go to the experiment directory `cd experiments/t2dv2`\n1. Run the labeling task `python label_experiment.py start --sample all` (note that this will \nuse docker-compose and will startup the instances, automatically)\n1. In another window, run this command `python label_experiment.py collect --sample all`. This \nwill collect the data from the instances, so in case the experiment has been interrupted or\nstopped, it will resume (to resume, start from step 4).\n1. Once the experiment is done, you can compute the results `python label_experiment.py results --sample all` (it will fetch them from the combine instances) \n1. Show the scores `python label_experiment.py show --sample all` (precision, recall, and F1)\n\n*note: for sample `all`, it will run normally, for sample `10`, it will take the top 10 values from each subject column only*\n",
            "parentHeader": [
                "To run the experiments",
                "Subject Column Detection"
            ],
            "confidence": [
                1.0
            ],
            "technique": "Header extraction"
        },
        {
            "originalHeader": "T2D-TAIPAN",
            "excerpt": "The T2D set used in the TAIPAN \n1. In the terminal, go to the directory of the application\n1. Activate the virtual environment `source .venv/bin/activate`\n1. Go to Taipan experiment directory `cd experiments/taipan`\n1. Download and preprocess `python preprocessing.py` (you must have `wget` installed)\n1. Run the experiment `python experiment.py`\n1. The scores will be located in `data/scores.csv`\n",
            "parentHeader": [
                "To run the experiments",
                "Subject Column Detection"
            ],
            "confidence": [
                1.0
            ],
            "technique": "Header extraction"
        }
    ],
    "usage": [
        {
            "originalHeader": "Usage",
            "excerpt": "To use this tool, we need to talk with the `captain.py`. It manages the \nother resources and assign tasks and data. Although it can be done\ndirectly, but you need to understand how the flow works.\n",
            "confidence": [
                1.0
            ],
            "technique": "Header extraction"
        },
        {
            "originalHeader": "Step1: Startup the services",
            "excerpt": "```\npython captain.py up --services score=3 combine=2\n```\nIn this command we are running 3 instances of the `score` service and\n2 instance of `combine`. You can adjust that to meet your needs \n",
            "parentHeader": [
                "Usage"
            ],
            "confidence": [
                1.0
            ],
            "technique": "Header extraction"
        },
        {
            "originalHeader": "Step2: Label columns",
            "excerpt": "```\npython captain.py label --files local_data/data.csv --sample all\n```\nYou can specify as much files are you want. You can also make use of \nthe wild card like that `local_data/*.csv`.\nThis can be executed multiple times without the need to restart or \nrebuild the services\n\n\n*arguments*:\n```\nusage: label_experiment.py [-h] [--alpha ALPHA] [--fname FNAME]\n                           [--sample {all,10}]\n                           {start,results,show,collect,single}\n\nCaptain to look after the processes\n\npositional arguments:\n  {start,results,show,collect,single}\n                        \"start\": To start the experiment \"collect\": To collect\n                        the results from the running combine instances\n                        \"results\": To compute the collected results (to be run\n                        after the \"collect\" option) \"show\": To show the\n                        computed results (to be run after the \"results\"\n                        option) \"single\": To show the results for a single\n                        file with a given alpha (to be run after the\n                        \"collect\")\n\noptional arguments:\n  -h, --help            show this help message and exit\n  --alpha ALPHA         The alpha to be used (only for single option)\n  --fname FNAME         The file name the results will be computed for (only\n                        for single option)\n  --sample {all,10}     The sampling method\n```\n",
            "parentHeader": [
                "Usage"
            ],
            "confidence": [
                1.0
            ],
            "technique": "Header extraction"
        }
    ],
    "codeRepository": {
        "excerpt": "https://github.com/oeg-upm/tada-gam",
        "confidence": [
            1.0
        ],
        "technique": "GitHub API"
    },
    "owner": {
        "excerpt": "oeg-upm",
        "confidence": [
            1.0
        ],
        "technique": "GitHub API"
    },
    "ownerType": {
        "excerpt": "Organization",
        "confidence": [
            1.0
        ],
        "technique": "GitHub API"
    },
    "dateCreated": {
        "excerpt": "2019-05-08T11:04:32Z",
        "confidence": [
            1.0
        ],
        "technique": "GitHub API"
    },
    "dateModified": {
        "excerpt": "2019-11-18T09:11:39Z",
        "confidence": [
            1.0
        ],
        "technique": "GitHub API"
    },
    "license": {
        "excerpt": {
            "name": "Apache License 2.0",
            "url": "https://api.github.com/licenses/apache-2.0"
        },
        "confidence": [
            1.0
        ],
        "technique": "GitHub API"
    },
    "name": {
        "excerpt": "tada-gam",
        "confidence": [
            1.0
        ],
        "technique": "GitHub API"
    },
    "fullName": {
        "excerpt": "oeg-upm/tada-gam",
        "confidence": [
            1.0
        ],
        "technique": "GitHub API"
    },
    "issueTracker": {
        "excerpt": "https://api.github.com/repos/oeg-upm/tada-gam/issues",
        "confidence": [
            1.0
        ],
        "technique": "GitHub API"
    },
    "forksUrl": {
        "excerpt": "https://api.github.com/repos/oeg-upm/tada-gam/forks",
        "confidence": [
            1.0
        ],
        "technique": "GitHub API"
    },
    "downloadUrl": {
        "excerpt": "https://github.com/oeg-upm/tada-gam/releases",
        "confidence": [
            1.0
        ],
        "technique": "GitHub API"
    },
    "stargazersCount": {
        "excerpt": {
            "count": 1,
            "date": "Thu, 19 May 2022 10:11:27 GMT"
        },
        "confidence": [
            1.0
        ],
        "technique": "GitHub API"
    },
    "forksCount": {
        "excerpt": {
            "count": 0,
            "date": "Thu, 19 May 2022 10:11:27 GMT"
        },
        "confidence": [
            1.0
        ],
        "technique": "GitHub API"
    },
    "languages": {
        "excerpt": [
            "Python",
            "HTML",
            "Shell"
        ],
        "confidence": [
            1.0
        ],
        "technique": "GitHub API"
    },
    "licenseText": {
        "excerpt": "b'                                 Apache License\\n                           Version 2.0, January 2004\\n                        http://www.apache.org/licenses/\\n\\n   TERMS AND CONDITIONS FOR USE, REPRODUCTION, AND DISTRIBUTION\\n\\n   1. Definitions.\\n\\n      \"License\" shall mean the terms and conditions for use, reproduction,\\n      and distribution as defined by Sections 1 through 9 of this document.\\n\\n      \"Licensor\" shall mean the copyright owner or entity authorized by\\n      the copyright owner that is granting the License.\\n\\n      \"Legal Entity\" shall mean the union of the acting entity and all\\n      other entities that control, are controlled by, or are under common\\n      control with that entity. For the purposes of this definition,\\n      \"control\" means (i) the power, direct or indirect, to cause the\\n      direction or management of such entity, whether by contract or\\n      otherwise, or (ii) ownership of fifty percent (50%) or more of the\\n      outstanding shares, or (iii) beneficial ownership of such entity.\\n\\n      \"You\" (or \"Your\") shall mean an individual or Legal Entity\\n      exercising permissions granted by this License.\\n\\n      \"Source\" form shall mean the preferred form for making modifications,\\n      including but not limited to software source code, documentation\\n      source, and configuration files.\\n\\n      \"Object\" form shall mean any form resulting from mechanical\\n      transformation or translation of a Source form, including but\\n      not limited to compiled object code, generated documentation,\\n      and conversions to other media types.\\n\\n      \"Work\" shall mean the work of authorship, whether in Source or\\n      Object form, made available under the License, as indicated by a\\n      copyright notice that is included in or attached to the work\\n      (an example is provided in the Appendix below).\\n\\n      \"Derivative Works\" shall mean any work, whether in Source or Object\\n      form, that is based on (or derived from) the Work and for which the\\n      editorial revisions, annotations, elaborations, or other modifications\\n      represent, as a whole, an original work of authorship. For the purposes\\n      of this License, Derivative Works shall not include works that remain\\n      separable from, or merely link (or bind by name) to the interfaces of,\\n      the Work and Derivative Works thereof.\\n\\n      \"Contribution\" shall mean any work of authorship, including\\n      the original version of the Work and any modifications or additions\\n      to that Work or Derivative Works thereof, that is intentionally\\n      submitted to Licensor for inclusion in the Work by the copyright owner\\n      or by an individual or Legal Entity authorized to submit on behalf of\\n      the copyright owner. For the purposes of this definition, \"submitted\"\\n      means any form of electronic, verbal, or written communication sent\\n      to the Licensor or its representatives, including but not limited to\\n      communication on electronic mailing lists, source code control systems,\\n      and issue tracking systems that are managed by, or on behalf of, the\\n      Licensor for the purpose of discussing and improving the Work, but\\n      excluding communication that is conspicuously marked or otherwise\\n      designated in writing by the copyright owner as \"Not a Contribution.\"\\n\\n      \"Contributor\" shall mean Licensor and any individual or Legal Entity\\n      on behalf of whom a Contribution has been received by Licensor and\\n      subsequently incorporated within the Work.\\n\\n   2. Grant of Copyright License. Subject to the terms and conditions of\\n      this License, each Contributor hereby grants to You a perpetual,\\n      worldwide, non-exclusive, no-charge, royalty-free, irrevocable\\n      copyright license to reproduce, prepare Derivative Works of,\\n      publicly display, publicly perform, sublicense, and distribute the\\n      Work and such Derivative Works in Source or Object form.\\n\\n   3. Grant of Patent License. Subject to the terms and conditions of\\n      this License, each Contributor hereby grants to You a perpetual,\\n      worldwide, non-exclusive, no-charge, royalty-free, irrevocable\\n      (except as stated in this section) patent license to make, have made,\\n      use, offer to sell, sell, import, and otherwise transfer the Work,\\n      where such license applies only to those patent claims licensable\\n      by such Contributor that are necessarily infringed by their\\n      Contribution(s) alone or by combination of their Contribution(s)\\n      with the Work to which such Contribution(s) was submitted. If You\\n      institute patent litigation against any entity (including a\\n      cross-claim or counterclaim in a lawsuit) alleging that the Work\\n      or a Contribution incorporated within the Work constitutes direct\\n      or contributory patent infringement, then any patent licenses\\n      granted to You under this License for that Work shall terminate\\n      as of the date such litigation is filed.\\n\\n   4. Redistribution. You may reproduce and distribute copies of the\\n      Work or Derivative Works thereof in any medium, with or without\\n      modifications, and in Source or Object form, provided that You\\n      meet the following conditions:\\n\\n      (a) You must give any other recipients of the Work or\\n          Derivative Works a copy of this License; and\\n\\n      (b) You must cause any modified files to carry prominent notices\\n          stating that You changed the files; and\\n\\n      (c) You must retain, in the Source form of any Derivative Works\\n          that You distribute, all copyright, patent, trademark, and\\n          attribution notices from the Source form of the Work,\\n          excluding those notices that do not pertain to any part of\\n          the Derivative Works; and\\n\\n      (d) If the Work includes a \"NOTICE\" text file as part of its\\n          distribution, then any Derivative Works that You distribute must\\n          include a readable copy of the attribution notices contained\\n          within such NOTICE file, excluding those notices that do not\\n          pertain to any part of the Derivative Works, in at least one\\n          of the following places: within a NOTICE text file distributed\\n          as part of the Derivative Works; within the Source form or\\n          documentation, if provided along with the Derivative Works; or,\\n          within a display generated by the Derivative Works, if and\\n          wherever such third-party notices normally appear. The contents\\n          of the NOTICE file are for informational purposes only and\\n          do not modify the License. You may add Your own attribution\\n          notices within Derivative Works that You distribute, alongside\\n          or as an addendum to the NOTICE text from the Work, provided\\n          that such additional attribution notices cannot be construed\\n          as modifying the License.\\n\\n      You may add Your own copyright statement to Your modifications and\\n      may provide additional or different license terms and conditions\\n      for use, reproduction, or distribution of Your modifications, or\\n      for any such Derivative Works as a whole, provided Your use,\\n      reproduction, and distribution of the Work otherwise complies with\\n      the conditions stated in this License.\\n\\n   5. Submission of Contributions. Unless You explicitly state otherwise,\\n      any Contribution intentionally submitted for inclusion in the Work\\n      by You to the Licensor shall be under the terms and conditions of\\n      this License, without any additional terms or conditions.\\n      Notwithstanding the above, nothing herein shall supersede or modify\\n      the terms of any separate license agreement you may have executed\\n      with Licensor regarding such Contributions.\\n\\n   6. Trademarks. This License does not grant permission to use the trade\\n      names, trademarks, service marks, or product names of the Licensor,\\n      except as required for reasonable and customary use in describing the\\n      origin of the Work and reproducing the content of the NOTICE file.\\n\\n   7. Disclaimer of Warranty. Unless required by applicable law or\\n      agreed to in writing, Licensor provides the Work (and each\\n      Contributor provides its Contributions) on an \"AS IS\" BASIS,\\n      WITHOUT WARRANTIES OR CONDITIONS OF ANY KIND, either express or\\n      implied, including, without limitation, any warranties or conditions\\n      of TITLE, NON-INFRINGEMENT, MERCHANTABILITY, or FITNESS FOR A\\n      PARTICULAR PURPOSE. You are solely responsible for determining the\\n      appropriateness of using or redistributing the Work and assume any\\n      risks associated with Your exercise of permissions under this License.\\n\\n   8. Limitation of Liability. In no event and under no legal theory,\\n      whether in tort (including negligence), contract, or otherwise,\\n      unless required by applicable law (such as deliberate and grossly\\n      negligent acts) or agreed to in writing, shall any Contributor be\\n      liable to You for damages, including any direct, indirect, special,\\n      incidental, or consequential damages of any character arising as a\\n      result of this License or out of the use or inability to use the\\n      Work (including but not limited to damages for loss of goodwill,\\n      work stoppage, computer failure or malfunction, or any and all\\n      other commercial damages or losses), even if such Contributor\\n      has been advised of the possibility of such damages.\\n\\n   9. Accepting Warranty or Additional Liability. While redistributing\\n      the Work or Derivative Works thereof, You may choose to offer,\\n      and charge a fee for, acceptance of support, warranty, indemnity,\\n      or other liability obligations and/or rights consistent with this\\n      License. However, in accepting such obligations, You may act only\\n      on Your own behalf and on Your sole responsibility, not on behalf\\n      of any other Contributor, and only if You agree to indemnify,\\n      defend, and hold each Contributor harmless for any liability\\n      incurred by, or claims asserted against, such Contributor by reason\\n      of your accepting any such warranty or additional liability.\\n\\n   END OF TERMS AND CONDITIONS\\n\\n   APPENDIX: How to apply the Apache License to your work.\\n\\n      To apply the Apache License to your work, attach the following\\n      boilerplate notice, with the fields enclosed by brackets \"[]\"\\n      replaced with your own identifying information. (Don\\'t include\\n      the brackets!)  The text should be enclosed in the appropriate\\n      comment syntax for the file format. We also recommend that a\\n      file or class name and description of purpose be included on the\\n      same \"printed page\" as the copyright notice for easier\\n      identification within third-party archives.\\n\\n   Copyright [yyyy] [name of copyright owner]\\n\\n   Licensed under the Apache License, Version 2.0 (the \"License\");\\n   you may not use this file except in compliance with the License.\\n   You may obtain a copy of the License at\\n\\n       http://www.apache.org/licenses/LICENSE-2.0\\n\\n   Unless required by applicable law or agreed to in writing, software\\n   distributed under the License is distributed on an \"AS IS\" BASIS,\\n   WITHOUT WARRANTIES OR CONDITIONS OF ANY KIND, either express or implied.\\n   See the License for the specific language governing permissions and\\n   limitations under the License.\\n'",
        "confidence": [
            1.0
        ],
        "technique": "File Exploration"
    },
    "readmeUrl": {
        "excerpt": "https://raw.githubusercontent.com/oeg-upm/tada-gam/master/README.md",
        "confidence": [
            1.0
        ],
        "technique": "GitHub API"
    },
    "hasBuildFile": [
        {
            "excerpt": [
                "https://raw.githubusercontent.com/oeg-upm/tada-gam/master/docker-compose.yml"
            ],
            "confidence": [
                1.0
            ],
            "technique": "File Exploration",
            "format": "Docker compose file"
        }
    ],
    "hasScriptFile": {
        "excerpt": [
            "https://raw.githubusercontent.com/oeg-upm/tada-gam/master/run_tests.sh",
            "https://raw.githubusercontent.com/oeg-upm/tada-gam/master/run_coverage.sh"
        ],
        "confidence": [
            1.0
        ],
        "technique": "File Exploration"
    },
    "releases": {
        "excerpt": [
            {
                "tagName": "v1.0",
                "name": "v1.0",
                "authorName": "ahmad88me",
                "authorType": "User",
                "body": "",
                "tarballUrl": "https://api.github.com/repos/oeg-upm/tada-gam/tarball/v1.0",
                "zipballUrl": "https://api.github.com/repos/oeg-upm/tada-gam/zipball/v1.0",
                "htmlUrl": "https://github.com/oeg-upm/tada-gam/releases/tag/v1.0",
                "url": "https://api.github.com/repos/oeg-upm/tada-gam/releases/21545996",
                "dateCreated": "2019-10-09T22:40:04Z",
                "datePublished": "2019-11-18T08:58:39Z"
            }
        ],
        "confidence": [
            1.0
        ],
        "technique": "GitHub API"
    },
    "inspect4py": {
        "software_type": "script",
        "run": "python /Users/dakixr/Desktop/github/scc/tmp/metadata/oeg-upm/tada-gam/captain.py"
    }
}