{
    "description": [
        {
            "excerpt": "With the ultimate goal of enabling the provision of multimodal transportation services, the EU Regulation 2017/1926 is requiring transport stakeholders to allow access to their data in specific and [standarised](http://www.transmodel-cen.eu/) data formats (i.e., NeTEx, SIRI)  \nCurrently, the requested data formats are rarely used, thus a data conversion is needed. Particularly *Transmodel Data Model* reflection in NeTEx can be driven by the [SNAP](https://www.snap-project.eu) solution which supports data conversion in different scenarios, decreasing the time required to perform it and hiding its complexity.  \nThanks to Pieter Colpaert, in the context of work in a CEN Transmodel working group, the base URI https://w3id.org/transmodel/terms# was reserved and eventually our development has been already published.\n \n",
            "confidence": [
                [
                    0.996980958245682,
                    0.991265899878169,
                    0.9310582296223084
                ]
            ],
            "technique": "Supervised classification",
            "originalHeader": "Purpose and scope of the vocabulary"
        },
        {
            "excerpt": "The material generated in the different activities carried out during the development of the vocabulary, use cases, user stories, glossary of terms, etc., is available in the [Vocabulary Wiki](https://github.com/oeg-upm/transmodel-ontology/wiki)\n \n",
            "confidence": [
                [
                    0.9722389661037375
                ]
            ],
            "technique": "Supervised classification",
            "originalHeader": "Development phases"
        },
        {
            "excerpt": "To manage those incidents or suggested improvements with respect to the vocabulary, we recommend you to follow the guides provided in [Issues Management](https://github.com/oeg-upm/transmodel-ontology/wiki/issues-management) to generate an issue (work in progress never ends)\n \n",
            "confidence": [
                [
                    0.9565702959197234
                ]
            ],
            "technique": "Supervised classification",
            "originalHeader": "Project maintenance"
        },
        {
            "excerpt": "A repository to work on the transmodel ontology that provides support to the NeTEx model",
            "confidence": [
                1.0
            ],
            "technique": "GitHub API"
        }
    ],
    "longTitle": {
        "excerpt": "Transmodel Ontology",
        "confidence": [
            1.0
        ],
        "technique": "Regular expression"
    },
    "documentation": [
        {
            "excerpt": "https://github.com/oeg-upm/transmodel-ontology/wiki",
            "confidence": [
                1.0
            ],
            "technique": "Regular expression",
            "type": "wiki"
        }
    ],
    "usage": [
        {
            "originalHeader": "Examples",
            "excerpt": "There will be some [queries](#) will be performed in a SPARQL endpoint to test and exemplify its operability. That's awesome!\n\n",
            "confidence": [
                1.0
            ],
            "technique": "Header extraction"
        }
    ],
    "codeRepository": {
        "excerpt": "https://github.com/oeg-upm/transmodel-ontology",
        "confidence": [
            1.0
        ],
        "technique": "GitHub API"
    },
    "owner": {
        "excerpt": "oeg-upm",
        "confidence": [
            1.0
        ],
        "technique": "GitHub API"
    },
    "ownerType": {
        "excerpt": "Organization",
        "confidence": [
            1.0
        ],
        "technique": "GitHub API"
    },
    "dateCreated": {
        "excerpt": "2019-06-03T15:08:19Z",
        "confidence": [
            1.0
        ],
        "technique": "GitHub API"
    },
    "dateModified": {
        "excerpt": "2021-04-15T16:38:32Z",
        "confidence": [
            1.0
        ],
        "technique": "GitHub API"
    },
    "name": {
        "excerpt": "transmodel-ontology",
        "confidence": [
            1.0
        ],
        "technique": "GitHub API"
    },
    "fullName": {
        "excerpt": "oeg-upm/transmodel-ontology",
        "confidence": [
            1.0
        ],
        "technique": "GitHub API"
    },
    "issueTracker": {
        "excerpt": "https://api.github.com/repos/oeg-upm/transmodel-ontology/issues",
        "confidence": [
            1.0
        ],
        "technique": "GitHub API"
    },
    "forksUrl": {
        "excerpt": "https://api.github.com/repos/oeg-upm/transmodel-ontology/forks",
        "confidence": [
            1.0
        ],
        "technique": "GitHub API"
    },
    "downloadUrl": {
        "excerpt": "https://github.com/oeg-upm/transmodel-ontology/releases",
        "confidence": [
            1.0
        ],
        "technique": "GitHub API"
    },
    "topics": {
        "excerpt": [
            "ontology",
            "transmodel",
            "transport"
        ],
        "confidence": [
            1.0
        ],
        "technique": "GitHub API"
    },
    "stargazersCount": {
        "excerpt": {
            "count": 7,
            "date": "Thu, 19 May 2022 10:11:43 GMT"
        },
        "confidence": [
            1.0
        ],
        "technique": "GitHub API"
    },
    "forksCount": {
        "excerpt": {
            "count": 5,
            "date": "Thu, 19 May 2022 10:11:43 GMT"
        },
        "confidence": [
            1.0
        ],
        "technique": "GitHub API"
    },
    "languages": {
        "excerpt": [
            "HTML"
        ],
        "confidence": [
            1.0
        ],
        "technique": "GitHub API"
    },
    "readmeUrl": {
        "excerpt": "https://raw.githubusercontent.com/oeg-upm/transmodel-ontology/master/README.md",
        "confidence": [
            1.0
        ],
        "technique": "GitHub API"
    },
    "ontologies": {
        "excerpt": [
            {
                "uri": "http://www.w3.org/ns/org#",
                "file_url": "https://raw.githubusercontent.com/oeg-upm/transmodel-ontology/master/OnToology/ontology/tm-organisations.owl/documentation/ontology.nt"
            },
            {
                "uri": "http://www.w3.org/ns/org#",
                "file_url": "https://raw.githubusercontent.com/oeg-upm/transmodel-ontology/master/OnToology/ontology/tm-organisations.owl/documentation/ontology.xml"
            },
            {
                "uri": "http://www.w3.org/ns/org#",
                "file_url": "https://raw.githubusercontent.com/oeg-upm/transmodel-ontology/master/OnToology/ontology/tm-organisations.owl/documentation/ontology.ttl"
            },
            {
                "uri": "https://w3id.org/transmodel/commons#",
                "file_url": "https://raw.githubusercontent.com/oeg-upm/transmodel-ontology/master/OnToology/ontology/tm-commons.owl/documentation/ontology.nt"
            },
            {
                "uri": "https://w3id.org/transmodel/commons#",
                "file_url": "https://raw.githubusercontent.com/oeg-upm/transmodel-ontology/master/OnToology/ontology/tm-commons.owl/documentation/ontology.xml"
            },
            {
                "uri": "https://w3id.org/transmodel/commons#",
                "file_url": "https://raw.githubusercontent.com/oeg-upm/transmodel-ontology/master/OnToology/ontology/tm-commons.owl/documentation/ontology.ttl"
            },
            {
                "uri": "https://w3id.org/transmodel/facilities#",
                "file_url": "https://raw.githubusercontent.com/oeg-upm/transmodel-ontology/master/OnToology/ontology/tm-facilities.owl/documentation/ontology.nt"
            },
            {
                "uri": "https://w3id.org/transmodel/facilities#",
                "file_url": "https://raw.githubusercontent.com/oeg-upm/transmodel-ontology/master/OnToology/ontology/tm-facilities.owl/documentation/ontology.xml"
            },
            {
                "uri": "https://w3id.org/transmodel/facilities#",
                "file_url": "https://raw.githubusercontent.com/oeg-upm/transmodel-ontology/master/OnToology/ontology/tm-facilities.owl/documentation/ontology.ttl"
            },
            {
                "uri": "https://w3id.org/transmodel/fares#",
                "file_url": "https://raw.githubusercontent.com/oeg-upm/transmodel-ontology/master/OnToology/ontology/tm-fares.owl/documentation/ontology.nt"
            },
            {
                "uri": "https://w3id.org/transmodel/fares#",
                "file_url": "https://raw.githubusercontent.com/oeg-upm/transmodel-ontology/master/OnToology/ontology/tm-fares.owl/documentation/ontology.xml"
            },
            {
                "uri": "https://w3id.org/transmodel/fares#",
                "file_url": "https://raw.githubusercontent.com/oeg-upm/transmodel-ontology/master/OnToology/ontology/tm-fares.owl/documentation/ontology.ttl"
            },
            {
                "uri": "https://w3id.org/transmodel/journeys#",
                "file_url": "https://raw.githubusercontent.com/oeg-upm/transmodel-ontology/master/OnToology/ontology/tm-journeys.owl/documentation/ontology.nt"
            },
            {
                "uri": "https://w3id.org/transmodel/journeys#",
                "file_url": "https://raw.githubusercontent.com/oeg-upm/transmodel-ontology/master/OnToology/ontology/tm-journeys.owl/documentation/ontology.xml"
            },
            {
                "uri": "https://w3id.org/transmodel/journeys#",
                "file_url": "https://raw.githubusercontent.com/oeg-upm/transmodel-ontology/master/OnToology/ontology/tm-journeys.owl/documentation/ontology.ttl"
            },
            {
                "uri": "https://w3id.org/transmodel/authorities#",
                "file_url": "https://raw.githubusercontent.com/oeg-upm/transmodel-ontology/master/OnToology/ontology/tm-authorities.owl/documentation/ontology.nt"
            },
            {
                "uri": "https://w3id.org/transmodel/authorities#",
                "file_url": "https://raw.githubusercontent.com/oeg-upm/transmodel-ontology/master/OnToology/ontology/tm-authorities.owl/documentation/ontology.xml"
            },
            {
                "uri": "https://w3id.org/transmodel/authorities#",
                "file_url": "https://raw.githubusercontent.com/oeg-upm/transmodel-ontology/master/OnToology/ontology/tm-authorities.owl/documentation/ontology.ttl"
            },
            {
                "uri": "N8b15d14682d64033ae4b01f0ec1e13d9",
                "file_url": "https://raw.githubusercontent.com/oeg-upm/transmodel-ontology/master/OnToology/kos/facilities.ttl/documentation/ontology.nt"
            },
            {
                "uri": "Na51efcb09210419fb509b0e594cd5b65",
                "file_url": "https://raw.githubusercontent.com/oeg-upm/transmodel-ontology/master/OnToology/kos/facilities.ttl/documentation/ontology.xml"
            },
            {
                "uri": "n86f186df333247169080158e731fa841b1",
                "file_url": "https://raw.githubusercontent.com/oeg-upm/transmodel-ontology/master/OnToology/kos/facilities.ttl/documentation/ontology.ttl"
            },
            {
                "uri": "N9851293980f74cb1b3a2ed0b7353dcc4",
                "file_url": "https://raw.githubusercontent.com/oeg-upm/transmodel-ontology/master/OnToology/kos/organisations/organisation-type.ttl/documentation/ontology.nt"
            },
            {
                "uri": "N4f5c41b94d4046508c08520eb18c7355",
                "file_url": "https://raw.githubusercontent.com/oeg-upm/transmodel-ontology/master/OnToology/kos/organisations/organisation-type.ttl/documentation/ontology.xml"
            },
            {
                "uri": "n023d5efbe65d4249b6f29304bde89d1eb1",
                "file_url": "https://raw.githubusercontent.com/oeg-upm/transmodel-ontology/master/OnToology/kos/organisations/organisation-type.ttl/documentation/ontology.ttl"
            },
            {
                "uri": "Naa5c508d37ec4981b3f452f2f7b45cb9",
                "file_url": "https://raw.githubusercontent.com/oeg-upm/transmodel-ontology/master/OnToology/kos/journeys/daytype-properties-of-day.ttl/documentation/ontology.nt"
            },
            {
                "uri": "N6126fc0ca1ef43c1ae14a23fc9220775",
                "file_url": "https://raw.githubusercontent.com/oeg-upm/transmodel-ontology/master/OnToology/kos/journeys/daytype-properties-of-day.ttl/documentation/ontology.xml"
            },
            {
                "uri": "nc7c8c847c40c4076ae9a3dc7458728efb1",
                "file_url": "https://raw.githubusercontent.com/oeg-upm/transmodel-ontology/master/OnToology/kos/journeys/daytype-properties-of-day.ttl/documentation/ontology.ttl"
            },
            {
                "uri": "http://www.w3.org/ns/org#",
                "file_url": "https://raw.githubusercontent.com/oeg-upm/transmodel-ontology/master/ontology/tm-organisations.owl"
            },
            {
                "uri": "https://w3id.org/transmodel/commons#",
                "file_url": "https://raw.githubusercontent.com/oeg-upm/transmodel-ontology/master/ontology/tm-commons.owl"
            },
            {
                "uri": "https://w3id.org/transmodel/facilities#",
                "file_url": "https://raw.githubusercontent.com/oeg-upm/transmodel-ontology/master/ontology/tm-facilities.owl"
            },
            {
                "uri": "https://w3id.org/transmodel/fares#",
                "file_url": "https://raw.githubusercontent.com/oeg-upm/transmodel-ontology/master/ontology/tm-fares.owl"
            }
        ],
        "confidence": [
            1.0
        ],
        "technique": "File Exploration"
    }
}