{
    "description": [
        {
            "excerpt": "This repository contains the code and documentation generated for the SAREF extensions developed by OEG. \n",
            "confidence": [
                [
                    0.9693255637952726
                ]
            ],
            "technique": "Supervised classification",
            "originalHeader": "saref-ext"
        },
        {
            "excerpt": "This repository contains the code and documentation generated for the SAREF extensions developed by OEG.",
            "confidence": [
                1.0
            ],
            "technique": "GitHub API"
        }
    ],
    "longTitle": {
        "excerpt": "saref-ext",
        "confidence": [
            1.0
        ],
        "technique": "Regular expression"
    },
    "codeRepository": {
        "excerpt": "https://github.com/oeg-upm/saref-ext",
        "confidence": [
            1.0
        ],
        "technique": "GitHub API"
    },
    "owner": {
        "excerpt": "oeg-upm",
        "confidence": [
            1.0
        ],
        "technique": "GitHub API"
    },
    "ownerType": {
        "excerpt": "Organization",
        "confidence": [
            1.0
        ],
        "technique": "GitHub API"
    },
    "dateCreated": {
        "excerpt": "2017-07-24T06:15:20Z",
        "confidence": [
            1.0
        ],
        "technique": "GitHub API"
    },
    "dateModified": {
        "excerpt": "2017-07-24T06:15:23Z",
        "confidence": [
            1.0
        ],
        "technique": "GitHub API"
    },
    "name": {
        "excerpt": "saref-ext",
        "confidence": [
            1.0
        ],
        "technique": "GitHub API"
    },
    "fullName": {
        "excerpt": "oeg-upm/saref-ext",
        "confidence": [
            1.0
        ],
        "technique": "GitHub API"
    },
    "issueTracker": {
        "excerpt": "https://api.github.com/repos/oeg-upm/saref-ext/issues",
        "confidence": [
            1.0
        ],
        "technique": "GitHub API"
    },
    "forksUrl": {
        "excerpt": "https://api.github.com/repos/oeg-upm/saref-ext/forks",
        "confidence": [
            1.0
        ],
        "technique": "GitHub API"
    },
    "downloadUrl": {
        "excerpt": "https://github.com/oeg-upm/saref-ext/releases",
        "confidence": [
            1.0
        ],
        "technique": "GitHub API"
    },
    "stargazersCount": {
        "excerpt": {
            "count": 0,
            "date": "Thu, 19 May 2022 09:41:27 GMT"
        },
        "confidence": [
            1.0
        ],
        "technique": "GitHub API"
    },
    "forksCount": {
        "excerpt": {
            "count": 0,
            "date": "Thu, 19 May 2022 09:41:27 GMT"
        },
        "confidence": [
            1.0
        ],
        "technique": "GitHub API"
    },
    "languages": {
        "excerpt": [
            "PostScript",
            "HTML",
            "Web Ontology Language",
            "CSS"
        ],
        "confidence": [
            1.0
        ],
        "technique": "GitHub API"
    },
    "readmeUrl": {
        "excerpt": "https://raw.githubusercontent.com/oeg-upm/saref-ext/master/README.md",
        "confidence": [
            1.0
        ],
        "technique": "GitHub API"
    },
    "ontologies": {
        "excerpt": [
            {
                "uri": "https://w3id.org/def/saref4envi",
                "file_url": "https://raw.githubusercontent.com/oeg-upm/saref-ext/master/OnToology/SAREF4ENV/ontology/saref4envi.ttl/documentation/ontology.xml"
            },
            {
                "uri": "https://w3id.org/def/saref4envi",
                "file_url": "https://raw.githubusercontent.com/oeg-upm/saref-ext/master/OnToology/SAREF4ENV/ontology/saref4envi.ttl/documentation/ontology.ttl"
            },
            {
                "uri": "https://w3id.org/def/saref4bldg",
                "file_url": "https://raw.githubusercontent.com/oeg-upm/saref-ext/master/OnToology/SAREF4BLD/ontology/saref4bldg.ttl/documentation/ontology.xml"
            },
            {
                "uri": "https://w3id.org/def/saref4bldg",
                "file_url": "https://raw.githubusercontent.com/oeg-upm/saref-ext/master/OnToology/SAREF4BLD/ontology/saref4bldg.ttl/documentation/ontology.ttl"
            },
            {
                "uri": "http://saref.linkeddata.es/data/bldg/example1",
                "file_url": "https://raw.githubusercontent.com/oeg-upm/saref-ext/master/OnToology/SAREF4BLD/examples/example1BLDG.ttl/documentation/ontology.xml"
            },
            {
                "uri": "http://saref.linkeddata.es/data/bldg/example1",
                "file_url": "https://raw.githubusercontent.com/oeg-upm/saref-ext/master/OnToology/SAREF4BLD/examples/example1BLDG.ttl/documentation/ontology.ttl"
            },
            {
                "uri": "http://saref.linkeddata.es/data/bldg/example1",
                "file_url": "https://raw.githubusercontent.com/oeg-upm/saref-ext/master/OnToology/SAREF4BLD/examples/example1BLDGpolished.ttl/documentation/ontology.xml"
            },
            {
                "uri": "http://saref.linkeddata.es/data/bldg/example1",
                "file_url": "https://raw.githubusercontent.com/oeg-upm/saref-ext/master/OnToology/SAREF4BLD/examples/example1BLDGpolished.ttl/documentation/ontology.ttl"
            },
            {
                "uri": "https://w3id.org/def/saref4envi",
                "file_url": "https://raw.githubusercontent.com/oeg-upm/saref-ext/master/SAREF4ENV/ontology/saref4envi.ttl"
            },
            {
                "uri": "http://saref.linkeddata.es/data/envi/example1",
                "file_url": "https://raw.githubusercontent.com/oeg-upm/saref-ext/master/SAREF4ENV/examples/example1ENVI-polished.ttl"
            },
            {
                "uri": "http://saref.linkeddata.es/data/envi/example1",
                "file_url": "https://raw.githubusercontent.com/oeg-upm/saref-ext/master/SAREF4ENV/examples/example1ENVI.ttl"
            },
            {
                "uri": "https://w3id.org/def/saref4bldg",
                "file_url": "https://raw.githubusercontent.com/oeg-upm/saref-ext/master/SAREF4BLD/ontology/saref4bldg.ttl"
            },
            {
                "uri": "http://saref.linkeddata.es/data/bldg/example1",
                "file_url": "https://raw.githubusercontent.com/oeg-upm/saref-ext/master/SAREF4BLD/examples/example1BLDG.ttl"
            },
            {
                "uri": "http://saref.linkeddata.es/data/bldg/example1",
                "file_url": "https://raw.githubusercontent.com/oeg-upm/saref-ext/master/SAREF4BLD/examples/example1BLDGpolished.ttl"
            },
            {
                "uri": "N25b3b8c22c6b4d5890f50e0de4eebaad",
                "file_url": "https://raw.githubusercontent.com/oeg-upm/saref-ext/master/SAREF4BLD/RawRDF/fromProtege.owl"
            }
        ],
        "confidence": [
            1.0
        ],
        "technique": "File Exploration"
    }
}