{
    "description": [
        {
            "excerpt": "Trabajo Fin de Grado: Introducir soporte al formato GeoPackage en herramientas de Linked Data Geogr\u00e1fico desarrolladas por el Grupo de Ingenier\u00eda Ontol\u00f3gica",
            "confidence": [
                1.0
            ],
            "technique": "GitHub API"
        }
    ],
    "citation": [
        {
            "excerpt": "Este repositorio es el resultado de varios TFGs de la ETSI Inform\u00e1ticos de la Universidad Polit\u00e9cnica de Madrid, basados en el trabajo previo que el Grupo de Ingenier\u00eda Ontol\u00f3gica  ha venido tradicionalmente realizando con instituciones relacionadas con los datos geogr\u00e1ficos, y m\u00e1s espec\u00edficamente con instituciones como el Instituto Geogr\u00e1fico Nacional, para la exportaci\u00f3n de algunos de sus datos geogr\u00e1ficos a RDF y su publicaci\u00f3n como datos enlazados (Linked Data). Un ejemplo de los resultados obtenidos se puede encontrar en https://datos.ign.es/\n \n",
            "confidence": [
                [
                    0.9999985705425856
                ]
            ],
            "technique": "Supervised classification",
            "originalHeader": "morph-GEO"
        },
        {
            "excerpt": "El c\u00f3digo de este repositorio contiene Inicialmente la \u00faltima versi\u00f3n del plugin original TripleGeoKettle (ver enlace m\u00e1s abajo), que funcionaba como plugin de la herramienta GeoKettle (ya deprecada), adaptado para su uso en la suite Pentaho Data Integration 9 (PDI9).\n \n",
            "confidence": [
                [
                    0.9609702466355512
                ]
            ],
            "technique": "Supervised classification",
            "originalHeader": "Resumen general (a mejorar)",
            "parentHeader": [
                "morph-GEO"
            ]
        },
        {
            "excerpt": "1. Analizar la compatibilidad con nuevas versiones de la suite Pentaho Data Integration, y actualizar el plugin en caso de que sea necesario\n2. Analizar los cambios realizados en la versi\u00f3n actual de GeoSPARQL1.1 (https://opengeospatial.github.io/ogc-geosparql/geosparql11/spec.html), y permitir la exportaci\u00f3n que sea compatible con GeoSPARQL1.0 y con GeoSPARQL1.1\n3. Generar todos los datos procedentes del IGN, para actualizarlos en caso de ser necesario.\n4. Proponer nuevas formas de xplotar los datos enlazados generados\n5. Incluir en el plugin la posibilidad de enlazar con fuentes externas (DBpedia, Wikidata, Geonames)\netc.\n \n",
            "confidence": [
                [
                    0.9999988872565604
                ]
            ],
            "technique": "Supervised classification",
            "originalHeader": "Lista de tareas a realizar (a ir actualizando)",
            "parentHeader": [
                "morph-GEO"
            ]
        }
    ],
    "longTitle": {
        "excerpt": "morph-GEO",
        "confidence": [
            1.0
        ],
        "technique": "Regular expression"
    },
    "documentation": [
        {
            "excerpt": "https://github.com/oeg-upm/geo.linkeddata.es-TripleGeoKettle/wiki",
            "confidence": [
                1.0
            ],
            "technique": "Regular expression",
            "type": "wiki"
        }
    ],
    "codeRepository": {
        "excerpt": "https://github.com/oeg-upm/morph-geo",
        "confidence": [
            1.0
        ],
        "technique": "GitHub API"
    },
    "owner": {
        "excerpt": "oeg-upm",
        "confidence": [
            1.0
        ],
        "technique": "GitHub API"
    },
    "ownerType": {
        "excerpt": "Organization",
        "confidence": [
            1.0
        ],
        "technique": "GitHub API"
    },
    "dateCreated": {
        "excerpt": "2022-02-25T09:45:56Z",
        "confidence": [
            1.0
        ],
        "technique": "GitHub API"
    },
    "dateModified": {
        "excerpt": "2022-02-25T09:47:34Z",
        "confidence": [
            1.0
        ],
        "technique": "GitHub API"
    },
    "name": {
        "excerpt": "morph-geo",
        "confidence": [
            1.0
        ],
        "technique": "GitHub API"
    },
    "fullName": {
        "excerpt": "oeg-upm/morph-geo",
        "confidence": [
            1.0
        ],
        "technique": "GitHub API"
    },
    "issueTracker": {
        "excerpt": "https://api.github.com/repos/oeg-upm/morph-geo/issues",
        "confidence": [
            1.0
        ],
        "technique": "GitHub API"
    },
    "forksUrl": {
        "excerpt": "https://api.github.com/repos/oeg-upm/morph-geo/forks",
        "confidence": [
            1.0
        ],
        "technique": "GitHub API"
    },
    "downloadUrl": {
        "excerpt": "https://github.com/oeg-upm/morph-geo/releases",
        "confidence": [
            1.0
        ],
        "technique": "GitHub API"
    },
    "stargazersCount": {
        "excerpt": {
            "count": 0,
            "date": "Wed, 18 May 2022 07:17:49 GMT"
        },
        "confidence": [
            1.0
        ],
        "technique": "GitHub API"
    },
    "forksCount": {
        "excerpt": {
            "count": 1,
            "date": "Wed, 18 May 2022 07:17:49 GMT"
        },
        "confidence": [
            1.0
        ],
        "technique": "GitHub API"
    },
    "languages": {
        "excerpt": [
            "Java",
            "TeX",
            "Shell"
        ],
        "confidence": [
            1.0
        ],
        "technique": "GitHub API"
    },
    "readmeUrl": {
        "excerpt": "https://raw.githubusercontent.com/oeg-upm/morph-geo/main/README.md",
        "confidence": [
            1.0
        ],
        "technique": "GitHub API"
    },
    "hasScriptFile": {
        "excerpt": [
            "https://raw.githubusercontent.com/oeg-upm/morph-geo/main/scripts/shpTogpkg.sh",
            "https://raw.githubusercontent.com/oeg-upm/morph-geo/main/scripts/gpkg-rar.sh",
            "https://raw.githubusercontent.com/oeg-upm/morph-geo/main/scripts/gpkg-git.sh",
            "https://raw.githubusercontent.com/oeg-upm/morph-geo/main/scripts/CURV_NIV.sh",
            "https://raw.githubusercontent.com/oeg-upm/morph-geo/main/scripts/convertidorTripleGeoKettle.sh",
            "https://raw.githubusercontent.com/oeg-upm/morph-geo/main/scripts/gpkg-tests.sh",
            "https://raw.githubusercontent.com/oeg-upm/morph-geo/main/TripleGeoKettle-PDI9/instalador.sh"
        ],
        "confidence": [
            1.0
        ],
        "technique": "File Exploration"
    }
}