{
    "description": [
        {
            "excerpt": "Repository for the BIMERR Metadata Ontology\r\n \n",
            "confidence": [
                [
                    0.960725587961449
                ]
            ],
            "technique": "Supervised classification",
            "originalHeader": "bimerr-metadata"
        },
        {
            "excerpt": "Repository for the BIMERR Metadata Ontology",
            "confidence": [
                1.0
            ],
            "technique": "GitHub API"
        }
    ],
    "longTitle": {
        "excerpt": "bimerr-metadata",
        "confidence": [
            1.0
        ],
        "technique": "Regular expression"
    },
    "codeRepository": {
        "excerpt": "https://github.com/oeg-upm/bimerr-metadata",
        "confidence": [
            1.0
        ],
        "technique": "GitHub API"
    },
    "owner": {
        "excerpt": "oeg-upm",
        "confidence": [
            1.0
        ],
        "technique": "GitHub API"
    },
    "ownerType": {
        "excerpt": "Organization",
        "confidence": [
            1.0
        ],
        "technique": "GitHub API"
    },
    "dateCreated": {
        "excerpt": "2020-06-11T07:36:32Z",
        "confidence": [
            1.0
        ],
        "technique": "GitHub API"
    },
    "dateModified": {
        "excerpt": "2021-10-22T11:39:39Z",
        "confidence": [
            1.0
        ],
        "technique": "GitHub API"
    },
    "name": {
        "excerpt": "bimerr-metadata",
        "confidence": [
            1.0
        ],
        "technique": "GitHub API"
    },
    "fullName": {
        "excerpt": "oeg-upm/bimerr-metadata",
        "confidence": [
            1.0
        ],
        "technique": "GitHub API"
    },
    "issueTracker": {
        "excerpt": "https://api.github.com/repos/oeg-upm/bimerr-metadata/issues",
        "confidence": [
            1.0
        ],
        "technique": "GitHub API"
    },
    "forksUrl": {
        "excerpt": "https://api.github.com/repos/oeg-upm/bimerr-metadata/forks",
        "confidence": [
            1.0
        ],
        "technique": "GitHub API"
    },
    "downloadUrl": {
        "excerpt": "https://github.com/oeg-upm/bimerr-metadata/releases",
        "confidence": [
            1.0
        ],
        "technique": "GitHub API"
    },
    "stargazersCount": {
        "excerpt": {
            "count": 0,
            "date": "Thu, 19 May 2022 10:35:30 GMT"
        },
        "confidence": [
            1.0
        ],
        "technique": "GitHub API"
    },
    "forksCount": {
        "excerpt": {
            "count": 0,
            "date": "Thu, 19 May 2022 10:35:30 GMT"
        },
        "confidence": [
            1.0
        ],
        "technique": "GitHub API"
    },
    "readmeUrl": {
        "excerpt": "https://raw.githubusercontent.com/oeg-upm/bimerr-metadata/master/README.md",
        "confidence": [
            1.0
        ],
        "technique": "GitHub API"
    },
    "ontologies": {
        "excerpt": [
            {
                "uri": "http://bimerr.iot.linkeddata.es/def/bimerr-metadata",
                "file_url": "https://raw.githubusercontent.com/oeg-upm/bimerr-metadata/master/documentation/ontology.nt"
            },
            {
                "uri": "http://bimerr.iot.linkeddata.es/def/bimerr-metadata",
                "file_url": "https://raw.githubusercontent.com/oeg-upm/bimerr-metadata/master/documentation/ontology.xml"
            },
            {
                "uri": "http://bimerr.iot.linkeddata.es/def/bimerr-metadata",
                "file_url": "https://raw.githubusercontent.com/oeg-upm/bimerr-metadata/master/documentation/ontology.ttl"
            },
            {
                "uri": "http://bimerr.iot.linkeddata.es/def/bimerr-metadata",
                "file_url": "https://raw.githubusercontent.com/oeg-upm/bimerr-metadata/master/ontology/bm.ttl"
            }
        ],
        "confidence": [
            1.0
        ],
        "technique": "File Exploration"
    }
}