{
    "description": [
        {
            "excerpt": "Virtuoso triple store for the storage of the rdf data in the digital twin platform.\n \n",
            "confidence": [
                [
                    0.9826033091943742
                ]
            ],
            "technique": "Supervised classification",
            "originalHeader": "Triple Store"
        }
    ],
    "installation": [
        {
            "originalHeader": "Giving rights to insert data",
            "excerpt": "1. Access the conductor as dba user, using the password during the creation of the container.\n\n![Conductor](images/conductor.png)\n\n2. Go to System Admin tab, then to the User Accounts tab, and then to the Users tabs.\n\n![](images/users.png)\n\n3. Edit the SPARQL user.\n\n![](images/sparql_user.png)\n\n4. Give it SPARQL_UPDATE rights.\n\n![](images/sparql_update.png)\n\n5. Save it.\n",
            "parentHeader": [
                "Triple Store",
                "Setting up virtuoso"
            ],
            "confidence": [
                1.0
            ],
            "technique": "Header extraction"
        },
        {
            "originalHeader": "Instructions:",
            "excerpt": "1. docker pull openlink/virtuoso-opensource-7\n2. mkdir my_virtdb\n3. cd my_virtdb\n4. docker run \\\n        --name my_virtdb \\\n        --env DBA_PASSWORD=mysecret \\\n        -p 1111:1111 \\\n        -p 8890:8890 \\\n        --volume 'pwd':/database \\\n        -d \\\n        openlink/virtuoso-opensource-7:latest\n\nNotes:\n\n* The 'pwd' is the directory within the files systems where the data will be located.\n\n* The -d flag will initialize it in detached mode (running in background)\n\n* The conductor can be accessed at http://localhost:8890\n\n",
            "parentHeader": [
                "Triple Store",
                "Setting up virtuoso"
            ],
            "confidence": [
                1.0
            ],
            "technique": "Header extraction"
        },
        {
            "originalHeader": "Setting up virtuoso",
            "excerpt": "The specific instructions on how to run the Virtuoso Docker are in this link:\n\nhttps://hub.docker.com/r/openlink/virtuoso-opensource-7\n",
            "parentHeader": [
                "Triple Store"
            ],
            "confidence": [
                1.0
            ],
            "technique": "Header extraction"
        }
    ],
    "invocation": [
        {
            "excerpt": "`python select_query.py`\n \n",
            "confidence": [
                [
                    0.9246227682586091
                ]
            ],
            "technique": "Supervised classification",
            "originalHeader": "Query data in Virtuoso",
            "parentHeader": [
                "Triple Store"
            ]
        }
    ],
    "longTitle": {
        "excerpt": "Triple Store",
        "confidence": [
            1.0
        ],
        "technique": "Regular expression"
    },
    "image": [
        {
            "excerpt": "https://raw.githubusercontent.com/oeg-upm/virtuoso-triple-store/master/images/sparql_update.png",
            "confidence": [
                1.0
            ],
            "technique": "Regular expression"
        },
        {
            "excerpt": "https://raw.githubusercontent.com/oeg-upm/virtuoso-triple-store/master/images/sparql_user.png",
            "confidence": [
                1.0
            ],
            "technique": "Regular expression"
        },
        {
            "excerpt": "https://raw.githubusercontent.com/oeg-upm/virtuoso-triple-store/master/images/users.png",
            "confidence": [
                1.0
            ],
            "technique": "Regular expression"
        },
        {
            "excerpt": "https://raw.githubusercontent.com/oeg-upm/virtuoso-triple-store/master/images/conductor.png",
            "confidence": [
                1.0
            ],
            "technique": "Regular expression"
        }
    ],
    "usage": [
        {
            "originalHeader": "Stopping and starting the container",
            "excerpt": "Stop container:\n\n```docker stop my_virtdb```\n\nStart container: This will run Virtuoso on the background.\n\n```docker start my_virtdb```\n",
            "parentHeader": [
                "Triple Store",
                "Setting up virtuoso"
            ],
            "confidence": [
                1.0
            ],
            "technique": "Header extraction"
        }
    ],
    "codeRepository": {
        "excerpt": "https://github.com/oeg-upm/virtuoso-triple-store",
        "confidence": [
            1.0
        ],
        "technique": "GitHub API"
    },
    "owner": {
        "excerpt": "oeg-upm",
        "confidence": [
            1.0
        ],
        "technique": "GitHub API"
    },
    "ownerType": {
        "excerpt": "Organization",
        "confidence": [
            1.0
        ],
        "technique": "GitHub API"
    },
    "dateCreated": {
        "excerpt": "2021-10-20T08:33:34Z",
        "confidence": [
            1.0
        ],
        "technique": "GitHub API"
    },
    "dateModified": {
        "excerpt": "2021-11-30T13:46:06Z",
        "confidence": [
            1.0
        ],
        "technique": "GitHub API"
    },
    "name": {
        "excerpt": "virtuoso-triple-store",
        "confidence": [
            1.0
        ],
        "technique": "GitHub API"
    },
    "fullName": {
        "excerpt": "oeg-upm/virtuoso-triple-store",
        "confidence": [
            1.0
        ],
        "technique": "GitHub API"
    },
    "issueTracker": {
        "excerpt": "https://api.github.com/repos/oeg-upm/virtuoso-triple-store/issues",
        "confidence": [
            1.0
        ],
        "technique": "GitHub API"
    },
    "forksUrl": {
        "excerpt": "https://api.github.com/repos/oeg-upm/virtuoso-triple-store/forks",
        "confidence": [
            1.0
        ],
        "technique": "GitHub API"
    },
    "downloadUrl": {
        "excerpt": "https://github.com/oeg-upm/virtuoso-triple-store/releases",
        "confidence": [
            1.0
        ],
        "technique": "GitHub API"
    },
    "stargazersCount": {
        "excerpt": {
            "count": 0,
            "date": "Thu, 19 May 2022 11:06:16 GMT"
        },
        "confidence": [
            1.0
        ],
        "technique": "GitHub API"
    },
    "forksCount": {
        "excerpt": {
            "count": 0,
            "date": "Thu, 19 May 2022 11:06:16 GMT"
        },
        "confidence": [
            1.0
        ],
        "technique": "GitHub API"
    },
    "languages": {
        "excerpt": [
            "Python"
        ],
        "confidence": [
            1.0
        ],
        "technique": "GitHub API"
    },
    "readmeUrl": {
        "excerpt": "https://raw.githubusercontent.com/oeg-upm/virtuoso-triple-store/main/readme.md",
        "confidence": [
            1.0
        ],
        "technique": "GitHub API"
    },
    "inspect4py": {
        "software_type": "script",
        "run": "python /Users/dakixr/Desktop/github/scc/tmp/metadata/oeg-upm/virtuoso-triple-store/insert_query.py"
    }
}