{
    "description": [
        {
            "excerpt": "First build the project with maven.\nThe compiled jar of the project is copied to the /dist folder, with all the necessary libraries.\n \n",
            "confidence": [
                [
                    0.9802196193906215
                ]
            ],
            "technique": "Supervised classification",
            "originalHeader": "Build"
        },
        {
            "excerpt": "# easytv-annotator\nSign language annotator library for the EASYTV european project \n\nTRANSLATOR PROJECT \n",
            "confidence": [
                [
                    0.9451610890645442,
                    0.9629962971611608
                ]
            ],
            "technique": "Supervised classification"
        },
        {
            "excerpt": "Sign language annotator library for the EASYTV european project",
            "confidence": [
                1.0
            ],
            "technique": "GitHub API"
        }
    ],
    "installation": [
        {
            "originalHeader": "Hard way",
            "excerpt": "Through commands: The basic comand is \n```sh\n$ mvn install:install-file -Dfile=${jarfile} -DgroupId=${group.id} -DartifactId=${lib.id} -Dversion=${version} -Dpackaging=jar\n```\n\nExample: \n```sh\n$ cd lib\n$ mvn install:install-file -Dfile=lib/babelnet-api-3.7.1.jar -DgroupId=it.uniroma1.lcl.babelnet -DartifactId=babelnet-api -Dversion=3.7.1 -Dpackaging=jar\n```\n\nThere is a .bat file and a .sh file for install all the dependencies: \n- InstallDependencies.sh\n- InstallDependencies.bat\n\n\n\n",
            "parentHeader": [
                "Installation"
            ],
            "confidence": [
                1.0
            ],
            "technique": "Header extraction"
        },
        {
            "originalHeader": "Easy way",
            "excerpt": "Using maven through the command install. The pom file contains all the instructions to install the dependencies\n\n```sh\n$ mvn install\n```\n",
            "parentHeader": [
                "Installation"
            ],
            "confidence": [
                1.0
            ],
            "technique": "Header extraction"
        },
        {
            "originalHeader": "Installation",
            "excerpt": "This project is compiled with maven and there are four libraries that are not available at maven central repo.\nThese jar are in the /lib folder and must be added to your local maven repo. \n",
            "confidence": [
                1.0
            ],
            "technique": "Header extraction"
        }
    ],
    "requirement": [
        {
            "originalHeader": "Prerequisites",
            "excerpt": "Project is linked to the easytv project resources: https://github.com/oeg-upm/easytv-resources\n\nIt uses Perl for TreeTagger. Install utf8\n> perl -MCPAN -e shell\n> install utf8::all\n\n",
            "confidence": [
                1.0
            ],
            "technique": "Header extraction"
        }
    ],
    "codeRepository": {
        "excerpt": "https://github.com/oeg-upm/easytv-annotator",
        "confidence": [
            1.0
        ],
        "technique": "GitHub API"
    },
    "owner": {
        "excerpt": "oeg-upm",
        "confidence": [
            1.0
        ],
        "technique": "GitHub API"
    },
    "ownerType": {
        "excerpt": "Organization",
        "confidence": [
            1.0
        ],
        "technique": "GitHub API"
    },
    "dateCreated": {
        "excerpt": "2018-08-29T15:25:11Z",
        "confidence": [
            1.0
        ],
        "technique": "GitHub API"
    },
    "dateModified": {
        "excerpt": "2020-08-17T17:49:15Z",
        "confidence": [
            1.0
        ],
        "technique": "GitHub API"
    },
    "name": {
        "excerpt": "easytv-annotator",
        "confidence": [
            1.0
        ],
        "technique": "GitHub API"
    },
    "fullName": {
        "excerpt": "oeg-upm/easytv-annotator",
        "confidence": [
            1.0
        ],
        "technique": "GitHub API"
    },
    "issueTracker": {
        "excerpt": "https://api.github.com/repos/oeg-upm/easytv-annotator/issues",
        "confidence": [
            1.0
        ],
        "technique": "GitHub API"
    },
    "forksUrl": {
        "excerpt": "https://api.github.com/repos/oeg-upm/easytv-annotator/forks",
        "confidence": [
            1.0
        ],
        "technique": "GitHub API"
    },
    "downloadUrl": {
        "excerpt": "https://github.com/oeg-upm/easytv-annotator/releases",
        "confidence": [
            1.0
        ],
        "technique": "GitHub API"
    },
    "stargazersCount": {
        "excerpt": {
            "count": 0,
            "date": "Thu, 19 May 2022 09:54:12 GMT"
        },
        "confidence": [
            1.0
        ],
        "technique": "GitHub API"
    },
    "forksCount": {
        "excerpt": {
            "count": 0,
            "date": "Thu, 19 May 2022 09:54:12 GMT"
        },
        "confidence": [
            1.0
        ],
        "technique": "GitHub API"
    },
    "languages": {
        "excerpt": [
            "Java",
            "Perl",
            "Shell",
            "Batchfile"
        ],
        "confidence": [
            1.0
        ],
        "technique": "GitHub API"
    },
    "readmeUrl": {
        "excerpt": "https://raw.githubusercontent.com/oeg-upm/easytv-annotator/master/README.md",
        "confidence": [
            1.0
        ],
        "technique": "GitHub API"
    },
    "hasScriptFile": {
        "excerpt": [
            "https://raw.githubusercontent.com/oeg-upm/easytv-annotator/master/InstallDependencies.sh"
        ],
        "confidence": [
            1.0
        ],
        "technique": "File Exploration"
    }
}