{
    "description": [
        {
            "excerpt": "SNAP Documentation",
            "confidence": [
                1.0
            ],
            "technique": "GitHub API"
        }
    ],
    "longTitle": {
        "excerpt": "Transmodel Ontology",
        "confidence": [
            1.0
        ],
        "technique": "Regular expression"
    },
    "codeRepository": {
        "excerpt": "https://github.com/oeg-upm/snap-docs",
        "confidence": [
            1.0
        ],
        "technique": "GitHub API"
    },
    "owner": {
        "excerpt": "oeg-upm",
        "confidence": [
            1.0
        ],
        "technique": "GitHub API"
    },
    "ownerType": {
        "excerpt": "Organization",
        "confidence": [
            1.0
        ],
        "technique": "GitHub API"
    },
    "dateCreated": {
        "excerpt": "2019-12-04T12:21:05Z",
        "confidence": [
            1.0
        ],
        "technique": "GitHub API"
    },
    "dateModified": {
        "excerpt": "2021-11-12T13:54:23Z",
        "confidence": [
            1.0
        ],
        "technique": "GitHub API"
    },
    "name": {
        "excerpt": "snap-docs",
        "confidence": [
            1.0
        ],
        "technique": "GitHub API"
    },
    "fullName": {
        "excerpt": "oeg-upm/snap-docs",
        "confidence": [
            1.0
        ],
        "technique": "GitHub API"
    },
    "issueTracker": {
        "excerpt": "https://api.github.com/repos/oeg-upm/snap-docs/issues",
        "confidence": [
            1.0
        ],
        "technique": "GitHub API"
    },
    "forksUrl": {
        "excerpt": "https://api.github.com/repos/oeg-upm/snap-docs/forks",
        "confidence": [
            1.0
        ],
        "technique": "GitHub API"
    },
    "downloadUrl": {
        "excerpt": "https://github.com/oeg-upm/snap-docs/releases",
        "confidence": [
            1.0
        ],
        "technique": "GitHub API"
    },
    "stargazersCount": {
        "excerpt": {
            "count": 0,
            "date": "Thu, 19 May 2022 10:29:46 GMT"
        },
        "confidence": [
            1.0
        ],
        "technique": "GitHub API"
    },
    "forksCount": {
        "excerpt": {
            "count": 0,
            "date": "Thu, 19 May 2022 10:29:46 GMT"
        },
        "confidence": [
            1.0
        ],
        "technique": "GitHub API"
    },
    "languages": {
        "excerpt": [
            "CSS"
        ],
        "confidence": [
            1.0
        ],
        "technique": "GitHub API"
    },
    "readmeUrl": {
        "excerpt": "https://raw.githubusercontent.com/oeg-upm/snap-docs/master/README.md",
        "confidence": [
            1.0
        ],
        "technique": "GitHub API"
    },
    "hasDocumentation": {
        "excerpt": [
            "https://github.com/oeg-upm/snap-docs/tree/master/docs"
        ],
        "confidence": [
            1.0
        ],
        "technique": "File Exploration"
    },
    "ontologies": {
        "excerpt": [
            {
                "uri": "http://www.w3.org/ns/org#",
                "file_url": "https://raw.githubusercontent.com/oeg-upm/snap-docs/master/docs/tm-organisations.owl/documentation/ontology.nt"
            },
            {
                "uri": "http://www.w3.org/ns/org#",
                "file_url": "https://raw.githubusercontent.com/oeg-upm/snap-docs/master/docs/tm-organisations.owl/documentation/ontology.xml"
            },
            {
                "uri": "http://www.w3.org/ns/org#",
                "file_url": "https://raw.githubusercontent.com/oeg-upm/snap-docs/master/docs/tm-organisations.owl/documentation/ontology.ttl"
            },
            {
                "uri": "https://w3id.org/transmodel/commons#",
                "file_url": "https://raw.githubusercontent.com/oeg-upm/snap-docs/master/docs/tm-commons.owl/documentation/ontology.nt"
            },
            {
                "uri": "https://w3id.org/transmodel/commons#",
                "file_url": "https://raw.githubusercontent.com/oeg-upm/snap-docs/master/docs/tm-commons.owl/documentation/ontology.xml"
            },
            {
                "uri": "https://w3id.org/transmodel/commons#",
                "file_url": "https://raw.githubusercontent.com/oeg-upm/snap-docs/master/docs/tm-commons.owl/documentation/ontology.ttl"
            },
            {
                "uri": "https://w3id.org/transmodel/facilities#",
                "file_url": "https://raw.githubusercontent.com/oeg-upm/snap-docs/master/docs/tm-facilities.owl/documentation/ontology.nt"
            },
            {
                "uri": "https://w3id.org/transmodel/facilities#",
                "file_url": "https://raw.githubusercontent.com/oeg-upm/snap-docs/master/docs/tm-facilities.owl/documentation/ontology.xml"
            },
            {
                "uri": "https://w3id.org/transmodel/facilities#",
                "file_url": "https://raw.githubusercontent.com/oeg-upm/snap-docs/master/docs/tm-facilities.owl/documentation/ontology.ttl"
            },
            {
                "uri": "https://w3id.org/transmodel/fares#",
                "file_url": "https://raw.githubusercontent.com/oeg-upm/snap-docs/master/docs/tm-fares.owl/documentation/ontology.nt"
            },
            {
                "uri": "https://w3id.org/transmodel/fares#",
                "file_url": "https://raw.githubusercontent.com/oeg-upm/snap-docs/master/docs/tm-fares.owl/documentation/ontology.xml"
            },
            {
                "uri": "https://w3id.org/transmodel/fares#",
                "file_url": "https://raw.githubusercontent.com/oeg-upm/snap-docs/master/docs/tm-fares.owl/documentation/ontology.ttl"
            },
            {
                "uri": "https://w3id.org/transmodel/journeys#",
                "file_url": "https://raw.githubusercontent.com/oeg-upm/snap-docs/master/docs/tm-journeys.owl/documentation/ontology.nt"
            },
            {
                "uri": "https://w3id.org/transmodel/journeys#",
                "file_url": "https://raw.githubusercontent.com/oeg-upm/snap-docs/master/docs/tm-journeys.owl/documentation/ontology.xml"
            },
            {
                "uri": "https://w3id.org/transmodel/journeys#",
                "file_url": "https://raw.githubusercontent.com/oeg-upm/snap-docs/master/docs/tm-journeys.owl/documentation/ontology.ttl"
            }
        ],
        "confidence": [
            1.0
        ],
        "technique": "File Exploration"
    },
    "releases": {
        "excerpt": [
            {
                "tagName": "v0.1",
                "name": "Transmodel Ontology Docs",
                "authorName": "flowsta",
                "authorType": "User",
                "body": "First version of the Transmodel Ontology Documentation",
                "tarballUrl": "https://api.github.com/repos/oeg-upm/snap-docs/tarball/v0.1",
                "zipballUrl": "https://api.github.com/repos/oeg-upm/snap-docs/zipball/v0.1",
                "htmlUrl": "https://github.com/oeg-upm/snap-docs/releases/tag/v0.1",
                "url": "https://api.github.com/repos/oeg-upm/snap-docs/releases/22149430",
                "dateCreated": "2019-12-11T14:31:10Z",
                "datePublished": "2019-12-11T15:51:45Z"
            }
        ],
        "confidence": [
            1.0
        ],
        "technique": "GitHub API"
    }
}