{
    "description": [
        {
            "excerpt": "Repository for collaborative edition of the DELTA ontology. This ontology is being developed within the context of the [DELTA H2020 project](https://www.delta-h2020.eu/). \n",
            "confidence": [
                [
                    0.979359418025144
                ]
            ],
            "technique": "Supervised classification",
            "originalHeader": "delta-ontology"
        },
        {
            "excerpt": "DELTA ontology ",
            "confidence": [
                1.0
            ],
            "technique": "GitHub API"
        }
    ],
    "longTitle": {
        "excerpt": "delta-ontology",
        "confidence": [
            1.0
        ],
        "technique": "Regular expression"
    },
    "image": [
        {
            "excerpt": "https://github.com/albaizq/delta-ontology/blob/master/OnToology/ontology/delta.ttl/documentation/resources/images/delta.jpg",
            "confidence": [
                1.0
            ],
            "technique": "Regular expression"
        }
    ],
    "codeRepository": {
        "excerpt": "https://github.com/oeg-upm/delta-ontology",
        "confidence": [
            1.0
        ],
        "technique": "GitHub API"
    },
    "owner": {
        "excerpt": "oeg-upm",
        "confidence": [
            1.0
        ],
        "technique": "GitHub API"
    },
    "ownerType": {
        "excerpt": "Organization",
        "confidence": [
            1.0
        ],
        "technique": "GitHub API"
    },
    "dateCreated": {
        "excerpt": "2018-07-08T15:31:52Z",
        "confidence": [
            1.0
        ],
        "technique": "GitHub API"
    },
    "dateModified": {
        "excerpt": "2021-04-30T10:06:47Z",
        "confidence": [
            1.0
        ],
        "technique": "GitHub API"
    },
    "name": {
        "excerpt": "delta-ontology",
        "confidence": [
            1.0
        ],
        "technique": "GitHub API"
    },
    "fullName": {
        "excerpt": "oeg-upm/delta-ontology",
        "confidence": [
            1.0
        ],
        "technique": "GitHub API"
    },
    "issueTracker": {
        "excerpt": "https://api.github.com/repos/oeg-upm/delta-ontology/issues",
        "confidence": [
            1.0
        ],
        "technique": "GitHub API"
    },
    "forksUrl": {
        "excerpt": "https://api.github.com/repos/oeg-upm/delta-ontology/forks",
        "confidence": [
            1.0
        ],
        "technique": "GitHub API"
    },
    "downloadUrl": {
        "excerpt": "https://github.com/oeg-upm/delta-ontology/releases",
        "confidence": [
            1.0
        ],
        "technique": "GitHub API"
    },
    "stargazersCount": {
        "excerpt": {
            "count": 1,
            "date": "Thu, 19 May 2022 09:52:21 GMT"
        },
        "confidence": [
            1.0
        ],
        "technique": "GitHub API"
    },
    "forksCount": {
        "excerpt": {
            "count": 4,
            "date": "Thu, 19 May 2022 09:52:21 GMT"
        },
        "confidence": [
            1.0
        ],
        "technique": "GitHub API"
    },
    "readmeUrl": {
        "excerpt": "https://raw.githubusercontent.com/oeg-upm/delta-ontology/master/README.md",
        "confidence": [
            1.0
        ],
        "technique": "GitHub API"
    },
    "ontologies": {
        "excerpt": [
            {
                "uri": "N185b308209c9470090501d213c916c1e",
                "file_url": "https://raw.githubusercontent.com/oeg-upm/delta-ontology/master/OnToology/tests/testsuite.ttl/documentation/ontology.nt"
            },
            {
                "uri": "Nd72cc22e2420447db5631a32a11a1293",
                "file_url": "https://raw.githubusercontent.com/oeg-upm/delta-ontology/master/OnToology/tests/testsuite.ttl/documentation/ontology.xml"
            },
            {
                "uri": "n1da9337616534903a5c1d4d224a5bb94b1",
                "file_url": "https://raw.githubusercontent.com/oeg-upm/delta-ontology/master/OnToology/tests/testsuite.ttl/documentation/ontology.ttl"
            },
            {
                "uri": "Nb6cc0130eac84c339a9a893d3e6e84ca",
                "file_url": "https://raw.githubusercontent.com/oeg-upm/delta-ontology/master/OnToology/shapes/shapes.ttl/documentation/ontology.nt"
            },
            {
                "uri": "N762c80f602764842a54acf3755d27419",
                "file_url": "https://raw.githubusercontent.com/oeg-upm/delta-ontology/master/OnToology/shapes/shapes.ttl/documentation/ontology.xml"
            },
            {
                "uri": "nfaced2c76b654c359f3df47b382d8f43b1",
                "file_url": "https://raw.githubusercontent.com/oeg-upm/delta-ontology/master/OnToology/shapes/shapes.ttl/documentation/ontology.ttl"
            },
            {
                "uri": "http://delta.linkeddata.es/def/core",
                "file_url": "https://raw.githubusercontent.com/oeg-upm/delta-ontology/master/OnToology/ontology/delta.owl/documentation/ontology.nt"
            },
            {
                "uri": "http://delta.linkeddata.es/def/core",
                "file_url": "https://raw.githubusercontent.com/oeg-upm/delta-ontology/master/OnToology/ontology/delta.owl/documentation/ontology.xml"
            },
            {
                "uri": "http://delta.linkeddata.es/def/core",
                "file_url": "https://raw.githubusercontent.com/oeg-upm/delta-ontology/master/OnToology/ontology/delta.owl/documentation/ontology.ttl"
            },
            {
                "uri": "http://delta.linkeddata.es/def/core",
                "file_url": "https://raw.githubusercontent.com/oeg-upm/delta-ontology/master/OnToology/ontology/delta.ttl/documentation/ontology.nt"
            },
            {
                "uri": "http://delta.linkeddata.es/def/core",
                "file_url": "https://raw.githubusercontent.com/oeg-upm/delta-ontology/master/OnToology/ontology/delta.ttl/documentation/ontology.xml"
            },
            {
                "uri": "http://delta.linkeddata.es/def/core",
                "file_url": "https://raw.githubusercontent.com/oeg-upm/delta-ontology/master/OnToology/ontology/delta.ttl/documentation/ontology.ttl"
            }
        ],
        "confidence": [
            1.0
        ],
        "technique": "File Exploration"
    }
}