{
    "description": [
        {
            "excerpt": "sparql-stream sensor queries",
            "confidence": [
                1.0
            ],
            "technique": "GitHub API"
        }
    ],
    "installation": [
        {
            "excerpt": "To build morph-streams you need: \n",
            "confidence": [
                [
                    0.9572707880850344
                ]
            ],
            "technique": "Supervised classification",
            "originalHeader": "morph-streams"
        }
    ],
    "longTitle": {
        "excerpt": "morph-streams",
        "confidence": [
            1.0
        ],
        "technique": "Regular expression"
    },
    "documentation": [
        {
            "excerpt": "https://github.com/oeg-upm/morph-streams/wiki",
            "confidence": [
                1.0
            ],
            "technique": "Regular expression",
            "type": "wiki"
        }
    ],
    "codeRepository": {
        "excerpt": "https://github.com/oeg-upm/morph-streams",
        "confidence": [
            1.0
        ],
        "technique": "GitHub API"
    },
    "owner": {
        "excerpt": "oeg-upm",
        "confidence": [
            1.0
        ],
        "technique": "GitHub API"
    },
    "ownerType": {
        "excerpt": "Organization",
        "confidence": [
            1.0
        ],
        "technique": "GitHub API"
    },
    "dateCreated": {
        "excerpt": "2014-05-22T21:46:04Z",
        "confidence": [
            1.0
        ],
        "technique": "GitHub API"
    },
    "dateModified": {
        "excerpt": "2021-09-13T14:07:35Z",
        "confidence": [
            1.0
        ],
        "technique": "GitHub API"
    },
    "name": {
        "excerpt": "morph-streams",
        "confidence": [
            1.0
        ],
        "technique": "GitHub API"
    },
    "fullName": {
        "excerpt": "oeg-upm/morph-streams",
        "confidence": [
            1.0
        ],
        "technique": "GitHub API"
    },
    "issueTracker": {
        "excerpt": "https://api.github.com/repos/oeg-upm/morph-streams/issues",
        "confidence": [
            1.0
        ],
        "technique": "GitHub API"
    },
    "forksUrl": {
        "excerpt": "https://api.github.com/repos/oeg-upm/morph-streams/forks",
        "confidence": [
            1.0
        ],
        "technique": "GitHub API"
    },
    "downloadUrl": {
        "excerpt": "https://github.com/oeg-upm/morph-streams/releases",
        "confidence": [
            1.0
        ],
        "technique": "GitHub API"
    },
    "stargazersCount": {
        "excerpt": {
            "count": 1,
            "date": "Thu, 19 May 2022 08:56:59 GMT"
        },
        "confidence": [
            1.0
        ],
        "technique": "GitHub API"
    },
    "forksCount": {
        "excerpt": {
            "count": 0,
            "date": "Thu, 19 May 2022 08:56:59 GMT"
        },
        "confidence": [
            1.0
        ],
        "technique": "GitHub API"
    },
    "languages": {
        "excerpt": [
            "Java",
            "Scala"
        ],
        "confidence": [
            1.0
        ],
        "technique": "GitHub API"
    },
    "readmeUrl": {
        "excerpt": "https://raw.githubusercontent.com/oeg-upm/morph-streams/master/README.md",
        "confidence": [
            1.0
        ],
        "technique": "GitHub API"
    },
    "ontologies": {
        "excerpt": [
            {
                "uri": "http://oeg-upm.net/onto/sensordemo/",
                "file_url": "https://raw.githubusercontent.com/oeg-upm/morph-streams/master/query-rewriting/src/test/resources/ontologies/sensordemo.owl"
            },
            {
                "uri": "http://www.lehigh.edu/~zhp2/2004/0401/univ-bench.owl",
                "file_url": "https://raw.githubusercontent.com/oeg-upm/morph-streams/master/stream-reasoning/src/test/resources/ontologies/UXE.owl"
            },
            {
                "uri": "http://www.semanticweb.org/ontologies/2008/8/24/Ontology1222256119496.owl",
                "file_url": "https://raw.githubusercontent.com/oeg-upm/morph-streams/master/stream-reasoning/src/test/resources/ontologies/P5XE.owl"
            },
            {
                "uri": "http://www.semanticweb.org/ontologies/2008/8/24/Ontology1222256119496.owl",
                "file_url": "https://raw.githubusercontent.com/oeg-upm/morph-streams/master/stream-reasoning/src/test/resources/ontologies/P5.owl"
            },
            {
                "uri": "http://ksg.meraka.co.za/adolena.owl",
                "file_url": "https://raw.githubusercontent.com/oeg-upm/morph-streams/master/stream-reasoning/src/test/resources/ontologies/AXE.owl"
            },
            {
                "uri": "http://www.owl-ontologies.com/Ontology1207768242.owl",
                "file_url": "https://raw.githubusercontent.com/oeg-upm/morph-streams/master/stream-reasoning/src/test/resources/ontologies/S.owl"
            },
            {
                "uri": "http://www.lehigh.edu/~zhp2/2004/0401/univ-bench.owl",
                "file_url": "https://raw.githubusercontent.com/oeg-upm/morph-streams/master/stream-reasoning/src/test/resources/ontologies/UX.owl"
            },
            {
                "uri": "http://ksg.meraka.co.za/adolena.owl",
                "file_url": "https://raw.githubusercontent.com/oeg-upm/morph-streams/master/stream-reasoning/src/test/resources/ontologies/AX.owl"
            },
            {
                "uri": "http://www.lehigh.edu/~zhp2/2004/0401/univ-bench.owl",
                "file_url": "https://raw.githubusercontent.com/oeg-upm/morph-streams/master/stream-reasoning/src/test/resources/ontologies/U.owl"
            },
            {
                "uri": "http://ksg.meraka.co.za/adolena.owl",
                "file_url": "https://raw.githubusercontent.com/oeg-upm/morph-streams/master/stream-reasoning/src/test/resources/ontologies/A.owl"
            },
            {
                "uri": "http://vicodi.org/ontology",
                "file_url": "https://raw.githubusercontent.com/oeg-upm/morph-streams/master/stream-reasoning/src/test/resources/ontologies/V.owl"
            }
        ],
        "confidence": [
            1.0
        ],
        "technique": "File Exploration"
    }
}