{
    "description": [
        {
            "excerpt": "This repository contains the code and documentation generated for the COGITO Resources ontology.\n \n",
            "confidence": [
                [
                    0.9818538716000247
                ]
            ],
            "technique": "Supervised classification",
            "originalHeader": "COGITO Resources ontology"
        }
    ],
    "longTitle": {
        "excerpt": "COGITO Resources ontology",
        "confidence": [
            1.0
        ],
        "technique": "Regular expression"
    },
    "image": [
        {
            "excerpt": "https://github.com/oeg-upm/cogito-resources-ontology/blob/master/diagram/diagram.png",
            "confidence": [
                1.0
            ],
            "technique": "Regular expression"
        }
    ],
    "codeRepository": {
        "excerpt": "https://github.com/oeg-upm/cogito-resources-ontology",
        "confidence": [
            1.0
        ],
        "technique": "GitHub API"
    },
    "owner": {
        "excerpt": "oeg-upm",
        "confidence": [
            1.0
        ],
        "technique": "GitHub API"
    },
    "ownerType": {
        "excerpt": "Organization",
        "confidence": [
            1.0
        ],
        "technique": "GitHub API"
    },
    "dateCreated": {
        "excerpt": "2021-07-14T14:40:18Z",
        "confidence": [
            1.0
        ],
        "technique": "GitHub API"
    },
    "dateModified": {
        "excerpt": "2022-03-08T11:52:52Z",
        "confidence": [
            1.0
        ],
        "technique": "GitHub API"
    },
    "name": {
        "excerpt": "cogito-resources-ontology",
        "confidence": [
            1.0
        ],
        "technique": "GitHub API"
    },
    "fullName": {
        "excerpt": "oeg-upm/cogito-resources-ontology",
        "confidence": [
            1.0
        ],
        "technique": "GitHub API"
    },
    "issueTracker": {
        "excerpt": "https://api.github.com/repos/oeg-upm/cogito-resources-ontology/issues",
        "confidence": [
            1.0
        ],
        "technique": "GitHub API"
    },
    "forksUrl": {
        "excerpt": "https://api.github.com/repos/oeg-upm/cogito-resources-ontology/forks",
        "confidence": [
            1.0
        ],
        "technique": "GitHub API"
    },
    "downloadUrl": {
        "excerpt": "https://github.com/oeg-upm/cogito-resources-ontology/releases",
        "confidence": [
            1.0
        ],
        "technique": "GitHub API"
    },
    "stargazersCount": {
        "excerpt": {
            "count": 0,
            "date": "Thu, 19 May 2022 11:05:14 GMT"
        },
        "confidence": [
            1.0
        ],
        "technique": "GitHub API"
    },
    "forksCount": {
        "excerpt": {
            "count": 0,
            "date": "Thu, 19 May 2022 11:05:14 GMT"
        },
        "confidence": [
            1.0
        ],
        "technique": "GitHub API"
    },
    "readmeUrl": {
        "excerpt": "https://raw.githubusercontent.com/oeg-upm/cogito-resources-ontology/master/README.md",
        "confidence": [
            1.0
        ],
        "technique": "GitHub API"
    },
    "ontologies": {
        "excerpt": [
            {
                "uri": "https://cogito.iot.linkeddata.es/def/resource#",
                "file_url": "https://raw.githubusercontent.com/oeg-upm/cogito-resources-ontology/master/documentation/ontology.nt"
            },
            {
                "uri": "https://cogito.iot.linkeddata.es/def/resource#",
                "file_url": "https://raw.githubusercontent.com/oeg-upm/cogito-resources-ontology/master/documentation/ontology.ttl"
            },
            {
                "uri": "https://cogito.iot.linkeddata.es/def/resource#",
                "file_url": "https://raw.githubusercontent.com/oeg-upm/cogito-resources-ontology/master/ontology/ontology.ttl"
            }
        ],
        "confidence": [
            1.0
        ],
        "technique": "File Exploration"
    },
    "releases": {
        "excerpt": [
            {
                "tagName": "release",
                "name": "COGITO Resources Ontology 0.0.1",
                "authorName": "Salva5297",
                "authorType": "User",
                "body": "",
                "tarballUrl": "https://api.github.com/repos/oeg-upm/cogito-resources-ontology/tarball/release",
                "zipballUrl": "https://api.github.com/repos/oeg-upm/cogito-resources-ontology/zipball/release",
                "htmlUrl": "https://github.com/oeg-upm/cogito-resources-ontology/releases/tag/release",
                "url": "https://api.github.com/repos/oeg-upm/cogito-resources-ontology/releases/50481826",
                "dateCreated": "2021-09-17T10:26:19Z",
                "datePublished": "2021-09-29T15:01:54Z"
            }
        ],
        "confidence": [
            1.0
        ],
        "technique": "GitHub API"
    }
}