{
    "description": [
        {
            "excerpt": "BIMERR ontology for the annotated information objects domain\r\n\r\nThis repository contains the code and documentation generated for the annotated information objects ontology which is available at: http://bimerr.iot.linkeddata.es/def/annotation-objects\r\n\r\nCurrent version of the ontology model\r\n![Current version of the model](https://github.com/oeg-upm/bimerr-annotation-objects/blob/master/diagrams/ontology.svg \"Building model\")\r\n \n",
            "confidence": [
                [
                    0.9882106950824152
                ]
            ],
            "technique": "Supervised classification",
            "originalHeader": "BIMERR Annotated Information Objects Ontology"
        },
        {
            "excerpt": "BIMERR ontology for Annotated Information Objects domain",
            "confidence": [
                1.0
            ],
            "technique": "GitHub API"
        }
    ],
    "longTitle": {
        "excerpt": "BIMERR Annotated Information Objects Ontology",
        "confidence": [
            1.0
        ],
        "technique": "Regular expression"
    },
    "image": [
        {
            "excerpt": "https://github.com/oeg-upm/bimerr-annotation-objects/blob/master/diagrams/ontology.svg",
            "confidence": [
                1.0
            ],
            "technique": "Regular expression"
        }
    ],
    "codeRepository": {
        "excerpt": "https://github.com/oeg-upm/bimerr-annotation-objects",
        "confidence": [
            1.0
        ],
        "technique": "GitHub API"
    },
    "owner": {
        "excerpt": "oeg-upm",
        "confidence": [
            1.0
        ],
        "technique": "GitHub API"
    },
    "ownerType": {
        "excerpt": "Organization",
        "confidence": [
            1.0
        ],
        "technique": "GitHub API"
    },
    "dateCreated": {
        "excerpt": "2020-04-03T07:27:27Z",
        "confidence": [
            1.0
        ],
        "technique": "GitHub API"
    },
    "dateModified": {
        "excerpt": "2021-10-22T10:43:47Z",
        "confidence": [
            1.0
        ],
        "technique": "GitHub API"
    },
    "name": {
        "excerpt": "bimerr-annotation-objects",
        "confidence": [
            1.0
        ],
        "technique": "GitHub API"
    },
    "fullName": {
        "excerpt": "oeg-upm/bimerr-annotation-objects",
        "confidence": [
            1.0
        ],
        "technique": "GitHub API"
    },
    "issueTracker": {
        "excerpt": "https://api.github.com/repos/oeg-upm/bimerr-annotation-objects/issues",
        "confidence": [
            1.0
        ],
        "technique": "GitHub API"
    },
    "forksUrl": {
        "excerpt": "https://api.github.com/repos/oeg-upm/bimerr-annotation-objects/forks",
        "confidence": [
            1.0
        ],
        "technique": "GitHub API"
    },
    "downloadUrl": {
        "excerpt": "https://github.com/oeg-upm/bimerr-annotation-objects/releases",
        "confidence": [
            1.0
        ],
        "technique": "GitHub API"
    },
    "stargazersCount": {
        "excerpt": {
            "count": 0,
            "date": "Thu, 19 May 2022 10:32:41 GMT"
        },
        "confidence": [
            1.0
        ],
        "technique": "GitHub API"
    },
    "forksCount": {
        "excerpt": {
            "count": 0,
            "date": "Thu, 19 May 2022 10:32:41 GMT"
        },
        "confidence": [
            1.0
        ],
        "technique": "GitHub API"
    },
    "readmeUrl": {
        "excerpt": "https://raw.githubusercontent.com/oeg-upm/bimerr-annotation-objects/master/README.md",
        "confidence": [
            1.0
        ],
        "technique": "GitHub API"
    },
    "ontologies": {
        "excerpt": [
            {
                "uri": "http://bimerr.iot.linkeddata.es/def/annotation-objects#",
                "file_url": "https://raw.githubusercontent.com/oeg-upm/bimerr-annotation-objects/master/documentation/ontology.nt"
            },
            {
                "uri": "http://bimerr.iot.linkeddata.es/def/annotation-objects#",
                "file_url": "https://raw.githubusercontent.com/oeg-upm/bimerr-annotation-objects/master/documentation/ontology.xml"
            },
            {
                "uri": "http://bimerr.iot.linkeddata.es/def/annotation-objects#",
                "file_url": "https://raw.githubusercontent.com/oeg-upm/bimerr-annotation-objects/master/documentation/ontology.ttl"
            },
            {
                "uri": "http://bimerr.iot.linkeddata.es/def/annotation-objects#",
                "file_url": "https://raw.githubusercontent.com/oeg-upm/bimerr-annotation-objects/master/ontology/ao.ttl"
            }
        ],
        "confidence": [
            1.0
        ],
        "technique": "File Exploration"
    }
}