{
    "codeRepository": {
        "excerpt": "https://github.com/oeg-upm/cogito-relational_ddbb",
        "confidence": [
            1.0
        ],
        "technique": "GitHub API"
    },
    "owner": {
        "excerpt": "oeg-upm",
        "confidence": [
            1.0
        ],
        "technique": "GitHub API"
    },
    "ownerType": {
        "excerpt": "Organization",
        "confidence": [
            1.0
        ],
        "technique": "GitHub API"
    },
    "dateCreated": {
        "excerpt": "2021-11-04T10:21:35Z",
        "confidence": [
            1.0
        ],
        "technique": "GitHub API"
    },
    "dateModified": {
        "excerpt": "2021-12-09T17:02:01Z",
        "confidence": [
            1.0
        ],
        "technique": "GitHub API"
    },
    "name": {
        "excerpt": "cogito-relational_ddbb",
        "confidence": [
            1.0
        ],
        "technique": "GitHub API"
    },
    "fullName": {
        "excerpt": "oeg-upm/cogito-relational_ddbb",
        "confidence": [
            1.0
        ],
        "technique": "GitHub API"
    },
    "issueTracker": {
        "excerpt": "https://api.github.com/repos/oeg-upm/cogito-relational_ddbb/issues",
        "confidence": [
            1.0
        ],
        "technique": "GitHub API"
    },
    "forksUrl": {
        "excerpt": "https://api.github.com/repos/oeg-upm/cogito-relational_ddbb/forks",
        "confidence": [
            1.0
        ],
        "technique": "GitHub API"
    },
    "downloadUrl": {
        "excerpt": "https://github.com/oeg-upm/cogito-relational_ddbb/releases",
        "confidence": [
            1.0
        ],
        "technique": "GitHub API"
    },
    "stargazersCount": {
        "excerpt": {
            "count": 0,
            "date": "Thu, 19 May 2022 11:06:40 GMT"
        },
        "confidence": [
            1.0
        ],
        "technique": "GitHub API"
    },
    "forksCount": {
        "excerpt": {
            "count": 0,
            "date": "Thu, 19 May 2022 11:06:40 GMT"
        },
        "confidence": [
            1.0
        ],
        "technique": "GitHub API"
    },
    "languages": {
        "excerpt": [
            "Python",
            "Dockerfile",
            "Shell"
        ],
        "confidence": [
            1.0
        ],
        "technique": "GitHub API"
    },
    "hasBuildFile": [
        {
            "excerpt": [
                "https://raw.githubusercontent.com/oeg-upm/cogito-relational_ddbb/main/docker-compose.yml"
            ],
            "confidence": [
                1.0
            ],
            "technique": "File Exploration",
            "format": "Docker compose file"
        },
        {
            "excerpt": [
                "https://raw.githubusercontent.com/oeg-upm/cogito-relational_ddbb/main/api/Dockerfile"
            ],
            "confidence": [
                1.0
            ],
            "technique": "File Exploration",
            "format": "Docker file"
        }
    ],
    "hasScriptFile": {
        "excerpt": [
            "https://raw.githubusercontent.com/oeg-upm/cogito-relational_ddbb/main/api/entrypoint.prod.sh",
            "https://raw.githubusercontent.com/oeg-upm/cogito-relational_ddbb/main/api/entrypoint.sh"
        ],
        "confidence": [
            1.0
        ],
        "technique": "File Exploration"
    },
    "inspect4py": {
        "software_type": "service",
        "run": "python /Users/dakixr/Desktop/github/scc/tmp/metadata/oeg-upm/cogito-relational_ddbb/api/manage.py"
    }
}