{
    "longTitle": {
        "excerpt": "sprint",
        "confidence": [
            1.0
        ],
        "technique": "Regular expression"
    },
    "codeRepository": {
        "excerpt": "https://github.com/oeg-upm/sprint",
        "confidence": [
            1.0
        ],
        "technique": "GitHub API"
    },
    "owner": {
        "excerpt": "oeg-upm",
        "confidence": [
            1.0
        ],
        "technique": "GitHub API"
    },
    "ownerType": {
        "excerpt": "Organization",
        "confidence": [
            1.0
        ],
        "technique": "GitHub API"
    },
    "dateCreated": {
        "excerpt": "2020-12-01T11:14:34Z",
        "confidence": [
            1.0
        ],
        "technique": "GitHub API"
    },
    "dateModified": {
        "excerpt": "2020-12-01T12:52:04Z",
        "confidence": [
            1.0
        ],
        "technique": "GitHub API"
    },
    "name": {
        "excerpt": "sprint",
        "confidence": [
            1.0
        ],
        "technique": "GitHub API"
    },
    "fullName": {
        "excerpt": "oeg-upm/sprint",
        "confidence": [
            1.0
        ],
        "technique": "GitHub API"
    },
    "issueTracker": {
        "excerpt": "https://api.github.com/repos/oeg-upm/sprint/issues",
        "confidence": [
            1.0
        ],
        "technique": "GitHub API"
    },
    "forksUrl": {
        "excerpt": "https://api.github.com/repos/oeg-upm/sprint/forks",
        "confidence": [
            1.0
        ],
        "technique": "GitHub API"
    },
    "downloadUrl": {
        "excerpt": "https://github.com/oeg-upm/sprint/releases",
        "confidence": [
            1.0
        ],
        "technique": "GitHub API"
    },
    "stargazersCount": {
        "excerpt": {
            "count": 0,
            "date": "Thu, 19 May 2022 10:51:58 GMT"
        },
        "confidence": [
            1.0
        ],
        "technique": "GitHub API"
    },
    "forksCount": {
        "excerpt": {
            "count": 0,
            "date": "Thu, 19 May 2022 10:51:58 GMT"
        },
        "confidence": [
            1.0
        ],
        "technique": "GitHub API"
    },
    "languages": {
        "excerpt": [
            "Java",
            "Shell"
        ],
        "confidence": [
            1.0
        ],
        "technique": "GitHub API"
    },
    "readmeUrl": {
        "excerpt": "https://raw.githubusercontent.com/oeg-upm/sprint/main/README.md",
        "confidence": [
            1.0
        ],
        "technique": "GitHub API"
    },
    "hasBuildFile": [
        {
            "excerpt": [
                "https://raw.githubusercontent.com/oeg-upm/sprint/main/Ontario/docker-compose.yml"
            ],
            "confidence": [
                1.0
            ],
            "technique": "File Exploration",
            "format": "Docker compose file"
        }
    ],
    "hasScriptFile": {
        "excerpt": [
            "https://raw.githubusercontent.com/oeg-upm/sprint/main/Ontario/setup.sh",
            "https://raw.githubusercontent.com/oeg-upm/sprint/main/Ontario/runQ1_without_pref.sh",
            "https://raw.githubusercontent.com/oeg-upm/sprint/main/Ontario/runQ1_wp.sh",
            "https://raw.githubusercontent.com/oeg-upm/sprint/main/Ontario/run01_wop_12Endpoints.sh",
            "https://raw.githubusercontent.com/oeg-upm/sprint/main/Ontario/runQ1_wop.sh",
            "https://raw.githubusercontent.com/oeg-upm/sprint/main/xsd2owl/scalabilityTest.sh",
            "https://raw.githubusercontent.com/oeg-upm/sprint/main/xsd2owl/performanceTest.sh"
        ],
        "confidence": [
            1.0
        ],
        "technique": "File Exploration"
    },
    "ontologies": {
        "excerpt": [
            {
                "uri": "http://vocab.linkeddata.es/datosabiertos/def/turismo/alojamiento",
                "file_url": "https://raw.githubusercontent.com/oeg-upm/sprint/main/collaborative_ontology/Ontology/alo.owl"
            },
            {
                "uri": "http://vocab.linkeddata.es/datosabiertos/def/turismo/alojamiento",
                "file_url": "https://raw.githubusercontent.com/oeg-upm/sprint/main/CollaborativeOntologyManager/Ontology/alo.owl"
            },
            {
                "uri": "https://w3id.org/transmodel/facilities#",
                "file_url": "https://raw.githubusercontent.com/oeg-upm/sprint/main/xsd2owl/functional_validation/tm-facilities.owl"
            },
            {
                "uri": "http://vocab.linkeddata.es/datosabiertos/def/turismo/alojamiento",
                "file_url": "https://raw.githubusercontent.com/oeg-upm/sprint/main/collaborative_ontology_fv/Ontology/alo.owl"
            },
            {
                "uri": "https://w3id.org/transmodel/facilities#",
                "file_url": "https://raw.githubusercontent.com/oeg-upm/sprint/main/collaborative_ontology_fv/Ontology/tm-facilities.owl"
            }
        ],
        "confidence": [
            1.0
        ],
        "technique": "File Exploration"
    }
}