{
    "longTitle": {
        "excerpt": "github-action-pretty-yarrrml2rml",
        "confidence": [
            1.0
        ],
        "technique": "Regular expression"
    },
    "run": [
        {
            "originalHeader": "run",
            "excerpt": "Tells the pipeline if morph-kgc needs to be executed.\n- `true` if there are mapping files.\n- `false` if there are no mapping files.\n",
            "parentHeader": [
                "github-action-pretty-yarrrml2rml",
                "Outputs"
            ],
            "confidence": [
                1.0
            ],
            "technique": "Header extraction"
        }
    ],
    "usage": [
        {
            "originalHeader": "Usage",
            "excerpt": "The file extension needs to be `.yml`.\n\nIf you want to execute the Action you must add the word `yarrrml2rml` in the commit. (dependant on the pipeline)\n\nCreate a `.github.workflows/yarrrml2rml.yaml` file in the repository with the following example workflow:\n\n```\nname: pipeline\non:\n  push:\n    branches:\n      - main\n\njobs:\n  validate:\n    runs-on: ubuntu-latest\n    name: action-pretty-yarrrml2rml\n    steps:\n    \n      - name: commit trigger\n        id: 'commit_trigger'\n        run: |\n          case \"${{ github.event.head_commit.message }}\" in\n              *yarrrml2rml* ) echo \"::set-output name=trigger::true\";;\n              * ) echo \"::set-output name=trigger::false\";;\n          esac\n\n      - name: checkout\n        uses: actions/checkout@v2\n\n      - name: installing yarrrml2rml\n        run: |\n          if ${{ steps.commit_trigger.outputs.trigger }}\n          then\n            python3 -m pip install pretty-yarrrml2rml\n          fi\n\n      - name: action-yarrrml2rml\n        uses: oeg-upm/github-action-pretty-yarrrml2rml@v0.1.0\n        id: 'action-yarrrml2rml'\n        with:\n          excluded_folders: './node_modules,./.github,./.git'\n          excluded_files: 'action.yml'\n          only_specific_folders: './test/'\n          path_to_output: './test/output/'\n\n      - name: running yarrrml2rml\n        run: |\n          if ${{ steps.action-yarrrml2rml.outputs.run }} && ${{ steps.commit_trigger.outputs.trigger }}\n          then\n            sh ./pretty_yarrrml2rml-exec/config.sh\n            rm -r ./pretty_yarrrml2rml-exec\n\n            git config --global user.name 'github-actions[bot]'\n            git config --global user.email '41898282+github-actions[bot]@users.noreply.github.com'\n            git add .\n            set +e\n            git status | grep \"nothing to commit, working tree clean\"\n            if [ $? -eq 0 ]; then set -e; echo \"INFO: No changes since last run\"; else set -e; \\\n              git commit -m \"pretty_yarrrml2rml result for ${{ github.actor }} - ${{ github.event.number }}\" --allow-empty; git push --force; fi\n          fi\n\n```",
            "parentHeader": [
                "github-action-pretty-yarrrml2rml"
            ],
            "confidence": [
                1.0
            ],
            "technique": "Header extraction"
        }
    ],
    "codeRepository": {
        "excerpt": "https://github.com/oeg-upm/github-action-pretty-yarrrml2rml",
        "confidence": [
            1.0
        ],
        "technique": "GitHub API"
    },
    "owner": {
        "excerpt": "oeg-upm",
        "confidence": [
            1.0
        ],
        "technique": "GitHub API"
    },
    "ownerType": {
        "excerpt": "Organization",
        "confidence": [
            1.0
        ],
        "technique": "GitHub API"
    },
    "dateCreated": {
        "excerpt": "2022-04-10T15:09:51Z",
        "confidence": [
            1.0
        ],
        "technique": "GitHub API"
    },
    "dateModified": {
        "excerpt": "2022-04-10T15:33:00Z",
        "confidence": [
            1.0
        ],
        "technique": "GitHub API"
    },
    "license": {
        "excerpt": {
            "name": "Apache License 2.0",
            "url": "https://api.github.com/licenses/apache-2.0"
        },
        "confidence": [
            1.0
        ],
        "technique": "GitHub API"
    },
    "name": {
        "excerpt": "github-action-pretty-yarrrml2rml",
        "confidence": [
            1.0
        ],
        "technique": "GitHub API"
    },
    "fullName": {
        "excerpt": "oeg-upm/github-action-pretty-yarrrml2rml",
        "confidence": [
            1.0
        ],
        "technique": "GitHub API"
    },
    "issueTracker": {
        "excerpt": "https://api.github.com/repos/oeg-upm/github-action-pretty-yarrrml2rml/issues",
        "confidence": [
            1.0
        ],
        "technique": "GitHub API"
    },
    "forksUrl": {
        "excerpt": "https://api.github.com/repos/oeg-upm/github-action-pretty-yarrrml2rml/forks",
        "confidence": [
            1.0
        ],
        "technique": "GitHub API"
    },
    "downloadUrl": {
        "excerpt": "https://github.com/oeg-upm/github-action-pretty-yarrrml2rml/releases",
        "confidence": [
            1.0
        ],
        "technique": "GitHub API"
    },
    "stargazersCount": {
        "excerpt": {
            "count": 0,
            "date": "Wed, 18 May 2022 07:43:57 GMT"
        },
        "confidence": [
            1.0
        ],
        "technique": "GitHub API"
    },
    "forksCount": {
        "excerpt": {
            "count": 0,
            "date": "Wed, 18 May 2022 07:43:57 GMT"
        },
        "confidence": [
            1.0
        ],
        "technique": "GitHub API"
    },
    "languages": {
        "excerpt": [
            "JavaScript"
        ],
        "confidence": [
            1.0
        ],
        "technique": "GitHub API"
    },
    "licenseText": {
        "excerpt": "b'# ISC License\\n\\nCopyright (c) 2018, Gregor Martynus (https://github.com/gr2m)\\n\\nPermission to use, copy, modify, and/or distribute this software for any purpose with or without fee is hereby granted, provided that the above copyright notice and this permission notice appear in all copies.\\n\\nTHE SOFTWARE IS PROVIDED \"AS IS\" AND THE AUTHOR DISCLAIMS ALL WARRANTIES WITH REGARD TO THIS SOFTWARE INCLUDING ALL IMPLIED WARRANTIES OF MERCHANTABILITY AND FITNESS. IN NO EVENT SHALL THE AUTHOR BE LIABLE FOR ANY SPECIAL, DIRECT, INDIRECT, OR CONSEQUENTIAL DAMAGES OR ANY DAMAGES WHATSOEVER RESULTING FROM LOSS OF USE, DATA OR PROFITS, WHETHER IN AN ACTION OF CONTRACT, NEGLIGENCE OR OTHER TORTIOUS ACTION, ARISING OUT OF OR IN CONNECTION WITH THE USE OR PERFORMANCE OF THIS SOFTWARE.\\n'",
        "confidence": [
            1.0
        ],
        "technique": "File Exploration"
    },
    "readmeUrl": {
        "excerpt": "https://raw.githubusercontent.com/oeg-upm/github-action-pretty-yarrrml2rml/main/README.md",
        "confidence": [
            1.0
        ],
        "technique": "GitHub API"
    },
    "releases": {
        "excerpt": [
            {
                "tagName": "v0.1.0",
                "name": "Initial release",
                "authorName": "ocorcho",
                "authorType": "User",
                "body": "",
                "tarballUrl": "https://api.github.com/repos/oeg-upm/github-action-pretty-yarrrml2rml/tarball/v0.1.0",
                "zipballUrl": "https://api.github.com/repos/oeg-upm/github-action-pretty-yarrrml2rml/zipball/v0.1.0",
                "htmlUrl": "https://github.com/oeg-upm/github-action-pretty-yarrrml2rml/releases/tag/v0.1.0",
                "url": "https://api.github.com/repos/oeg-upm/github-action-pretty-yarrrml2rml/releases/65175009",
                "dateCreated": "2022-04-24T17:44:09Z",
                "datePublished": "2022-04-24T17:47:03Z"
            }
        ],
        "confidence": [
            1.0
        ],
        "technique": "GitHub API"
    }
}