{
    "description": [
        {
            "excerpt": "The XXX ontology describes the domain of XXX \n",
            "confidence": [
                [
                    0.9354044375383516
                ]
            ],
            "technique": "Supervised classification",
            "originalHeader": "XXX Ontology"
        },
        {
            "excerpt": "The material generated in the different activities carried out during the development of the vocabulary, use\ncases, user stories, glossary of terms, etc., will be available in the [Vocabulary Wiki](#)\n \n",
            "confidence": [
                [
                    0.9284898297003581
                ]
            ],
            "technique": "Supervised classification",
            "originalHeader": "Development phases"
        },
        {
            "excerpt": "To manage those incidents or suggested improvements with respect to the vocabulary, we recommend you to follow\nthe guides provided in [Issues Management](https://github.com/nombre-repositorio/wiki/issues-management) to\ngenerate an issue (work in progress)\n \n",
            "confidence": [
                [
                    0.9565702959197234
                ]
            ],
            "technique": "Supervised classification",
            "originalHeader": "Project maintenance"
        },
        {
            "excerpt": "Repository for the ontology that allows representing photocatalysis experiments",
            "confidence": [
                1.0
            ],
            "technique": "GitHub API"
        }
    ],
    "longTitle": {
        "excerpt": "XXX Ontology",
        "confidence": [
            1.0
        ],
        "technique": "Regular expression"
    },
    "usage": [
        {
            "originalHeader": "Examples",
            "excerpt": "Some [queries](https://github.com/repository-name/blob/master/examples/queries.md) will be performed in a\nSPARQL endpoint to test and exemplify its operability.\n\n",
            "confidence": [
                1.0
            ],
            "technique": "Header extraction"
        }
    ],
    "codeRepository": {
        "excerpt": "https://github.com/oeg-upm/photocatalysis-ontology",
        "confidence": [
            1.0
        ],
        "technique": "GitHub API"
    },
    "owner": {
        "excerpt": "oeg-upm",
        "confidence": [
            1.0
        ],
        "technique": "GitHub API"
    },
    "ownerType": {
        "excerpt": "Organization",
        "confidence": [
            1.0
        ],
        "technique": "GitHub API"
    },
    "dateCreated": {
        "excerpt": "2022-04-01T14:17:56Z",
        "confidence": [
            1.0
        ],
        "technique": "GitHub API"
    },
    "dateModified": {
        "excerpt": "2022-04-01T14:17:56Z",
        "confidence": [
            1.0
        ],
        "technique": "GitHub API"
    },
    "name": {
        "excerpt": "photocatalysis-ontology",
        "confidence": [
            1.0
        ],
        "technique": "GitHub API"
    },
    "fullName": {
        "excerpt": "oeg-upm/photocatalysis-ontology",
        "confidence": [
            1.0
        ],
        "technique": "GitHub API"
    },
    "issueTracker": {
        "excerpt": "https://api.github.com/repos/oeg-upm/photocatalysis-ontology/issues",
        "confidence": [
            1.0
        ],
        "technique": "GitHub API"
    },
    "forksUrl": {
        "excerpt": "https://api.github.com/repos/oeg-upm/photocatalysis-ontology/forks",
        "confidence": [
            1.0
        ],
        "technique": "GitHub API"
    },
    "downloadUrl": {
        "excerpt": "https://github.com/oeg-upm/photocatalysis-ontology/releases",
        "confidence": [
            1.0
        ],
        "technique": "GitHub API"
    },
    "stargazersCount": {
        "excerpt": {
            "count": 0,
            "date": "Wed, 18 May 2022 07:43:54 GMT"
        },
        "confidence": [
            1.0
        ],
        "technique": "GitHub API"
    },
    "forksCount": {
        "excerpt": {
            "count": 1,
            "date": "Wed, 18 May 2022 07:43:54 GMT"
        },
        "confidence": [
            1.0
        ],
        "technique": "GitHub API"
    },
    "readmeUrl": {
        "excerpt": "https://raw.githubusercontent.com/oeg-upm/photocatalysis-ontology/master/README.md",
        "confidence": [
            1.0
        ],
        "technique": "GitHub API"
    }
}