{
    "codeRepository": {
        "excerpt": "https://github.com/oeg-upm/PoliticEsChallenge",
        "confidence": [
            1.0
        ],
        "technique": "GitHub API"
    },
    "owner": {
        "excerpt": "oeg-upm",
        "confidence": [
            1.0
        ],
        "technique": "GitHub API"
    },
    "ownerType": {
        "excerpt": "Organization",
        "confidence": [
            1.0
        ],
        "technique": "GitHub API"
    },
    "dateCreated": {
        "excerpt": "2022-04-25T08:02:14Z",
        "confidence": [
            1.0
        ],
        "technique": "GitHub API"
    },
    "dateModified": {
        "excerpt": "2022-04-25T08:21:32Z",
        "confidence": [
            1.0
        ],
        "technique": "GitHub API"
    },
    "description": [
        {
            "excerpt": "Code for the challenge PoliticEsChallenge",
            "confidence": [
                1.0
            ],
            "technique": "GitHub API"
        }
    ],
    "name": {
        "excerpt": "PoliticEsChallenge",
        "confidence": [
            1.0
        ],
        "technique": "GitHub API"
    },
    "fullName": {
        "excerpt": "oeg-upm/PoliticEsChallenge",
        "confidence": [
            1.0
        ],
        "technique": "GitHub API"
    },
    "issueTracker": {
        "excerpt": "https://api.github.com/repos/oeg-upm/PoliticEsChallenge/issues",
        "confidence": [
            1.0
        ],
        "technique": "GitHub API"
    },
    "forksUrl": {
        "excerpt": "https://api.github.com/repos/oeg-upm/PoliticEsChallenge/forks",
        "confidence": [
            1.0
        ],
        "technique": "GitHub API"
    },
    "downloadUrl": {
        "excerpt": "https://github.com/oeg-upm/PoliticEsChallenge/releases",
        "confidence": [
            1.0
        ],
        "technique": "GitHub API"
    },
    "stargazersCount": {
        "excerpt": {
            "count": 0,
            "date": "Wed, 18 May 2022 07:44:02 GMT"
        },
        "confidence": [
            1.0
        ],
        "technique": "GitHub API"
    },
    "forksCount": {
        "excerpt": {
            "count": 0,
            "date": "Wed, 18 May 2022 07:44:02 GMT"
        },
        "confidence": [
            1.0
        ],
        "technique": "GitHub API"
    },
    "languages": {
        "excerpt": [
            "Python",
            "Shell"
        ],
        "confidence": [
            1.0
        ],
        "technique": "GitHub API"
    },
    "hasScriptFile": {
        "excerpt": [
            "https://raw.githubusercontent.com/oeg-upm/PoliticEsChallenge/main/job.sh"
        ],
        "confidence": [
            1.0
        ],
        "technique": "File Exploration"
    },
    "inspect4py": {}
}