{
    "description": [
        {
            "excerpt": "IE Brain project is about the innovation representation and business modelling.\n \n",
            "confidence": [
                [
                    0.988630710525991
                ]
            ],
            "technique": "Supervised classification",
            "originalHeader": "IEBrain"
        },
        {
            "excerpt": "IE Brain project is about connecting the AI market",
            "confidence": [
                1.0
            ],
            "technique": "GitHub API"
        }
    ],
    "longTitle": {
        "excerpt": "IEBrain",
        "confidence": [
            1.0
        ],
        "technique": "Regular expression"
    },
    "documentation": [
        {
            "originalHeader": "Technical documentation",
            "excerpt": "* IEBrain core Ontology: [IEBrain](https://w3id.org/def/iebrain \"IEBrain\")\n* IEBrainActor Ontology: [IEBrain Actor](https://w3id.org/def/iebrainactor \"IEBrainActor\")\n\n\n",
            "confidence": [
                1.0
            ],
            "technique": "Header extraction"
        }
    ],
    "codeRepository": {
        "excerpt": "https://github.com/oeg-upm/IEBrain",
        "confidence": [
            1.0
        ],
        "technique": "GitHub API"
    },
    "owner": {
        "excerpt": "oeg-upm",
        "confidence": [
            1.0
        ],
        "technique": "GitHub API"
    },
    "ownerType": {
        "excerpt": "Organization",
        "confidence": [
            1.0
        ],
        "technique": "GitHub API"
    },
    "dateCreated": {
        "excerpt": "2020-09-18T11:50:57Z",
        "confidence": [
            1.0
        ],
        "technique": "GitHub API"
    },
    "dateModified": {
        "excerpt": "2020-10-19T10:03:29Z",
        "confidence": [
            1.0
        ],
        "technique": "GitHub API"
    },
    "name": {
        "excerpt": "IEBrain",
        "confidence": [
            1.0
        ],
        "technique": "GitHub API"
    },
    "fullName": {
        "excerpt": "oeg-upm/IEBrain",
        "confidence": [
            1.0
        ],
        "technique": "GitHub API"
    },
    "issueTracker": {
        "excerpt": "https://api.github.com/repos/oeg-upm/IEBrain/issues",
        "confidence": [
            1.0
        ],
        "technique": "GitHub API"
    },
    "forksUrl": {
        "excerpt": "https://api.github.com/repos/oeg-upm/IEBrain/forks",
        "confidence": [
            1.0
        ],
        "technique": "GitHub API"
    },
    "downloadUrl": {
        "excerpt": "https://github.com/oeg-upm/IEBrain/releases",
        "confidence": [
            1.0
        ],
        "technique": "GitHub API"
    },
    "stargazersCount": {
        "excerpt": {
            "count": 0,
            "date": "Thu, 19 May 2022 10:37:42 GMT"
        },
        "confidence": [
            1.0
        ],
        "technique": "GitHub API"
    },
    "forksCount": {
        "excerpt": {
            "count": 2,
            "date": "Thu, 19 May 2022 10:37:42 GMT"
        },
        "confidence": [
            1.0
        ],
        "technique": "GitHub API"
    },
    "readmeUrl": {
        "excerpt": "https://raw.githubusercontent.com/oeg-upm/IEBrain/master/README.md",
        "confidence": [
            1.0
        ],
        "technique": "GitHub API"
    },
    "ontologies": {
        "excerpt": [
            {
                "uri": "http://www.moonshot.ceo/ontologies/def/core/",
                "file_url": "https://raw.githubusercontent.com/oeg-upm/IEBrain/master/iebrain-core.owl"
            },
            {
                "uri": "http://www.moonshot.ceo/ontologies/def/actor/",
                "file_url": "https://raw.githubusercontent.com/oeg-upm/IEBrain/master/iebrain-actor.owl"
            },
            {
                "uri": "http://www.moonshot.ceo/ontologies/def/core/",
                "file_url": "https://raw.githubusercontent.com/oeg-upm/IEBrain/master/OnToology/iebrain-core.owl/documentation/doc/ontology.nt"
            },
            {
                "uri": "http://www.moonshot.ceo/ontologies/def/core/",
                "file_url": "https://raw.githubusercontent.com/oeg-upm/IEBrain/master/OnToology/iebrain-core.owl/documentation/doc/ontology.xml"
            },
            {
                "uri": "http://www.moonshot.ceo/ontologies/def/core/",
                "file_url": "https://raw.githubusercontent.com/oeg-upm/IEBrain/master/OnToology/iebrain-core.owl/documentation/doc/ontology.ttl"
            },
            {
                "uri": "http://www.moonshot.ceo/ontologies/def/actor/",
                "file_url": "https://raw.githubusercontent.com/oeg-upm/IEBrain/master/OnToology/iebrain-actor.owl/documentation/doc/ontology.nt"
            },
            {
                "uri": "http://www.moonshot.ceo/ontologies/def/actor/",
                "file_url": "https://raw.githubusercontent.com/oeg-upm/IEBrain/master/OnToology/iebrain-actor.owl/documentation/doc/ontology.xml"
            },
            {
                "uri": "http://www.moonshot.ceo/ontologies/def/actor/",
                "file_url": "https://raw.githubusercontent.com/oeg-upm/IEBrain/master/OnToology/iebrain-actor.owl/documentation/doc/ontology.ttl"
            }
        ],
        "confidence": [
            1.0
        ],
        "technique": "File Exploration"
    }
}