{
    "description": [
        {
            "excerpt": "Repository for experiments and corpora for named entity recognition (NER) for software repositories, code  and readme files. \nThis repository contains a software-centric NER approach based (initially) in rules and gazetteers. The idea is to use this system from other applications to obtain better context of software documentation.  \n",
            "confidence": [
                [
                    0.9544886415651872,
                    0.9863712322240712
                ]
            ],
            "technique": "Supervised classification",
            "originalHeader": "ner4soft"
        },
        {
            "excerpt": "Repository for expriments and corpora for NER for code repositories and readme files",
            "confidence": [
                1.0
            ],
            "technique": "GitHub API"
        }
    ],
    "installation": [
        {
            "excerpt": "Initial experiments:\n- Dependencies (package, version, higher than/lower than qualifiers)\n- Qualifiers on installation instructions (e.g., platform (Docker, Conda, etc.), OS (Unix, Windows, etc.), and others)\n- Persons (citations)\n- Conferences (citations)\n- Frameworks (e.g., Keras, Tensorflow)\n- Dataset formats\n \n",
            "confidence": [
                [
                    0.91017917825924
                ]
            ],
            "technique": "Supervised classification",
            "originalHeader": "ner4soft"
        }
    ],
    "longTitle": {
        "excerpt": "ner4soft",
        "confidence": [
            1.0
        ],
        "technique": "Regular expression"
    },
    "run": [
        {
            "originalHeader": "Running ner4soft API",
            "excerpt": "(THIS IS WORK IN PROGRESS)\n\n```\ncd src && python App.py\n```\n",
            "parentHeader": [
                "ner4soft"
            ],
            "confidence": [
                1.0
            ],
            "technique": "Header extraction"
        },
        {
            "originalHeader": "Running ner4soft with Docker:",
            "excerpt": "**Building the image:**\n\n1. Clone this repository\n2. `cd` into the main folder (ner4soft)\n3. Build the image:\n```\ndocker build -t ner4soft .\n```\n\n**Running the image:**\nOnce the image has been built, you can run it with the following command:\n\n```\ndocker run --rm -p 8080:8080 ner4soft:latest\n```\nBy default, ner4soft is exposed on port 8080.\n\nNow you are ready to do requests. Sample request:\n\n```\ncurl -X POST \"http://localhost:8080/processText\" -H \"accept: application/json;charset=UTF-8\" -H \"Content-Type: application/json;charset=UTF-8\" -d \"{ \\\"text\\\": \\\"You need Python 3.6 or higher.\\\"}\"\n```\n\nNote that changes to gazetteers or rules will require rebuilding the image.\n\n",
            "parentHeader": [
                "ner4soft"
            ],
            "confidence": [
                1.0
            ],
            "technique": "Header extraction"
        }
    ],
    "codeRepository": {
        "excerpt": "https://github.com/oeg-upm/ner4soft",
        "confidence": [
            1.0
        ],
        "technique": "GitHub API"
    },
    "owner": {
        "excerpt": "oeg-upm",
        "confidence": [
            1.0
        ],
        "technique": "GitHub API"
    },
    "ownerType": {
        "excerpt": "Organization",
        "confidence": [
            1.0
        ],
        "technique": "GitHub API"
    },
    "dateCreated": {
        "excerpt": "2021-03-26T14:10:14Z",
        "confidence": [
            1.0
        ],
        "technique": "GitHub API"
    },
    "dateModified": {
        "excerpt": "2021-10-20T09:22:33Z",
        "confidence": [
            1.0
        ],
        "technique": "GitHub API"
    },
    "name": {
        "excerpt": "ner4soft",
        "confidence": [
            1.0
        ],
        "technique": "GitHub API"
    },
    "fullName": {
        "excerpt": "oeg-upm/ner4soft",
        "confidence": [
            1.0
        ],
        "technique": "GitHub API"
    },
    "issueTracker": {
        "excerpt": "https://api.github.com/repos/oeg-upm/ner4soft/issues",
        "confidence": [
            1.0
        ],
        "technique": "GitHub API"
    },
    "forksUrl": {
        "excerpt": "https://api.github.com/repos/oeg-upm/ner4soft/forks",
        "confidence": [
            1.0
        ],
        "technique": "GitHub API"
    },
    "downloadUrl": {
        "excerpt": "https://github.com/oeg-upm/ner4soft/releases",
        "confidence": [
            1.0
        ],
        "technique": "GitHub API"
    },
    "stargazersCount": {
        "excerpt": {
            "count": 1,
            "date": "Thu, 19 May 2022 10:53:24 GMT"
        },
        "confidence": [
            1.0
        ],
        "technique": "GitHub API"
    },
    "forksCount": {
        "excerpt": {
            "count": 2,
            "date": "Thu, 19 May 2022 10:53:24 GMT"
        },
        "confidence": [
            1.0
        ],
        "technique": "GitHub API"
    },
    "languages": {
        "excerpt": [
            "Java",
            "Python",
            "Dockerfile"
        ],
        "confidence": [
            1.0
        ],
        "technique": "GitHub API"
    },
    "readmeUrl": {
        "excerpt": "https://raw.githubusercontent.com/oeg-upm/ner4soft/main/README.md",
        "confidence": [
            1.0
        ],
        "technique": "GitHub API"
    },
    "hasBuildFile": [
        {
            "excerpt": [
                "https://raw.githubusercontent.com/oeg-upm/ner4soft/main/Dockerfile"
            ],
            "confidence": [
                1.0
            ],
            "technique": "File Exploration",
            "format": "Docker file"
        }
    ],
    "inspect4py": {
        "software_type": "service",
        "run": "python /Users/dakixr/Desktop/github/scc/tmp/metadata/oeg-upm/ner4soft/src/App.py"
    }
}