{
    "description": [
        {
            "excerpt": "The SeMAntic RepresenTation for Protocols, SMART Protocols, provides two ontology modules expressed in OWL to represent the document and workflow aspects of experimental protocols. The SMART Protocols-Document module aims to provide a structured vocabulary of concepts to represent information for reporting an experimental protocol. The SMART Protocols-Workflow module aims to provide a structured vocabulary of concepts to represent the execution of experimental protocols. The domain knowledge is modeled with the AO.\n \n",
            "confidence": [
                [
                    0.9557761569461605
                ]
            ],
            "technique": "Supervised classification",
            "originalHeader": "SMART-Protocols"
        },
        {
            "excerpt": "SMART-Protocols is an ontology to represent experimental protocols, available at http://vocab.linkeddata.es/SMARTProtocols/",
            "confidence": [
                1.0
            ],
            "technique": "GitHub API"
        }
    ],
    "longTitle": {
        "excerpt": "SMART-Protocols",
        "confidence": [
            1.0
        ],
        "technique": "Regular expression"
    },
    "documentation": [
        {
            "originalHeader": "Ontology Documentation",
            "excerpt": "The ontology is documented here: http://vocab.linkeddata.es/SMARTProtocols/\n",
            "confidence": [
                1.0
            ],
            "technique": "Header extraction"
        }
    ],
    "codeRepository": {
        "excerpt": "https://github.com/oeg-upm/SMART-Protocols",
        "confidence": [
            1.0
        ],
        "technique": "GitHub API"
    },
    "owner": {
        "excerpt": "oeg-upm",
        "confidence": [
            1.0
        ],
        "technique": "GitHub API"
    },
    "ownerType": {
        "excerpt": "Organization",
        "confidence": [
            1.0
        ],
        "technique": "GitHub API"
    },
    "dateCreated": {
        "excerpt": "2014-12-03T08:26:46Z",
        "confidence": [
            1.0
        ],
        "technique": "GitHub API"
    },
    "dateModified": {
        "excerpt": "2014-12-03T08:26:46Z",
        "confidence": [
            1.0
        ],
        "technique": "GitHub API"
    },
    "name": {
        "excerpt": "SMART-Protocols",
        "confidence": [
            1.0
        ],
        "technique": "GitHub API"
    },
    "fullName": {
        "excerpt": "oeg-upm/SMART-Protocols",
        "confidence": [
            1.0
        ],
        "technique": "GitHub API"
    },
    "issueTracker": {
        "excerpt": "https://api.github.com/repos/oeg-upm/SMART-Protocols/issues",
        "confidence": [
            1.0
        ],
        "technique": "GitHub API"
    },
    "forksUrl": {
        "excerpt": "https://api.github.com/repos/oeg-upm/SMART-Protocols/forks",
        "confidence": [
            1.0
        ],
        "technique": "GitHub API"
    },
    "downloadUrl": {
        "excerpt": "https://github.com/oeg-upm/SMART-Protocols/releases",
        "confidence": [
            1.0
        ],
        "technique": "GitHub API"
    },
    "stargazersCount": {
        "excerpt": {
            "count": 0,
            "date": "Thu, 19 May 2022 08:57:20 GMT"
        },
        "confidence": [
            1.0
        ],
        "technique": "GitHub API"
    },
    "forksCount": {
        "excerpt": {
            "count": 1,
            "date": "Thu, 19 May 2022 08:57:20 GMT"
        },
        "confidence": [
            1.0
        ],
        "technique": "GitHub API"
    },
    "readmeUrl": {
        "excerpt": "https://raw.githubusercontent.com/oeg-upm/SMART-Protocols/master/README.md",
        "confidence": [
            1.0
        ],
        "technique": "GitHub API"
    },
    "ontologies": {
        "excerpt": [
            {
                "uri": "http://purl.org/net/SMARTprotocol#",
                "file_url": "https://raw.githubusercontent.com/oeg-upm/SMART-Protocols/master/docProtocolV2.0.owl"
            },
            {
                "uri": "http://purl.org/net/SMARTprotocol#",
                "file_url": "https://raw.githubusercontent.com/oeg-upm/SMART-Protocols/master/docWorkflow2.0.owl"
            },
            {
                "uri": "http://purl.org/net/SMARTprotocol",
                "file_url": "https://raw.githubusercontent.com/oeg-upm/SMART-Protocols/master/wfProtocolV2.0.owl"
            }
        ],
        "confidence": [
            1.0
        ],
        "technique": "File Exploration"
    }
}