{
    "description": [
        {
            "excerpt": "This repository contains the code and documentation generated for the the AURORAL privacy ontology.\n \n",
            "confidence": [
                [
                    0.9832474593731696
                ]
            ],
            "technique": "Supervised classification",
            "originalHeader": "Auroral Privacy Ontology"
        }
    ],
    "longTitle": {
        "excerpt": "Auroral Privacy Ontology",
        "confidence": [
            1.0
        ],
        "technique": "Regular expression"
    },
    "image": [
        {
            "excerpt": "https://github.com/oeg-upm/auroral-privacy-ontology/blob/master/diagram/diagram.png",
            "confidence": [
                1.0
            ],
            "technique": "Regular expression"
        }
    ],
    "codeRepository": {
        "excerpt": "https://github.com/oeg-upm/auroral-privacy-ontology",
        "confidence": [
            1.0
        ],
        "technique": "GitHub API"
    },
    "owner": {
        "excerpt": "oeg-upm",
        "confidence": [
            1.0
        ],
        "technique": "GitHub API"
    },
    "ownerType": {
        "excerpt": "Organization",
        "confidence": [
            1.0
        ],
        "technique": "GitHub API"
    },
    "dateCreated": {
        "excerpt": "2021-07-19T07:49:37Z",
        "confidence": [
            1.0
        ],
        "technique": "GitHub API"
    },
    "dateModified": {
        "excerpt": "2022-02-02T16:15:32Z",
        "confidence": [
            1.0
        ],
        "technique": "GitHub API"
    },
    "name": {
        "excerpt": "auroral-privacy-ontology",
        "confidence": [
            1.0
        ],
        "technique": "GitHub API"
    },
    "fullName": {
        "excerpt": "oeg-upm/auroral-privacy-ontology",
        "confidence": [
            1.0
        ],
        "technique": "GitHub API"
    },
    "issueTracker": {
        "excerpt": "https://api.github.com/repos/oeg-upm/auroral-privacy-ontology/issues",
        "confidence": [
            1.0
        ],
        "technique": "GitHub API"
    },
    "forksUrl": {
        "excerpt": "https://api.github.com/repos/oeg-upm/auroral-privacy-ontology/forks",
        "confidence": [
            1.0
        ],
        "technique": "GitHub API"
    },
    "downloadUrl": {
        "excerpt": "https://github.com/oeg-upm/auroral-privacy-ontology/releases",
        "confidence": [
            1.0
        ],
        "technique": "GitHub API"
    },
    "stargazersCount": {
        "excerpt": {
            "count": 1,
            "date": "Thu, 19 May 2022 11:05:19 GMT"
        },
        "confidence": [
            1.0
        ],
        "technique": "GitHub API"
    },
    "forksCount": {
        "excerpt": {
            "count": 2,
            "date": "Thu, 19 May 2022 11:05:19 GMT"
        },
        "confidence": [
            1.0
        ],
        "technique": "GitHub API"
    },
    "readmeUrl": {
        "excerpt": "https://raw.githubusercontent.com/oeg-upm/auroral-privacy-ontology/master/README.md",
        "confidence": [
            1.0
        ],
        "technique": "GitHub API"
    },
    "ontologies": {
        "excerpt": [
            {
                "uri": "https://auroral.iot.linkeddata.es/def/privacy#",
                "file_url": "https://raw.githubusercontent.com/oeg-upm/auroral-privacy-ontology/master/OnToology/ontology/auroral-odrl.ttl/documentation/ontology.nt"
            },
            {
                "uri": "https://auroral.iot.linkeddata.es/def/privacy#",
                "file_url": "https://raw.githubusercontent.com/oeg-upm/auroral-privacy-ontology/master/OnToology/ontology/auroral-odrl.ttl/documentation/ontology.xml"
            },
            {
                "uri": "https://auroral.iot.linkeddata.es/def/privacy#",
                "file_url": "https://raw.githubusercontent.com/oeg-upm/auroral-privacy-ontology/master/OnToology/ontology/auroral-odrl.ttl/documentation/ontology.ttl"
            },
            {
                "uri": "https://auroral.iot.linkeddata.es/def/priv#",
                "file_url": "https://raw.githubusercontent.com/oeg-upm/auroral-privacy-ontology/master/ontology/auroral-priv.ttl"
            }
        ],
        "confidence": [
            1.0
        ],
        "technique": "File Exploration"
    }
}