{
    "description": [
        {
            "excerpt": "This repository contains the code and documentation generated for the the AURORAL Core ontology.\n \n",
            "confidence": [
                [
                    0.988983192287632
                ]
            ],
            "technique": "Supervised classification",
            "originalHeader": "Auroral Core Ontology"
        }
    ],
    "longTitle": {
        "excerpt": "Auroral Core Ontology",
        "confidence": [
            1.0
        ],
        "technique": "Regular expression"
    },
    "image": [
        {
            "excerpt": "https://github.com/oeg-upm/auroral-core-ontology/blob/master/diagrams/auroral-core.png",
            "confidence": [
                1.0
            ],
            "technique": "Regular expression"
        }
    ],
    "codeRepository": {
        "excerpt": "https://github.com/oeg-upm/auroral-core-ontology",
        "confidence": [
            1.0
        ],
        "technique": "GitHub API"
    },
    "owner": {
        "excerpt": "oeg-upm",
        "confidence": [
            1.0
        ],
        "technique": "GitHub API"
    },
    "ownerType": {
        "excerpt": "Organization",
        "confidence": [
            1.0
        ],
        "technique": "GitHub API"
    },
    "dateCreated": {
        "excerpt": "2021-07-19T08:40:21Z",
        "confidence": [
            1.0
        ],
        "technique": "GitHub API"
    },
    "dateModified": {
        "excerpt": "2022-04-26T13:10:44Z",
        "confidence": [
            1.0
        ],
        "technique": "GitHub API"
    },
    "name": {
        "excerpt": "auroral-core-ontology",
        "confidence": [
            1.0
        ],
        "technique": "GitHub API"
    },
    "fullName": {
        "excerpt": "oeg-upm/auroral-core-ontology",
        "confidence": [
            1.0
        ],
        "technique": "GitHub API"
    },
    "issueTracker": {
        "excerpt": "https://api.github.com/repos/oeg-upm/auroral-core-ontology/issues",
        "confidence": [
            1.0
        ],
        "technique": "GitHub API"
    },
    "forksUrl": {
        "excerpt": "https://api.github.com/repos/oeg-upm/auroral-core-ontology/forks",
        "confidence": [
            1.0
        ],
        "technique": "GitHub API"
    },
    "downloadUrl": {
        "excerpt": "https://github.com/oeg-upm/auroral-core-ontology/releases",
        "confidence": [
            1.0
        ],
        "technique": "GitHub API"
    },
    "stargazersCount": {
        "excerpt": {
            "count": 2,
            "date": "Thu, 19 May 2022 11:05:21 GMT"
        },
        "confidence": [
            1.0
        ],
        "technique": "GitHub API"
    },
    "forksCount": {
        "excerpt": {
            "count": 4,
            "date": "Thu, 19 May 2022 11:05:21 GMT"
        },
        "confidence": [
            1.0
        ],
        "technique": "GitHub API"
    },
    "readmeUrl": {
        "excerpt": "https://raw.githubusercontent.com/oeg-upm/auroral-core-ontology/master/README.md",
        "confidence": [
            1.0
        ],
        "technique": "GitHub API"
    },
    "ontologies": {
        "excerpt": [
            {
                "uri": "Nfe7b2f15753d4fafa0b8fc9267c27804",
                "file_url": "https://raw.githubusercontent.com/oeg-upm/auroral-core-ontology/master/OnToology/tests/testsuite.ttl/documentation/ontology.nt"
            },
            {
                "uri": "n78361243dac046ab86935681abfb1908b1",
                "file_url": "https://raw.githubusercontent.com/oeg-upm/auroral-core-ontology/master/OnToology/tests/testsuite.ttl/documentation/ontology.ttl"
            },
            {
                "uri": "https://auroral.iot.linkeddata.es/def/core#",
                "file_url": "https://raw.githubusercontent.com/oeg-upm/auroral-core-ontology/master/OnToology/ontology/auroral-core.ttl/documentation/ontology.nt"
            },
            {
                "uri": "https://auroral.iot.linkeddata.es/def/core#",
                "file_url": "https://raw.githubusercontent.com/oeg-upm/auroral-core-ontology/master/OnToology/ontology/auroral-core.ttl/documentation/ontology.xml"
            },
            {
                "uri": "https://auroral.iot.linkeddata.es/def/core#",
                "file_url": "https://raw.githubusercontent.com/oeg-upm/auroral-core-ontology/master/OnToology/ontology/auroral-core.ttl/documentation/ontology.ttl"
            },
            {
                "uri": "https://auroral.iot.linkeddata.es/def/core#",
                "file_url": "https://raw.githubusercontent.com/oeg-upm/auroral-core-ontology/master/ontology/auroral-core.ttl"
            }
        ],
        "confidence": [
            1.0
        ],
        "technique": "File Exploration"
    }
}