{
    "description": [
        {
            "excerpt": "Mapping script which transforms GTFS CSV into GTFS RDF",
            "confidence": [
                1.0
            ],
            "technique": "GitHub API"
        }
    ],
    "longTitle": {
        "excerpt": "gtfs-csv2rdf",
        "confidence": [
            1.0
        ],
        "technique": "Regular expression"
    },
    "usage": [
        {
            "originalHeader": "Use",
            "excerpt": "Requirements:\n * node js\n\nInstall using `npm install`\n",
            "parentHeader": [
                "gtfs-csv2rdf"
            ],
            "confidence": [
                1.0
            ],
            "technique": "Header extraction"
        },
        {
            "originalHeader": "Command Line",
            "excerpt": "```bash\n# First argument: path to gtfs\n# Second argument: the version of the feed\n# Third argument: the base URI\n./gtfs-csv2rdf path-to-gtfs.zip 0.1 http://data.gtfs.org/  > gtfsintriples.ttl\n```\n",
            "parentHeader": [
                "gtfs-csv2rdf",
                "Use"
            ],
            "confidence": [
                1.0
            ],
            "technique": "Header extraction"
        },
        {
            "originalHeader": "As a nodejs library",
            "excerpt": "By example:\n\n```javascript\nvar fs = require('fs');\nvar N3 = require('n3');\nvar gtfscsv2rdf = require('./lib/gtfs-csv2rdf.js');\nvar path = \"/path/to/gtfs.zip\";\nif (/(.*\\/)?(.*?)\\.zip/.exec(path)) {\n  var feedname = /(.*\\/)?(.*?)\\.zip/.exec(path)[2];\n} else {\n  throw \"Not a zip file: \" + path;\n}\n//create the writer of turtle file towards stdout\nvar streamWriter = new N3.StreamWriter({ 'gtfs': 'http://vocab.gtfs.org/terms#',\n                                         'rdf': 'http://www.w3.org/1999/02/22-rdf-syntax-ns#',\n                                         'foaf' : 'http://xmlns.com/foaf/0.1/',\n                                         'dct' : 'http://purl.org/dc/terms/',\n                                         'rdfs' : 'http://www.w3.org/2000/01/rdf-schema#',\n                                         'owl' : 'http://www.w3.org/2002/07/owl#',\n                                         'xsd' : 'http://www.w3.org/2001/XMLSchema#',\n                                         'vann' : 'http://purl.org/vocab/vann/',\n                                         'skos' : 'http://www.w3.org/2004/02/skos/core#',\n                                         'dcat' : 'http://www.w3.org/ns/dcat#'});\nstreamWriter.pipe(process.stdout);\nvar options = {\n  feedname : feedname,\n  version : \"0.1\",\n  baseuri : \"http://data.gtfs.org/\"\n};\ngtfscsv2rdf(fs.createReadStream(path), streamWriter, options);\n```\n",
            "parentHeader": [
                "gtfs-csv2rdf",
                "Use"
            ],
            "confidence": [
                1.0
            ],
            "technique": "Header extraction"
        }
    ],
    "codeRepository": {
        "excerpt": "https://github.com/oeg-upm/gtfs-csv2rdf",
        "confidence": [
            1.0
        ],
        "technique": "GitHub API"
    },
    "owner": {
        "excerpt": "oeg-upm",
        "confidence": [
            1.0
        ],
        "technique": "GitHub API"
    },
    "ownerType": {
        "excerpt": "Organization",
        "confidence": [
            1.0
        ],
        "technique": "GitHub API"
    },
    "dateCreated": {
        "excerpt": "2015-05-04T12:46:17Z",
        "confidence": [
            1.0
        ],
        "technique": "GitHub API"
    },
    "dateModified": {
        "excerpt": "2015-05-04T12:46:18Z",
        "confidence": [
            1.0
        ],
        "technique": "GitHub API"
    },
    "license": {
        "excerpt": {
            "name": "MIT License",
            "url": "https://api.github.com/licenses/mit"
        },
        "confidence": [
            1.0
        ],
        "technique": "GitHub API"
    },
    "name": {
        "excerpt": "gtfs-csv2rdf",
        "confidence": [
            1.0
        ],
        "technique": "GitHub API"
    },
    "fullName": {
        "excerpt": "oeg-upm/gtfs-csv2rdf",
        "confidence": [
            1.0
        ],
        "technique": "GitHub API"
    },
    "issueTracker": {
        "excerpt": "https://api.github.com/repos/oeg-upm/gtfs-csv2rdf/issues",
        "confidence": [
            1.0
        ],
        "technique": "GitHub API"
    },
    "forksUrl": {
        "excerpt": "https://api.github.com/repos/oeg-upm/gtfs-csv2rdf/forks",
        "confidence": [
            1.0
        ],
        "technique": "GitHub API"
    },
    "downloadUrl": {
        "excerpt": "https://github.com/oeg-upm/gtfs-csv2rdf/releases",
        "confidence": [
            1.0
        ],
        "technique": "GitHub API"
    },
    "stargazersCount": {
        "excerpt": {
            "count": 0,
            "date": "Thu, 19 May 2022 08:57:52 GMT"
        },
        "confidence": [
            1.0
        ],
        "technique": "GitHub API"
    },
    "forksCount": {
        "excerpt": {
            "count": 0,
            "date": "Thu, 19 May 2022 08:57:52 GMT"
        },
        "confidence": [
            1.0
        ],
        "technique": "GitHub API"
    },
    "languages": {
        "excerpt": [
            "JavaScript"
        ],
        "confidence": [
            1.0
        ],
        "technique": "GitHub API"
    },
    "licenseText": {
        "excerpt": "b'The MIT License (MIT)\\n\\nCopyright (c) 2014 OpenTransport\\n\\nPermission is hereby granted, free of charge, to any person obtaining a copy\\nof this software and associated documentation files (the \"Software\"), to deal\\nin the Software without restriction, including without limitation the rights\\nto use, copy, modify, merge, publish, distribute, sublicense, and/or sell\\ncopies of the Software, and to permit persons to whom the Software is\\nfurnished to do so, subject to the following conditions:\\n\\nThe above copyright notice and this permission notice shall be included in all\\ncopies or substantial portions of the Software.\\n\\nTHE SOFTWARE IS PROVIDED \"AS IS\", WITHOUT WARRANTY OF ANY KIND, EXPRESS OR\\nIMPLIED, INCLUDING BUT NOT LIMITED TO THE WARRANTIES OF MERCHANTABILITY,\\nFITNESS FOR A PARTICULAR PURPOSE AND NONINFRINGEMENT. IN NO EVENT SHALL THE\\nAUTHORS OR COPYRIGHT HOLDERS BE LIABLE FOR ANY CLAIM, DAMAGES OR OTHER\\nLIABILITY, WHETHER IN AN ACTION OF CONTRACT, TORT OR OTHERWISE, ARISING FROM,\\nOUT OF OR IN CONNECTION WITH THE SOFTWARE OR THE USE OR OTHER DEALINGS IN THE\\nSOFTWARE.\\n'",
        "confidence": [
            1.0
        ],
        "technique": "File Exploration"
    },
    "readmeUrl": {
        "excerpt": "https://raw.githubusercontent.com/oeg-upm/gtfs-csv2rdf/master/README.md",
        "confidence": [
            1.0
        ],
        "technique": "GitHub API"
    }
}