{
    "description": [
        {
            "excerpt": "Repository for storing the different versions and implementation of the Linked Earth ontology \n",
            "confidence": [
                [
                    0.9874426241681922
                ]
            ],
            "technique": "Supervised classification",
            "originalHeader": "Ontology"
        },
        {
            "excerpt": "Repository for storing the different versions and implementation of the Linked Earth ontology",
            "confidence": [
                1.0
            ],
            "technique": "GitHub API"
        }
    ],
    "longTitle": {
        "excerpt": "Ontology",
        "confidence": [
            1.0
        ],
        "technique": "Regular expression"
    },
    "identifier": [
        {
            "excerpt": "https://zenodo.org/badge/latestdoi/53662986",
            "confidence": [
                1.0
            ],
            "technique": "Regular expression"
        }
    ],
    "codeRepository": {
        "excerpt": "https://github.com/LinkedEarth/Ontology",
        "confidence": [
            1.0
        ],
        "technique": "GitHub API"
    },
    "owner": {
        "excerpt": "LinkedEarth",
        "confidence": [
            1.0
        ],
        "technique": "GitHub API"
    },
    "ownerType": {
        "excerpt": "Organization",
        "confidence": [
            1.0
        ],
        "technique": "GitHub API"
    },
    "dateCreated": {
        "excerpt": "2016-03-11T11:36:36Z",
        "confidence": [
            1.0
        ],
        "technique": "GitHub API"
    },
    "dateModified": {
        "excerpt": "2021-09-01T18:49:10Z",
        "confidence": [
            1.0
        ],
        "technique": "GitHub API"
    },
    "name": {
        "excerpt": "Ontology",
        "confidence": [
            1.0
        ],
        "technique": "GitHub API"
    },
    "fullName": {
        "excerpt": "LinkedEarth/Ontology",
        "confidence": [
            1.0
        ],
        "technique": "GitHub API"
    },
    "issueTracker": {
        "excerpt": "https://api.github.com/repos/LinkedEarth/Ontology/issues",
        "confidence": [
            1.0
        ],
        "technique": "GitHub API"
    },
    "forksUrl": {
        "excerpt": "https://api.github.com/repos/LinkedEarth/Ontology/forks",
        "confidence": [
            1.0
        ],
        "technique": "GitHub API"
    },
    "downloadUrl": {
        "excerpt": "https://github.com/LinkedEarth/Ontology/releases",
        "confidence": [
            1.0
        ],
        "technique": "GitHub API"
    },
    "stargazersCount": {
        "excerpt": {
            "count": 2,
            "date": "Wed, 18 May 2022 21:51:33 GMT"
        },
        "confidence": [
            1.0
        ],
        "technique": "GitHub API"
    },
    "forksCount": {
        "excerpt": {
            "count": 4,
            "date": "Wed, 18 May 2022 21:51:33 GMT"
        },
        "confidence": [
            1.0
        ],
        "technique": "GitHub API"
    },
    "languages": {
        "excerpt": [
            "HTML",
            "CSS"
        ],
        "confidence": [
            1.0
        ],
        "technique": "GitHub API"
    },
    "readmeUrl": {
        "excerpt": "https://raw.githubusercontent.com/LinkedEarth/Ontology/master/README.md",
        "confidence": [
            1.0
        ],
        "technique": "GitHub API"
    },
    "ontologies": {
        "excerpt": [
            {
                "uri": "http://linked.earth/ontology#",
                "file_url": "https://raw.githubusercontent.com/LinkedEarth/Ontology/master/versions/doc-snapshot0.0.4/ontology.ttl"
            },
            {
                "uri": "http://linked.earth/ontology#",
                "file_url": "https://raw.githubusercontent.com/LinkedEarth/Ontology/master/versions/latest/ontology.owl"
            },
            {
                "uri": "http://linked.earth/ontology#",
                "file_url": "https://raw.githubusercontent.com/LinkedEarth/Ontology/master/versions/latest/ontology.ttl"
            },
            {
                "uri": "http://linked.earth/ontology#",
                "file_url": "https://raw.githubusercontent.com/LinkedEarth/Ontology/master/versions/latest/core/ontology.xml"
            },
            {
                "uri": "http://linked.earth/ontology#",
                "file_url": "https://raw.githubusercontent.com/LinkedEarth/Ontology/master/versions/latest/core/ontology.ttl"
            },
            {
                "uri": "http://linked.earth/ontology#",
                "file_url": "https://raw.githubusercontent.com/LinkedEarth/Ontology/master/versions/latest/archive/ontology.xml"
            },
            {
                "uri": "http://linked.earth/ontology#",
                "file_url": "https://raw.githubusercontent.com/LinkedEarth/Ontology/master/versions/latest/archive/ontology.ttl"
            },
            {
                "uri": "http://linked.earth/ontology#",
                "file_url": "https://raw.githubusercontent.com/LinkedEarth/Ontology/master/versions/latest/instrument/ontology.xml"
            },
            {
                "uri": "http://linked.earth/ontology#",
                "file_url": "https://raw.githubusercontent.com/LinkedEarth/Ontology/master/versions/latest/instrument/ontology.ttl"
            },
            {
                "uri": "http://linked.earth/ontology#",
                "file_url": "https://raw.githubusercontent.com/LinkedEarth/Ontology/master/versions/latest/sensor/ontology.xml"
            },
            {
                "uri": "http://linked.earth/ontology#",
                "file_url": "https://raw.githubusercontent.com/LinkedEarth/Ontology/master/versions/latest/sensor/ontology.ttl"
            },
            {
                "uri": "http://linked.earth/ontology#",
                "file_url": "https://raw.githubusercontent.com/LinkedEarth/Ontology/master/versions/latest/inferredVariableProperties/ontology.ttl"
            },
            {
                "uri": "http://linked.earth/ontology#",
                "file_url": "https://raw.githubusercontent.com/LinkedEarth/Ontology/master/versions/latest/observation/ontology.xml"
            },
            {
                "uri": "http://linked.earth/ontology#",
                "file_url": "https://raw.githubusercontent.com/LinkedEarth/Ontology/master/versions/latest/observation/ontology.ttl"
            },
            {
                "uri": "http://linked.earth/ontology#",
                "file_url": "https://raw.githubusercontent.com/LinkedEarth/Ontology/master/versions/doc-snapshot1.1.0/ontology.owl"
            },
            {
                "uri": "http://linked.earth/ontology#",
                "file_url": "https://raw.githubusercontent.com/LinkedEarth/Ontology/master/versions/doc-snapshot1.1.0/ontology.ttl"
            },
            {
                "uri": "http://linked.earth/ontology#",
                "file_url": "https://raw.githubusercontent.com/LinkedEarth/Ontology/master/versions/doc-snapshot1.1.0/core/ontology.xml"
            },
            {
                "uri": "http://linked.earth/ontology#",
                "file_url": "https://raw.githubusercontent.com/LinkedEarth/Ontology/master/versions/doc-snapshot1.1.0/core/ontology.ttl"
            },
            {
                "uri": "http://linked.earth/ontology#",
                "file_url": "https://raw.githubusercontent.com/LinkedEarth/Ontology/master/versions/doc-snapshot1.1.0/archive/ontology.xml"
            },
            {
                "uri": "http://linked.earth/ontology#",
                "file_url": "https://raw.githubusercontent.com/LinkedEarth/Ontology/master/versions/doc-snapshot1.1.0/archive/ontology.ttl"
            },
            {
                "uri": "http://linked.earth/ontology#",
                "file_url": "https://raw.githubusercontent.com/LinkedEarth/Ontology/master/versions/doc-snapshot1.1.0/sensor/ontology.xml"
            },
            {
                "uri": "http://linked.earth/ontology#",
                "file_url": "https://raw.githubusercontent.com/LinkedEarth/Ontology/master/versions/doc-snapshot1.1.0/sensor/ontology.ttl"
            },
            {
                "uri": "http://linked.earth/ontology#",
                "file_url": "https://raw.githubusercontent.com/LinkedEarth/Ontology/master/versions/doc-snapshot1.1.0/observation/ontology.xml"
            },
            {
                "uri": "http://linked.earth/ontology#",
                "file_url": "https://raw.githubusercontent.com/LinkedEarth/Ontology/master/versions/doc-snapshot1.1.0/observation/ontology.ttl"
            },
            {
                "uri": "http://linked.earth/ontology#",
                "file_url": "https://raw.githubusercontent.com/LinkedEarth/Ontology/master/versions/doc-snapshot1.0.0/ontology.owl"
            },
            {
                "uri": "http://linked.earth/ontology#",
                "file_url": "https://raw.githubusercontent.com/LinkedEarth/Ontology/master/versions/doc-snapshot1.0.0/ontology.ttl"
            },
            {
                "uri": "http://linked.earth/ontology#",
                "file_url": "https://raw.githubusercontent.com/LinkedEarth/Ontology/master/release/ontology.owl"
            },
            {
                "uri": "http://linked.earth/ontology#",
                "file_url": "https://raw.githubusercontent.com/LinkedEarth/Ontology/master/release/ontology.ttl"
            },
            {
                "uri": "http://linked.earth/ontology#",
                "file_url": "https://raw.githubusercontent.com/LinkedEarth/Ontology/master/release/core/1.0.0/ontology.owl"
            },
            {
                "uri": "http://linked.earth/ontology#",
                "file_url": "https://raw.githubusercontent.com/LinkedEarth/Ontology/master/release/core/1.0.0/ontology.ttl"
            },
            {
                "uri": "http://linked.earth/ontology#",
                "file_url": "https://raw.githubusercontent.com/LinkedEarth/Ontology/master/release/core/1.1.0/ontology.xml"
            },
            {
                "uri": "http://linked.earth/ontology#",
                "file_url": "https://raw.githubusercontent.com/LinkedEarth/Ontology/master/release/core/1.1.0/ontology.ttl"
            },
            {
                "uri": "http://linked.earth/ontology#",
                "file_url": "https://raw.githubusercontent.com/LinkedEarth/Ontology/master/release/core/0.0.4/ontology.ttl"
            },
            {
                "uri": "http://linked.earth/ontology#",
                "file_url": "https://raw.githubusercontent.com/LinkedEarth/Ontology/master/release/core/1.2.0/ontology.nt"
            },
            {
                "uri": "http://linked.earth/ontology#",
                "file_url": "https://raw.githubusercontent.com/LinkedEarth/Ontology/master/release/core/1.2.0/ontology.xml"
            },
            {
                "uri": "http://linked.earth/ontology#",
                "file_url": "https://raw.githubusercontent.com/LinkedEarth/Ontology/master/release/core/1.2.0/ontology.ttl"
            },
            {
                "uri": "http://linked.earth/ontology#",
                "file_url": "https://raw.githubusercontent.com/LinkedEarth/Ontology/master/release/archive/1.0.0/ontology.xml"
            },
            {
                "uri": "http://linked.earth/ontology#",
                "file_url": "https://raw.githubusercontent.com/LinkedEarth/Ontology/master/release/archive/1.0.0/ontology.ttl"
            },
            {
                "uri": "http://linked.earth/ontology#",
                "file_url": "https://raw.githubusercontent.com/LinkedEarth/Ontology/master/release/archive/0.0.1/ontology.xml"
            },
            {
                "uri": "http://linked.earth/ontology#",
                "file_url": "https://raw.githubusercontent.com/LinkedEarth/Ontology/master/release/archive/0.0.1/ontology.ttl"
            },
            {
                "uri": "http://linked.earth/ontology#",
                "file_url": "https://raw.githubusercontent.com/LinkedEarth/Ontology/master/release/instrument/1.0.0/ontology.xml"
            },
            {
                "uri": "http://linked.earth/ontology#",
                "file_url": "https://raw.githubusercontent.com/LinkedEarth/Ontology/master/release/instrument/1.0.0/ontology.ttl"
            },
            {
                "uri": "http://linked.earth/ontology#",
                "file_url": "https://raw.githubusercontent.com/LinkedEarth/Ontology/master/release/inferredVariable/1.0.0/ontology.xml"
            },
            {
                "uri": "http://linked.earth/ontology#",
                "file_url": "https://raw.githubusercontent.com/LinkedEarth/Ontology/master/release/inferredVariable/1.0.0/ontology.ttl"
            },
            {
                "uri": "http://linked.earth/ontology#",
                "file_url": "https://raw.githubusercontent.com/LinkedEarth/Ontology/master/release/sensor/1.0.0/ontology.xml"
            },
            {
                "uri": "http://linked.earth/ontology#",
                "file_url": "https://raw.githubusercontent.com/LinkedEarth/Ontology/master/release/sensor/1.0.0/ontology.ttl"
            },
            {
                "uri": "http://linked.earth/ontology#",
                "file_url": "https://raw.githubusercontent.com/LinkedEarth/Ontology/master/release/sensor/0.0.1/ontology.xml"
            },
            {
                "uri": "http://linked.earth/ontology#",
                "file_url": "https://raw.githubusercontent.com/LinkedEarth/Ontology/master/release/sensor/0.0.1/ontology.ttl"
            },
            {
                "uri": "http://linked.earth/ontology#",
                "file_url": "https://raw.githubusercontent.com/LinkedEarth/Ontology/master/release/observation/1.0.0/ontology.xml"
            },
            {
                "uri": "http://linked.earth/ontology#",
                "file_url": "https://raw.githubusercontent.com/LinkedEarth/Ontology/master/release/observation/1.0.0/ontology.ttl"
            },
            {
                "uri": "http://linked.earth/ontology#",
                "file_url": "https://raw.githubusercontent.com/LinkedEarth/Ontology/master/release/observation/0.0.1/ontology.xml"
            },
            {
                "uri": "http://linked.earth/ontology#",
                "file_url": "https://raw.githubusercontent.com/LinkedEarth/Ontology/master/release/observation/0.0.1/ontology.ttl"
            },
            {
                "uri": "http://linked.earth/ontology#",
                "file_url": "https://raw.githubusercontent.com/LinkedEarth/Ontology/master/ontology_development/sensor.ttl"
            },
            {
                "uri": "http://linked.earth/ontology#",
                "file_url": "https://raw.githubusercontent.com/LinkedEarth/Ontology/master/ontology_development/observation.ttl"
            },
            {
                "uri": "http://linked.earth/ontology#",
                "file_url": "https://raw.githubusercontent.com/LinkedEarth/Ontology/master/ontology_development/archive.ttl"
            },
            {
                "uri": "http://linked.earth/ontology#",
                "file_url": "https://raw.githubusercontent.com/LinkedEarth/Ontology/master/ontology_development/instrument.ttl"
            },
            {
                "uri": "http://linked.earth/ontology#",
                "file_url": "https://raw.githubusercontent.com/LinkedEarth/Ontology/master/ontology_development/inferred_variable.ttl"
            },
            {
                "uri": "http://linked.earth/ontology#",
                "file_url": "https://raw.githubusercontent.com/LinkedEarth/Ontology/master/ontology_development/core.ttl"
            },
            {
                "uri": "http://linked.earth/ontology#",
                "file_url": "https://raw.githubusercontent.com/LinkedEarth/Ontology/master/ontology_development/ontology_all.ttl"
            }
        ],
        "confidence": [
            1.0
        ],
        "technique": "File Exploration"
    },
    "releases": {
        "excerpt": [
            {
                "tagName": "zenodo",
                "name": "Release for Zenodo",
                "authorName": "LinkedEarth",
                "authorType": "Organization",
                "body": "",
                "tarballUrl": "https://api.github.com/repos/LinkedEarth/Ontology/tarball/zenodo",
                "zipballUrl": "https://api.github.com/repos/LinkedEarth/Ontology/zipball/zenodo",
                "htmlUrl": "https://github.com/LinkedEarth/Ontology/releases/tag/zenodo",
                "url": "https://api.github.com/repos/LinkedEarth/Ontology/releases/15769776",
                "dateCreated": "2019-02-20T23:21:06Z",
                "datePublished": "2019-02-26T02:18:21Z"
            },
            {
                "tagName": "v1.0.0",
                "name": "First stable release of the Linked Earth ontology",
                "authorName": "LinkedEarth",
                "authorType": "Organization",
                "body": "",
                "tarballUrl": "https://api.github.com/repos/LinkedEarth/Ontology/tarball/v1.0.0",
                "zipballUrl": "https://api.github.com/repos/LinkedEarth/Ontology/zipball/v1.0.0",
                "htmlUrl": "https://github.com/LinkedEarth/Ontology/releases/tag/v1.0.0",
                "url": "https://api.github.com/repos/LinkedEarth/Ontology/releases/3433485",
                "dateCreated": "2016-06-13T16:39:35Z",
                "datePublished": "2016-06-13T16:43:51Z"
            }
        ],
        "confidence": [
            1.0
        ],
        "technique": "GitHub API"
    }
}