{
    "description": [
        {
            "excerpt": "The LinkedEarth wiki leverages semantic wiki technology to crowdsource the curation and standards development of paleoclimate data. Like traditional wikis, they enable the collaborative authoring of content. Secure access and time-stamped content also enable the tracking of changes and the accountability of users, as well as moderation capabilities by community members of recognized expertise. In contrast to traditional wikis, semantic wikis allow contributors to assign *meaning* to their content, specifying relationships between the objects they describe. \nThis enables complex queries to be performed on the database, using the [SPAQRL Query language](https://www.w3.org/TR/rdf-sparql-query/). \nTo learn more about the LinkedEarth wiki, see [this page](http://linked.earth/projects/linkedearth-wiki/).\n \n",
            "confidence": [
                [
                    0.9961354699500972,
                    0.9342085777134478,
                    0.989603838468463
                ]
            ],
            "technique": "Supervised classification",
            "originalHeader": "<a name = \"about\"> What is the LinkedEarth wiki? </a>",
            "parentHeader": [
                "Querying the LinkedEarth wiki"
            ]
        },
        {
            "excerpt": "The Jupyter Notebook included in this repository aimed to enable querying the LinkedEarth wiki with no to little coding knowledge (besides installing Python on your computer). \nThis is Notebook is not meant to replace a full API, which will be in the works soon. \nThis Notebook allows to query the dataset for the most often searched properties (and combination thereof): \n",
            "confidence": [
                [
                    0.9133484186027764,
                    0.9690138701602701,
                    0.902890796917774
                ]
            ],
            "technique": "Supervised classification",
            "originalHeader": "<a name = \"jupyter\"> Queries and Jupyter Notebook </a>",
            "parentHeader": [
                "Querying the LinkedEarth wiki"
            ]
        },
        {
            "excerpt": "This material is based upon work supported by the National Science Foundation under Grant Number ICER-1541029. Any opinions, findings, and conclusions or recommendations expressed in this material are those of the investigators and do not necessarily reflect the views of the National Science Foundation.\n \n",
            "confidence": [
                [
                    0.98295089943626
                ]
            ],
            "technique": "Supervised classification",
            "originalHeader": "<a name = \"disclaimer\"> Disclaimer </a>",
            "parentHeader": [
                "Querying the LinkedEarth wiki"
            ]
        }
    ],
    "citation": [
        {
            "excerpt": "GitHub: https://github.com/LinkedEarth/Pyleoclim_util \n",
            "confidence": [
                [
                    0.9698834407712852
                ]
            ],
            "technique": "Supervised classification",
            "originalHeader": "<a name=\"info\">Further information</a>",
            "parentHeader": [
                "Querying the LinkedEarth wiki"
            ]
        }
    ],
    "installation": [
        {
            "originalHeader": "<a name = \"quickstart\"> Quickstart Guide </a>",
            "excerpt": "Jupyter Notebook comes with the Python [Anaconda distribution](https://www.continuum.io/downloads).\n\n1. Open your command line application (Terminal or Command Prompt)\n\n2. Type `jupyter notebook`\n\n3. Using the web interface, navigate to where the Jupyter Notebook was saved on your computer and click on it to open the application.\n\nIf you are new to Python and Jupyter Notebook, see our introduction [here](https://github.com/nickmckay/LiPD-utilities/blob/master/Examples/Welcome%20Jupyter%20-%20Quickstart.ipynb).\n",
            "parentHeader": [
                "Querying the LinkedEarth wiki"
            ],
            "confidence": [
                1.0
            ],
            "technique": "Header extraction"
        }
    ],
    "longTitle": {
        "excerpt": "Querying the LinkedEarth wiki",
        "confidence": [
            1.0
        ],
        "technique": "Regular expression"
    },
    "identifier": [
        {
            "excerpt": "https://zenodo.org/badge/latestdoi/101119446",
            "confidence": [
                1.0
            ],
            "technique": "Regular expression"
        }
    ],
    "contact": [
        {
            "originalHeader": "<a name = \"contact\"> Contact </a>",
            "excerpt": "Please report issues to <linkedearth@gmail.com>\n",
            "parentHeader": [
                "Querying the LinkedEarth wiki"
            ],
            "confidence": [
                1.0
            ],
            "technique": "Header extraction"
        }
    ],
    "license": [
        {
            "originalHeader": "<a name =\"license\"> License </a>",
            "excerpt": "The project is licensed under the GNU Public License.\n",
            "parentHeader": [
                "Querying the LinkedEarth wiki"
            ],
            "confidence": [
                1.0
            ],
            "technique": "Header extraction"
        }
    ],
    "requirement": [
        {
            "originalHeader": "<a name=\"req\"> Requirements </a>",
            "excerpt": "Running the Notebook requires to have Python v3.4+ installed on your computer. We are currently exploring other options.\n",
            "parentHeader": [
                "Querying the LinkedEarth wiki"
            ],
            "confidence": [
                1.0
            ],
            "technique": "Header extraction"
        }
    ],
    "codeRepository": {
        "excerpt": "https://github.com/LinkedEarth/Queries",
        "confidence": [
            1.0
        ],
        "technique": "GitHub API"
    },
    "owner": {
        "excerpt": "LinkedEarth",
        "confidence": [
            1.0
        ],
        "technique": "GitHub API"
    },
    "ownerType": {
        "excerpt": "Organization",
        "confidence": [
            1.0
        ],
        "technique": "GitHub API"
    },
    "dateCreated": {
        "excerpt": "2017-08-23T00:27:41Z",
        "confidence": [
            1.0
        ],
        "technique": "GitHub API"
    },
    "dateModified": {
        "excerpt": "2020-09-09T23:58:24Z",
        "confidence": [
            1.0
        ],
        "technique": "GitHub API"
    },
    "name": {
        "excerpt": "Queries",
        "confidence": [
            1.0
        ],
        "technique": "GitHub API"
    },
    "fullName": {
        "excerpt": "LinkedEarth/Queries",
        "confidence": [
            1.0
        ],
        "technique": "GitHub API"
    },
    "issueTracker": {
        "excerpt": "https://api.github.com/repos/LinkedEarth/Queries/issues",
        "confidence": [
            1.0
        ],
        "technique": "GitHub API"
    },
    "forksUrl": {
        "excerpt": "https://api.github.com/repos/LinkedEarth/Queries/forks",
        "confidence": [
            1.0
        ],
        "technique": "GitHub API"
    },
    "downloadUrl": {
        "excerpt": "https://github.com/LinkedEarth/Queries/releases",
        "confidence": [
            1.0
        ],
        "technique": "GitHub API"
    },
    "stargazersCount": {
        "excerpt": {
            "count": 2,
            "date": "Wed, 18 May 2022 21:52:44 GMT"
        },
        "confidence": [
            1.0
        ],
        "technique": "GitHub API"
    },
    "forksCount": {
        "excerpt": {
            "count": 1,
            "date": "Wed, 18 May 2022 21:52:44 GMT"
        },
        "confidence": [
            1.0
        ],
        "technique": "GitHub API"
    },
    "languages": {
        "excerpt": [
            "Jupyter Notebook"
        ],
        "confidence": [
            1.0
        ],
        "technique": "GitHub API"
    },
    "readmeUrl": {
        "excerpt": "https://raw.githubusercontent.com/LinkedEarth/Queries/master/README.md",
        "confidence": [
            1.0
        ],
        "technique": "GitHub API"
    },
    "hasExecutableNotebook": {
        "excerpt": [
            "https://raw.githubusercontent.com/LinkedEarth/Queries/master/Querying%20the%20LinkedEarth%20Wiki.ipynb",
            "https://raw.githubusercontent.com/LinkedEarth/Queries/master/.ipynb_checkpoints/Querying%20the%20LinkedEarth%20Wiki-checkpoint.ipynb"
        ],
        "confidence": [
            1.0
        ],
        "technique": "File Exploration",
        "format": "jupyter notebook"
    },
    "releases": {
        "excerpt": [
            {
                "tagName": "v1.0",
                "name": "queries_release",
                "authorName": "LinkedEarth",
                "authorType": "Organization",
                "body": "Original release of the Jupyter Notebook to query the LinkedEarth Wiki",
                "tarballUrl": "https://api.github.com/repos/LinkedEarth/Queries/tarball/v1.0",
                "zipballUrl": "https://api.github.com/repos/LinkedEarth/Queries/zipball/v1.0",
                "htmlUrl": "https://github.com/LinkedEarth/Queries/releases/tag/v1.0",
                "url": "https://api.github.com/repos/LinkedEarth/Queries/releases/9395549",
                "dateCreated": "2017-09-01T04:03:39Z",
                "datePublished": "2018-01-26T02:13:31Z"
            }
        ],
        "confidence": [
            1.0
        ],
        "technique": "GitHub API"
    }
}