{
    "description": [
        {
            "excerpt": "The goal of actR \u2013 the Abupt Change Toolkit in R \u2013 is to streamline\nabrupt change detection, signficance testing, uncertainty quantification\nand visualization for paleogeoscientific datasets. This project is\nfunded by the Belmont Forum as part of the \u201cAbrupt Changes in Climate\nand Ecosystems - Data & e-Infrastructure (ACCEDE)\u201d project, as part of\nthe Science-driven e-Infrastructure Innovation program. \n",
            "confidence": [
                [
                    0.9975364299595698
                ]
            ],
            "technique": "Supervised classification",
            "originalHeader": "actR"
        },
        {
            "excerpt": "actR, like most software, benefits greatly from standardized data\ninputs. To achieve this, actR works best with LiPD data, although users\ncan also directly input data as matrices or vectors and metadata in R.\nEither way, the inputs are passed through the `prepareInput()` function,\nwhich helps to standardize the input for subsequent analysis, and\nincludes options for simple data preprocessing for methods as needed.\n \n",
            "confidence": [
                [
                    0.9829776772108743
                ]
            ],
            "technique": "Supervised classification",
            "originalHeader": "Data input",
            "parentHeader": [
                "actR",
                "actR Design and Philososphy"
            ]
        },
        {
            "excerpt": "actR equips single site, time series based change detection with error\npropagation and robust null hypothesis testing. Change detection\nalgorithms are often highly parametric, and don\u2019t consider many\nuncertainties that are relevant to paleogeoscientific data. There are\ntwo key processes to achieve this. \nThe second, is robust null hypothesis testing, using the function\n`testNullHypothesis()`, which generates surrogate data based on the\ncharacteristics of the input data, and the repeats the entire analysis\n(including error propagation) many times. This lets the user assess how\nplausible surrogate data perform given the data, algorithm, and\nparametric choices, and determine whether any detected changes are\nrobust to those sources of uncertainty and bias. \n",
            "confidence": [
                [
                    0.9271685540636293,
                    0.995372664158473
                ]
            ],
            "technique": "Supervised classification",
            "originalHeader": "Change detection - single site",
            "parentHeader": [
                "actR",
                "actR Design and Philososphy"
            ]
        },
        {
            "excerpt": "Development repository for the abrupt change toolkit in R. ",
            "confidence": [
                1.0
            ],
            "technique": "GitHub API"
        }
    ],
    "citation": [
        {
            "excerpt": "[![lifecycle](https://img.shields.io/badge/lifecycle-experimental-orange.svg)](https://www.tidyverse.org/lifecycle/#experimental)\n[![NSF-1948926](https://img.shields.io/badge/NSF-1929460-blue.svg)](https://nsf.gov/awardsearch/showAward?AWD_ID=1929460)\n[![Belmont SEI\nACCEDE](https://img.shields.io/badge/Belmont%20SEI-ACCEDE-blue)](https://www.belmontforum.org/archives/projects/abrupt-change-in-climate-and-ecosystems-where-are-the-tipping-points)\n[![R build\nstatus](https://github.com/LinkedEarth/actR/workflows/R-CMD-check/badge.svg)](https://github.com/LinkedEarth/actR/actions)\n<!-- badges: end --> \n",
            "confidence": [
                [
                    0.9981371943840696
                ]
            ],
            "technique": "Supervised classification",
            "originalHeader": "actR"
        }
    ],
    "installation": [
        {
            "originalHeader": "Installation",
            "excerpt": "You can install the development version from\n[GitHub](https://github.com/) with:\n\n``` r\n# install.packages(\"remotes\")\nremotes::install_github(\"LinkedEarth/actR\")\n```\n",
            "parentHeader": [
                "actR"
            ],
            "confidence": [
                1.0
            ],
            "technique": "Header extraction"
        },
        {
            "originalHeader": "Contributor guide",
            "excerpt": "We\u2019re ready for interested people to start contributing Abrupt Change\nmethods to actR! [Check out the Contribrutor\u2019s\nGuide!](contributor_guide.html)\n",
            "parentHeader": [
                "actR"
            ],
            "confidence": [
                1.0
            ],
            "technique": "Header extraction"
        }
    ],
    "longTitle": {
        "excerpt": "actR",
        "confidence": [
            1.0
        ],
        "technique": "Regular expression"
    },
    "image": [
        {
            "excerpt": "https://raw.githubusercontent.com/LinkedEarth/actR/master/SummarizeResultsDiagram.png",
            "confidence": [
                1.0
            ],
            "technique": "Regular expression"
        },
        {
            "excerpt": "https://raw.githubusercontent.com/LinkedEarth/actR/master/ChangeDetectionDiagram.png",
            "confidence": [
                1.0
            ],
            "technique": "Regular expression"
        },
        {
            "excerpt": "https://raw.githubusercontent.com/LinkedEarth/actR/master/DataInputDiagram.png",
            "confidence": [
                1.0
            ],
            "technique": "Regular expression"
        }
    ],
    "contributor": [
        {
            "originalHeader": "Contributor guide",
            "excerpt": "We\u2019re ready for interested people to start contributing Abrupt Change\nmethods to actR! [Check out the Contribrutor\u2019s\nGuide!](contributor_guide.html)\n",
            "parentHeader": [
                "actR"
            ],
            "confidence": [
                1.0
            ],
            "technique": "Header extraction"
        }
    ],
    "codeRepository": {
        "excerpt": "https://github.com/LinkedEarth/actR",
        "confidence": [
            1.0
        ],
        "technique": "GitHub API"
    },
    "owner": {
        "excerpt": "LinkedEarth",
        "confidence": [
            1.0
        ],
        "technique": "GitHub API"
    },
    "ownerType": {
        "excerpt": "Organization",
        "confidence": [
            1.0
        ],
        "technique": "GitHub API"
    },
    "dateCreated": {
        "excerpt": "2021-04-18T21:34:02Z",
        "confidence": [
            1.0
        ],
        "technique": "GitHub API"
    },
    "dateModified": {
        "excerpt": "2022-02-25T01:17:20Z",
        "confidence": [
            1.0
        ],
        "technique": "GitHub API"
    },
    "license": {
        "excerpt": {
            "name": "Other",
            "url": "https://raw.githubusercontent.com/LinkedEarth/actR/main/LICENSE"
        },
        "confidence": [
            1.0
        ],
        "technique": "GitHub API"
    },
    "name": {
        "excerpt": "actR",
        "confidence": [
            1.0
        ],
        "technique": "GitHub API"
    },
    "fullName": {
        "excerpt": "LinkedEarth/actR",
        "confidence": [
            1.0
        ],
        "technique": "GitHub API"
    },
    "issueTracker": {
        "excerpt": "https://api.github.com/repos/LinkedEarth/actR/issues",
        "confidence": [
            1.0
        ],
        "technique": "GitHub API"
    },
    "forksUrl": {
        "excerpt": "https://api.github.com/repos/LinkedEarth/actR/forks",
        "confidence": [
            1.0
        ],
        "technique": "GitHub API"
    },
    "downloadUrl": {
        "excerpt": "https://github.com/LinkedEarth/actR/releases",
        "confidence": [
            1.0
        ],
        "technique": "GitHub API"
    },
    "stargazersCount": {
        "excerpt": {
            "count": 3,
            "date": "Wed, 18 May 2022 21:53:41 GMT"
        },
        "confidence": [
            1.0
        ],
        "technique": "GitHub API"
    },
    "forksCount": {
        "excerpt": {
            "count": 0,
            "date": "Wed, 18 May 2022 21:53:41 GMT"
        },
        "confidence": [
            1.0
        ],
        "technique": "GitHub API"
    },
    "languages": {
        "excerpt": [
            "HTML",
            "R"
        ],
        "confidence": [
            1.0
        ],
        "technique": "GitHub API"
    },
    "licenseText": {
        "excerpt": "b'YEAR: 2021\\nCOPYRIGHT HOLDER: Nicholas McKay\\n'",
        "confidence": [
            1.0
        ],
        "technique": "File Exploration"
    },
    "readmeUrl": {
        "excerpt": "https://raw.githubusercontent.com/LinkedEarth/actR/main/README.md",
        "confidence": [
            1.0
        ],
        "technique": "GitHub API"
    },
    "hasDocumentation": {
        "excerpt": [
            "https://github.com/LinkedEarth/actR/tree/main/docs"
        ],
        "confidence": [
            1.0
        ],
        "technique": "File Exploration"
    }
}