{
    "description": [
        {
            "excerpt": "LiPD is short for Linked PaleoData. LiPD files are the data standard for storing and exchanging data amongst paleoclimate scientists. The package will help you convert your existing paleoclimate observations into LiPD files that can be shared and analyzed. \nOrganizing and using your observation data can be time  consuming. Our goal is to let you focus on more important tasks than data wrangling. \n",
            "confidence": [
                [
                    0.9153099816672607,
                    0.9843961630520366
                ]
            ],
            "technique": "Supervised classification",
            "originalHeader": "What is it?"
        },
        {
            "excerpt": "All things related to Lipd.net and the LiPD Playground",
            "confidence": [
                1.0
            ],
            "technique": "GitHub API"
        }
    ],
    "citation": [
        {
            "originalHeader": "How to Cite this code",
            "excerpt": "<a href=\"https://zenodo.org/badge/latestdoi/25707644\"><img src=\"https://zenodo.org/badge/25707644.svg\" alt=\"DOI\"></a>\n\nUse this link to visit the Zenodo website. It provides citation information in many popular formats.\n\n------\n",
            "confidence": [
                1.0
            ],
            "technique": "Header extraction"
        }
    ],
    "image": [
        {
            "excerpt": "https://www.dropbox.com/s/kgeyec2b8cft5mo/lipd4.png?raw=1",
            "confidence": [
                1.0
            ],
            "technique": "Regular expression"
        }
    ],
    "contact": [
        {
            "originalHeader": "Contact",
            "excerpt": "If you are having issues, please report them here on github in the issue tracker.\n\n\n------\n\n",
            "confidence": [
                1.0
            ],
            "technique": "Header extraction"
        }
    ],
    "license": [
        {
            "originalHeader": "License",
            "excerpt": "The project is licensed under the [GNU Public License](https://github.com/nickmckay/LiPD-utilities/blob/master/Python/LICENSE).\n",
            "confidence": [
                1.0
            ],
            "technique": "Header extraction"
        }
    ],
    "codeRepository": {
        "excerpt": "https://github.com/LinkedEarth/lipdnet",
        "confidence": [
            1.0
        ],
        "technique": "GitHub API"
    },
    "owner": {
        "excerpt": "LinkedEarth",
        "confidence": [
            1.0
        ],
        "technique": "GitHub API"
    },
    "ownerType": {
        "excerpt": "Organization",
        "confidence": [
            1.0
        ],
        "technique": "GitHub API"
    },
    "dateCreated": {
        "excerpt": "2020-02-05T22:45:08Z",
        "confidence": [
            1.0
        ],
        "technique": "GitHub API"
    },
    "dateModified": {
        "excerpt": "2020-09-09T23:58:23Z",
        "confidence": [
            1.0
        ],
        "technique": "GitHub API"
    },
    "name": {
        "excerpt": "lipdnet",
        "confidence": [
            1.0
        ],
        "technique": "GitHub API"
    },
    "fullName": {
        "excerpt": "LinkedEarth/lipdnet",
        "confidence": [
            1.0
        ],
        "technique": "GitHub API"
    },
    "issueTracker": {
        "excerpt": "https://api.github.com/repos/LinkedEarth/lipdnet/issues",
        "confidence": [
            1.0
        ],
        "technique": "GitHub API"
    },
    "forksUrl": {
        "excerpt": "https://api.github.com/repos/LinkedEarth/lipdnet/forks",
        "confidence": [
            1.0
        ],
        "technique": "GitHub API"
    },
    "downloadUrl": {
        "excerpt": "https://github.com/LinkedEarth/lipdnet/releases",
        "confidence": [
            1.0
        ],
        "technique": "GitHub API"
    },
    "stargazersCount": {
        "excerpt": {
            "count": 0,
            "date": "Wed, 18 May 2022 21:53:00 GMT"
        },
        "confidence": [
            1.0
        ],
        "technique": "GitHub API"
    },
    "forksCount": {
        "excerpt": {
            "count": 0,
            "date": "Wed, 18 May 2022 21:53:00 GMT"
        },
        "confidence": [
            1.0
        ],
        "technique": "GitHub API"
    },
    "languages": {
        "excerpt": [
            "JavaScript",
            "CSS",
            "HTML",
            "PHP"
        ],
        "confidence": [
            1.0
        ],
        "technique": "GitHub API"
    },
    "readmeUrl": {
        "excerpt": "https://raw.githubusercontent.com/LinkedEarth/lipdnet/master/README.md",
        "confidence": [
            1.0
        ],
        "technique": "GitHub API"
    },
    "licenseText": {
        "excerpt": "b'The MIT License (MIT)\\n\\nCopyright (c) Sindre Sorhus &#115;&#105;&#110;&#100;&#114;&#101;&#115;&#111;&#114;&#104;&#117;&#115;&#64;&#103;&#109;&#97;&#105;&#108;&#46;&#99;&#111;&#109; (sindresorhus.com)\\n\\nPermission is hereby granted, free of charge, to any person obtaining a copy\\nof this software and associated documentation files (the \"Software\"), to deal\\nin the Software without restriction, including without limitation the rights\\nto use, copy, modify, merge, publish, distribute, sublicense, and/or sell\\ncopies of the Software, and to permit persons to whom the Software is\\nfurnished to do so, subject to the following conditions:\\n\\nThe above copyright notice and this permission notice shall be included in\\nall copies or substantial portions of the Software.\\n\\nTHE SOFTWARE IS PROVIDED \"AS IS\", WITHOUT WARRANTY OF ANY KIND, EXPRESS OR\\nIMPLIED, INCLUDING BUT NOT LIMITED TO THE WARRANTIES OF MERCHANTABILITY,\\nFITNESS FOR A PARTICULAR PURPOSE AND NONINFRINGEMENT. IN NO EVENT SHALL THE\\nAUTHORS OR COPYRIGHT HOLDERS BE LIABLE FOR ANY CLAIM, DAMAGES OR OTHER\\nLIABILITY, WHETHER IN AN ACTION OF CONTRACT, TORT OR OTHERWISE, ARISING FROM,\\nOUT OF OR IN CONNECTION WITH THE SOFTWARE OR THE USE OR OTHER DEALINGS IN\\nTHE SOFTWARE.\\n'",
        "confidence": [
            1.0
        ],
        "technique": "File Exploration"
    },
    "contributors": {
        "excerpt": "Authors, sorted by whether or not they are me\nIsaac Z. Schlueter &#105;&#64;&#105;&#122;&#115;&#46;&#109;&#101;\nBrian Cottingham &#115;&#112;&#105;&#102;&#102;&#121;&#116;&#101;&#99;&#104;&#64;&#103;&#109;&#97;&#105;&#108;&#46;&#99;&#111;&#109;\nCarlos Brito Lage &#99;&#97;&#114;&#108;&#111;&#115;&#64;&#99;&#97;&#114;&#108;&#111;&#115;&#108;&#97;&#103;&#101;&#46;&#110;&#101;&#116;\nJesse Dailey &#106;&#101;&#115;&#115;&#101;&#46;&#100;&#97;&#105;&#108;&#101;&#121;&#64;&#103;&#109;&#97;&#105;&#108;&#46;&#99;&#111;&#109;\nKevin O'Hara &#107;&#101;&#118;&#105;&#110;&#111;&#104;&#97;&#114;&#97;&#56;&#48;&#64;&#103;&#109;&#97;&#105;&#108;&#46;&#99;&#111;&#109;\nMarco Rogers &#109;&#97;&#114;&#99;&#111;&#46;&#114;&#111;&#103;&#101;&#114;&#115;&#64;&#103;&#109;&#97;&#105;&#108;&#46;&#99;&#111;&#109;\nMark Cavage &#109;&#99;&#97;&#118;&#97;&#103;&#101;&#64;&#103;&#109;&#97;&#105;&#108;&#46;&#99;&#111;&#109;\nMarko Mikulicic &#109;&#97;&#114;&#107;&#111;&#46;&#109;&#105;&#107;&#117;&#108;&#105;&#99;&#105;&#99;&#64;&#105;&#115;&#116;&#105;&#46;&#99;&#110;&#114;&#46;&#105;&#116;\nNathan Rajlich &#110;&#97;&#116;&#104;&#97;&#110;&#64;&#116;&#111;&#111;&#116;&#97;&#108;&#108;&#110;&#97;&#116;&#101;&#46;&#110;&#101;&#116;\nSatheesh Natesan &#115;&#110;&#97;&#116;&#101;&#115;&#104;&#97;&#110;&#64;&#109;&#121;&#115;&#112;&#97;&#99;&#101;&#45;&#105;&#110;&#99;&#46;&#99;&#111;&#109;\nTrent Mick &#116;&#114;&#101;&#110;&#116;&#109;&#64;&#103;&#109;&#97;&#105;&#108;&#46;&#99;&#111;&#109;\nashleybrener &#97;&#115;&#104;&#108;&#101;&#121;&#64;&#115;&#116;&#97;&#114;&#108;&#111;&#103;&#105;&#107;&#46;&#99;&#111;&#109;\nn4kz &#110;&#52;&#107;&#122;&#64;&#110;&#52;&#107;&#122;&#46;&#99;&#111;&#109;",
        "confidence": [
            1.0
        ],
        "technique": "File Exploration"
    },
    "contributingGuidelines": {
        "excerpt": "Please view our hapijs contributing guide.",
        "confidence": [
            1.0
        ],
        "technique": "File Exploration"
    },
    "codeOfConduct": {
        "excerpt": "https://raw.githubusercontent.com/LinkedEarth/lipdnet/master/CODE_OF_CONDUCT.md",
        "confidence": [
            1.0
        ],
        "technique": "File Exploration"
    },
    "hasBuildFile": [
        {
            "excerpt": [
                "https://raw.githubusercontent.com/LinkedEarth/lipdnet/master/website/node_modules/nodemon/Dockerfile"
            ],
            "confidence": [
                1.0
            ],
            "technique": "File Exploration",
            "format": "Docker file"
        }
    ],
    "hasScriptFile": {
        "excerpt": [
            "https://raw.githubusercontent.com/LinkedEarth/lipdnet/master/website/node_modules/browserify/example/source_maps/build.sh",
            "https://raw.githubusercontent.com/LinkedEarth/lipdnet/master/website/node_modules/browserify/example/multiple_bundles/build.sh",
            "https://raw.githubusercontent.com/LinkedEarth/lipdnet/master/website/node_modules/constantinople/node_modules/acorn/bin/update_authors.sh",
            "https://raw.githubusercontent.com/LinkedEarth/lipdnet/master/website/node_modules/constants-browserify/build.sh",
            "https://raw.githubusercontent.com/LinkedEarth/lipdnet/master/website/node_modules/syntax-error/node_modules/acorn/bin/update_authors.sh",
            "https://raw.githubusercontent.com/LinkedEarth/lipdnet/master/website/node_modules/gulp/node_modules/gulp-util/node_modules/dateformat/test/weekofyear/test_weekofyear.sh",
            "https://raw.githubusercontent.com/LinkedEarth/lipdnet/master/website/node_modules/bower/node_modules/fstream-ignore/node_modules/minimatch/node_modules/brace-expansion/test/generate.sh",
            "https://raw.githubusercontent.com/LinkedEarth/lipdnet/master/website/node_modules/bower/node_modules/rimraf/node_modules/glob/node_modules/minimatch/node_modules/brace-expansion/test/generate.sh",
            "https://raw.githubusercontent.com/LinkedEarth/lipdnet/master/website/node_modules/bower/node_modules/configstore/node_modules/uuid/benchmark/bench.sh",
            "https://raw.githubusercontent.com/LinkedEarth/lipdnet/master/website/node_modules/bower/node_modules/bower-registry-client/node_modules/rimraf/test/setup.sh",
            "https://raw.githubusercontent.com/LinkedEarth/lipdnet/master/website/node_modules/bower/node_modules/bower-registry-client/node_modules/rimraf/test/run.sh",
            "https://raw.githubusercontent.com/LinkedEarth/lipdnet/master/website/node_modules/bower/node_modules/bower-registry-client/node_modules/request/release.sh",
            "https://raw.githubusercontent.com/LinkedEarth/lipdnet/master/website/node_modules/bower/node_modules/bower-registry-client/node_modules/request/node_modules/node-uuid/benchmark/bench.sh",
            "https://raw.githubusercontent.com/LinkedEarth/lipdnet/master/website/node_modules/bower/node_modules/request/release.sh",
            "https://raw.githubusercontent.com/LinkedEarth/lipdnet/master/website/node_modules/bower/node_modules/request/node_modules/node-uuid/benchmark/bench.sh",
            "https://raw.githubusercontent.com/LinkedEarth/lipdnet/master/website/node_modules/bower/node_modules/glob/node_modules/minimatch/node_modules/brace-expansion/test/generate.sh",
            "https://raw.githubusercontent.com/LinkedEarth/lipdnet/master/website/node_modules/bower/node_modules/tmp/test-all.sh",
            "https://raw.githubusercontent.com/LinkedEarth/lipdnet/master/website/node_modules/acorn/bin/update_authors.sh",
            "https://raw.githubusercontent.com/LinkedEarth/lipdnet/master/website/node_modules/acorn/bin/prepublish.sh",
            "https://raw.githubusercontent.com/LinkedEarth/lipdnet/master/website/node_modules/timers-browserify/example/enroll/build.sh",
            "https://raw.githubusercontent.com/LinkedEarth/lipdnet/master/website/node_modules/insert-module-globals/bench/run.sh",
            "https://raw.githubusercontent.com/LinkedEarth/lipdnet/master/website/node_modules/acorn-globals/node_modules/acorn/bin/update_authors.sh",
            "https://raw.githubusercontent.com/LinkedEarth/lipdnet/master/website/node_modules/walkdir/test/comparison/install_test_deps.sh",
            "https://raw.githubusercontent.com/LinkedEarth/lipdnet/master/website/node_modules/mongodb/test_boot/boot.sh",
            "https://raw.githubusercontent.com/LinkedEarth/lipdnet/master/website/node_modules/detective/node_modules/acorn/bin/update_authors.sh",
            "https://raw.githubusercontent.com/LinkedEarth/lipdnet/master/website/node_modules/nodemon/node_modules/update-notifier/node_modules/configstore/node_modules/uuid/benchmark/bench.sh"
        ],
        "confidence": [
            1.0
        ],
        "technique": "File Exploration"
    }
}